warning: feature `core_intrinsics` is declared but not used
  --> /home/agent/tidb/expression-unification/tikv/components/tikv_alloc/src/lib.rs:88:12
   |
88 | #![feature(core_intrinsics)]
   |            ^^^^^^^^^^^^^^^
   |
   = note: `#[warn(unused_features)]` (part of `#[warn(unused)]`) on by default

warning: `tikv_alloc` (lib) generated 1 warning
warning: use of deprecated macro `::slog::slog_debug`: Use fully qualified macro slog::warn!(...) instead
   --> /home/agent/tidb/expression-unification/tikv/components/tikv_util/src/log.rs:77:5
    |
 77 |     ::slog_global::debug!($($args)+)
    |     ^^^^^^^^^^^^^^^^^^^^^^^^^^^^^^^^
    |
   ::: /home/agent/tidb/expression-unification/tikv/components/tikv_util/src/codec/bytes.rs:112:13
    |
112 |             debug!("failed to decode bytes' length: {:?}", e);
    |             ------------------------------------------------- in this macro invocation
    |
    = note: `#[warn(deprecated)]` on by default
    = note: this warning originates in the macro `::slog_global::debug` which comes from the expansion of the macro `debug` (in Nightly builds, run with -Z macro-backtrace for more info)

warning: use of deprecated macro `::slog::slog_info`: Use fully qualified macro slog::info!(...) instead
    --> /home/agent/tidb/expression-unification/tikv/components/tikv_util/src/log.rs:71:5
     |
  71 |     ::slog_global::info!($($args)+)
     |     ^^^^^^^^^^^^^^^^^^^^^^^^^^^^^^^
     |
    ::: /home/agent/tidb/expression-unification/tikv/components/tikv_util/src/config.rs:1050:9
     |
1050 |         info!("kernel parameters"; "param" => param, "value" => got);
     |         ------------------------------------------------------------ in this macro invocation
     |
     = note: this warning originates in the macro `::slog_global::info` which comes from the expansion of the macro `info` (in Nightly builds, run with -Z macro-backtrace for more info)

warning: use of deprecated macro `::slog::slog_info`: Use fully qualified macro slog::info!(...) instead
    --> /home/agent/tidb/expression-unification/tikv/components/tikv_util/src/log.rs:71:5
     |
  71 |     ::slog_global::info!($($args)+)
     |     ^^^^^^^^^^^^^^^^^^^^^^^^^^^^^^^
     |
    ::: /home/agent/tidb/expression-unification/tikv/components/tikv_util/src/config.rs:1237:9
     |
1237 |         info!("data dir"; "data_path" => data_path, "mount_fs" => ?fs_info);
     |         ------------------------------------------------------------------- in this macro invocation
     |
     = note: this warning originates in the macro `::slog_global::info` which comes from the expansion of the macro `info` (in Nightly builds, run with -Z macro-backtrace for more info)

warning: use of deprecated macro `::slog::slog_warn`: Use fully qualified macro slog::warn!(...) instead
    --> /home/agent/tidb/expression-unification/tikv/components/tikv_util/src/log.rs:65:5
     |
  65 |     ::slog_global::warn!($($args)+)
     |     ^^^^^^^^^^^^^^^^^^^^^^^^^^^^^^^
     |
    ::: /home/agent/tidb/expression-unification/tikv/components/tikv_util/src/config.rs:1240:13
     |
1240 |             warn!("not on SSD device"; "data_path" => data_path);
     |             ---------------------------------------------------- in this macro invocation
     |
     = note: this warning originates in the macro `::slog_global::warn` which comes from the expansion of the macro `warn` (in Nightly builds, run with -Z macro-backtrace for more info)

warning: use of deprecated macro `::slog::slog_warn`: Use fully qualified macro slog::warn!(...) instead
    --> /home/agent/tidb/expression-unification/tikv/components/tikv_util/src/log.rs:65:5
     |
  65 |       ::slog_global::warn!($($args)+)
     |       ^^^^^^^^^^^^^^^^^^^^^^^^^^^^^^^
     |
    ::: /home/agent/tidb/expression-unification/tikv/components/tikv_util/src/config.rs:1494:21
     |
1494 | /                     slow_log!(
1495 | |                         t.saturating_elapsed(),
1496 | |                         "{} tracker get updated value",
1497 | |                         self.tag
1498 | |                     );
     | |_____________________- in this macro invocation
     |
     = note: this warning originates in the macro `::slog_global::warn` which comes from the expansion of the macro `slow_log` (in Nightly builds, run with -Z macro-backtrace for more info)

warning: use of deprecated macro `::slog::slog_info`: Use fully qualified macro slog::info!(...) instead
    --> /home/agent/tidb/expression-unification/tikv/components/tikv_util/src/log.rs:71:5
     |
  71 |     ::slog_global::info!($($args)+)
     |     ^^^^^^^^^^^^^^^^^^^^^^^^^^^^^^^
     |
    ::: /home/agent/tidb/expression-unification/tikv/components/tikv_util/src/config.rs:1897:17
     |
1897 |                 info!("Removing directory"; "path" => %path.display());
     |                 ------------------------------------------------------ in this macro invocation
     |
     = note: this warning originates in the macro `::slog_global::info` which comes from the expansion of the macro `info` (in Nightly builds, run with -Z macro-backtrace for more info)

warning: use of deprecated macro `::slog::slog_info`: Use fully qualified macro slog::info!(...) instead
    --> /home/agent/tidb/expression-unification/tikv/components/tikv_util/src/log.rs:71:5
     |
  71 |     ::slog_global::info!($($args)+)
     |     ^^^^^^^^^^^^^^^^^^^^^^^^^^^^^^^
     |
    ::: /home/agent/tidb/expression-unification/tikv/components/tikv_util/src/config.rs:1902:17
     |
1902 |                 info!("Removing file"; "path" => %path.display());
     |                 ------------------------------------------------- in this macro invocation
     |
     = note: this warning originates in the macro `::slog_global::info` which comes from the expansion of the macro `info` (in Nightly builds, run with -Z macro-backtrace for more info)

warning: use of deprecated macro `::slog::slog_info`: Use fully qualified macro slog::info!(...) instead
    --> /home/agent/tidb/expression-unification/tikv/components/tikv_util/src/log.rs:71:5
     |
  71 |     ::slog_global::info!($($args)+)
     |     ^^^^^^^^^^^^^^^^^^^^^^^^^^^^^^^
     |
    ::: /home/agent/tidb/expression-unification/tikv/components/tikv_util/src/config.rs:1912:13
     |
1912 |             info!("Path not exists"; "path" => %remove_path.display());
     |             ---------------------------------------------------------- in this macro invocation
     |
     = note: this warning originates in the macro `::slog_global::info` which comes from the expansion of the macro `info` (in Nightly builds, run with -Z macro-backtrace for more info)

warning: use of deprecated macro `::slog::slog_info`: Use fully qualified macro slog::info!(...) instead
    --> /home/agent/tidb/expression-unification/tikv/components/tikv_util/src/log.rs:71:5
     |
  71 |     ::slog_global::info!($($args)+)
     |     ^^^^^^^^^^^^^^^^^^^^^^^^^^^^^^^
     |
    ::: /home/agent/tidb/expression-unification/tikv/components/tikv_util/src/config.rs:1916:13
     |
1916 |             info!("Path is not a directory, so remove directly"; "path" => %remove_path.display());
     |             -------------------------------------------------------------------------------------- in this macro invocation
     |
     = note: this warning originates in the macro `::slog_global::info` which comes from the expansion of the macro `info` (in Nightly builds, run with -Z macro-backtrace for more info)

warning: use of deprecated macro `::slog::slog_info`: Use fully qualified macro slog::info!(...) instead
    --> /home/agent/tidb/expression-unification/tikv/components/tikv_util/src/log.rs:71:5
     |
  71 |     ::slog_global::info!($($args)+)
     |     ^^^^^^^^^^^^^^^^^^^^^^^^^^^^^^^
     |
    ::: /home/agent/tidb/expression-unification/tikv/components/tikv_util/src/config.rs:1921:13
     |
1921 | ...   info!("Removing directory as retain path is not under remove path"; "retain path" => %retain_path.display(), "remove path" => %remove_path.display());
     |       ----------------------------------------------------------------------------------------------------------------------------------------------------- in this macro invocation
     |
     = note: this warning originates in the macro `::slog_global::info` which comes from the expansion of the macro `info` (in Nightly builds, run with -Z macro-backtrace for more info)

warning: use of deprecated macro `::slog::slog_warn`: Use fully qualified macro slog::warn!(...) instead
  --> /home/agent/tidb/expression-unification/tikv/components/tikv_util/src/log.rs:65:5
   |
65 |     ::slog_global::warn!($($args)+)
   |     ^^^^^^^^^^^^^^^^^^^^^^^^^^^^^^^
   |
  ::: /home/agent/tidb/expression-unification/tikv/components/tikv_util/src/future.rs:34:13
   |
34 |             warn!("paired_future_callback: Failed to send result to the future rx, discarded.");
   |             ----------------------------------------------------------------------------------- in this macro invocation
   |
   = note: this warning originates in the macro `::slog_global::warn` which comes from the expansion of the macro `warn` (in Nightly builds, run with -Z macro-backtrace for more info)

warning: use of deprecated macro `::slog::slog_warn`: Use fully qualified macro slog::warn!(...) instead
  --> /home/agent/tidb/expression-unification/tikv/components/tikv_util/src/log.rs:65:5
   |
65 |     ::slog_global::warn!($($args)+)
   |     ^^^^^^^^^^^^^^^^^^^^^^^^^^^^^^^
   |
  ::: /home/agent/tidb/expression-unification/tikv/components/tikv_util/src/future.rs:51:17
   |
51 |                 warn!("paired_future_callback: Failed to send result to the future rx, discarded.");
   |                 ----------------------------------------------------------------------------------- in this macro invocation
   |
   = note: this warning originates in the macro `::slog_global::warn` which comes from the expansion of the macro `warn` (in Nightly builds, run with -Z macro-backtrace for more info)

warning: use of deprecated macro `::slog::slog_warn`: Use fully qualified macro slog::warn!(...) instead
  --> /home/agent/tidb/expression-unification/tikv/components/tikv_util/src/log.rs:65:5
   |
65 |     ::slog_global::warn!($($args)+)
   |     ^^^^^^^^^^^^^^^^^^^^^^^^^^^^^^^
   |
  ::: /home/agent/tidb/expression-unification/tikv/components/tikv_util/src/future.rs:77:22
   |
77 |         .map_err(|e| warn!("stream with buffer send error"; "error" => %e))
   |                      ----------------------------------------------------- in this macro invocation
   |
   = note: this warning originates in the macro `::slog_global::warn` which comes from the expansion of the macro `warn` (in Nightly builds, run with -Z macro-backtrace for more info)

warning: use of deprecated macro `::slog::slog_error`: Use fully qualified macro slog::crit!(...) instead
   --> /home/agent/tidb/expression-unification/tikv/components/tikv_util/src/log.rs:35:9
    |
 35 |         ::slog_global::error!($($args)+)
    |         ^^^^^^^^^^^^^^^^^^^^^^^^^^^^^^^^
    |
   ::: /home/agent/tidb/expression-unification/tikv/components/tikv_util/src/logger/file_log.rs:294:37
    |
294 |                 .unwrap_or_else(|e| error!("achieve log: {:?} failed, err: {}", log.f.path(), e));
    |                                     ------------------------------------------------------------ in this macro invocation
    |
    = note: this warning originates in the macro `::slog_global::error` which comes from the expansion of the macro `error` (in Nightly builds, run with -Z macro-backtrace for more info)

warning: use of deprecated macro `slog_o`: Use fully qualified macro slog::o!(...) instead
   --> /home/agent/tidb/expression-unification/tikv/components/tikv_util/src/logger/mod.rs:109:36
    |
109 |         (slog::Logger::root(drain, slog_o!()), Some(guard))
    |                                    ^^^^^^

warning: use of deprecated macro `slog_o`: Use fully qualified macro slog::o!(...) instead
   --> /home/agent/tidb/expression-unification/tikv/components/tikv_util/src/logger/mod.rs:113:36
    |
113 |         (slog::Logger::root(drain, slog_o!()), None)
    |                                    ^^^^^^

warning: use of deprecated macro `slog_o`: Use fully qualified macro slog::o!(...) instead
   --> /home/agent/tidb/expression-unification/tikv/components/tikv_util/src/logger/mod.rs:237:24
    |
237 |         .add_key_value(slog_o!(
    |                        ^^^^^^

warning: use of deprecated macro `slog_o`: Use fully qualified macro slog::o!(...) instead
   --> /home/agent/tidb/expression-unification/tikv/components/tikv_util/src/logger/mod.rs:251:31
    |
251 |         builder.add_key_value(slog_o!("time" => FnValue(|_| chrono::Local::now().format(TIMESTAMP_FORMAT).to_string()),)).build()
    |                               ^^^^^^

warning: use of deprecated macro `slog::slog_crit`: Use fully qualified macro slog::crit!(...) instead
   --> /home/agent/tidb/expression-unification/tikv/components/tikv_util/src/logger/mod.rs:452:13
    |
452 |             slog::slog_crit!(
    |             ^^^^^^^^^^^^^^^

warning: use of deprecated macro `slog_o`: Use fully qualified macro slog::o!(...) instead
   --> /home/agent/tidb/expression-unification/tikv/components/tikv_util/src/logger/mod.rs:451:66
    |
451 |             let fatal_logger = slog::Logger::root(fatal_drainer, slog_o!());
    |                                                                  ^^^^^^

warning: use of deprecated macro `::slog::slog_warn`: Use fully qualified macro slog::warn!(...) instead
   --> /home/agent/tidb/expression-unification/tikv/components/tikv_util/src/log.rs:65:5
    |
 65 |     ::slog_global::warn!($($args)+)
    |     ^^^^^^^^^^^^^^^^^^^^^^^^^^^^^^^
    |
   ::: /home/agent/tidb/expression-unification/tikv/components/tikv_util/src/memory.rs:286:13
    |
286 |             warn!("bytes size exceeds the max memory alloc size, force alloc is ignored"; "bytes" => bytes);
    |             ----------------------------------------------------------------------------------------------- in this macro invocation
    |
    = note: this warning originates in the macro `::slog_global::warn` which comes from the expansion of the macro `warn` (in Nightly builds, run with -Z macro-backtrace for more info)

warning: use of deprecated macro `::slog::slog_warn`: Use fully qualified macro slog::warn!(...) instead
   --> /home/agent/tidb/expression-unification/tikv/components/tikv_util/src/log.rs:65:5
    |
 65 |     ::slog_global::warn!($($args)+)
    |     ^^^^^^^^^^^^^^^^^^^^^^^^^^^^^^^
    |
   ::: /home/agent/tidb/expression-unification/tikv/components/tikv_util/src/memory.rs:311:13
    |
311 |             warn!("bytes size exceeds the max memory alloc size, free is ignored"; "bytes" => bytes);
    |             ---------------------------------------------------------------------------------------- in this macro invocation
    |
    = note: this warning originates in the macro `::slog_global::warn` which comes from the expansion of the macro `warn` (in Nightly builds, run with -Z macro-backtrace for more info)

warning: use of deprecated macro `::slog::slog_warn`: Use fully qualified macro slog::warn!(...) instead
  --> /home/agent/tidb/expression-unification/tikv/components/tikv_util/src/log.rs:65:5
   |
65 |     ::slog_global::warn!($($args)+)
   |     ^^^^^^^^^^^^^^^^^^^^^^^^^^^^^^^
   |
  ::: /home/agent/tidb/expression-unification/tikv/components/tikv_util/src/metrics/mod.rs:50:13
   |
50 |             warn!("prometheus encoding error"; "err" => ?e);
   |             ----------------------------------------------- in this macro invocation
   |
   = note: this warning originates in the macro `::slog_global::warn` which comes from the expansion of the macro `warn` (in Nightly builds, run with -Z macro-backtrace for more info)

warning: use of deprecated macro `::slog::slog_warn`: Use fully qualified macro slog::warn!(...) instead
  --> /home/agent/tidb/expression-unification/tikv/components/tikv_util/src/log.rs:65:5
   |
65 |     ::slog_global::warn!($($args)+)
   |     ^^^^^^^^^^^^^^^^^^^^^^^^^^^^^^^
   |
  ::: /home/agent/tidb/expression-unification/tikv/components/tikv_util/src/metrics/mod.rs:68:17
   |
68 |                 warn!("prometheus encoding error"; "err" => ?e);
   |                 ----------------------------------------------- in this macro invocation
   |
   = note: this warning originates in the macro `::slog_global::warn` which comes from the expansion of the macro `warn` (in Nightly builds, run with -Z macro-backtrace for more info)

warning: use of deprecated macro `::slog::slog_error`: Use fully qualified macro slog::crit!(...) instead
  --> /home/agent/tidb/expression-unification/tikv/components/tikv_util/src/log.rs:35:9
   |
35 |         ::slog_global::error!($($args)+)
   |         ^^^^^^^^^^^^^^^^^^^^^^^^^^^^^^^^
   |
  ::: /home/agent/tidb/expression-unification/tikv/components/tikv_util/src/resizable_threadpool.rs:52:17
   |
52 |                 error!("Daemon runtime has been dropped. Task will be ignored.");
   |                 ---------------------------------------------------------------- in this macro invocation
   |
   = note: this warning originates in the macro `::slog_global::error` which comes from the expansion of the macro `error` (in Nightly builds, run with -Z macro-backtrace for more info)

warning: use of deprecated macro `::slog::slog_error`: Use fully qualified macro slog::crit!(...) instead
  --> /home/agent/tidb/expression-unification/tikv/components/tikv_util/src/log.rs:35:9
   |
35 |         ::slog_global::error!($($args)+)
   |         ^^^^^^^^^^^^^^^^^^^^^^^^^^^^^^^^
   |
  ::: /home/agent/tidb/expression-unification/tikv/components/tikv_util/src/resizable_threadpool.rs:76:17
   |
76 |                 error!("Daemon runtime has been dropped. Task will be ignored.");
   |                 ---------------------------------------------------------------- in this macro invocation
   |
   = note: this warning originates in the macro `::slog_global::error` which comes from the expansion of the macro `error` (in Nightly builds, run with -Z macro-backtrace for more info)

warning: use of deprecated macro `::slog::slog_info`: Use fully qualified macro slog::info!(...) instead
   --> /home/agent/tidb/expression-unification/tikv/components/tikv_util/src/log.rs:71:5
    |
 71 |       ::slog_global::info!($($args)+)
    |       ^^^^^^^^^^^^^^^^^^^^^^^^^^^^^^^
    |
   ::: /home/agent/tidb/expression-unification/tikv/components/tikv_util/src/resizable_threadpool.rs:191:9
    |
191 | /         info!(
192 | |             "Resizing thread pool";
193 | |             "thread_name" => &thread_name,
194 | |             "new_size" => new_size
195 | |         );
    | |_________- in this macro invocation
    |
    = note: this warning originates in the macro `::slog_global::info` which comes from the expansion of the macro `info` (in Nightly builds, run with -Z macro-backtrace for more info)

warning: use of deprecated macro `::slog::slog_warn`: Use fully qualified macro slog::warn!(...) instead
   --> /home/agent/tidb/expression-unification/tikv/components/tikv_util/src/log.rs:65:5
    |
 65 |     ::slog_global::warn!($($args)+)
    |     ^^^^^^^^^^^^^^^^^^^^^^^^^^^^^^^
    |
   ::: /home/agent/tidb/expression-unification/tikv/components/tikv_util/src/sys/cgroup.rs:103:17
    |
103 |                 warn!("cgroup memory controller found but not mounted.");
    |                 -------------------------------------------------------- in this macro invocation
    |
    = note: this warning originates in the macro `::slog_global::warn` which comes from the expansion of the macro `warn` (in Nightly builds, run with -Z macro-backtrace for more info)

warning: use of deprecated macro `::slog::slog_warn`: Use fully qualified macro slog::warn!(...) instead
   --> /home/agent/tidb/expression-unification/tikv/components/tikv_util/src/log.rs:65:5
    |
 65 |     ::slog_global::warn!($($args)+)
    |     ^^^^^^^^^^^^^^^^^^^^^^^^^^^^^^^
    |
   ::: /home/agent/tidb/expression-unification/tikv/components/tikv_util/src/sys/cgroup.rs:120:17
    |
120 |                 warn!("cgroup cpuset controller found but not mounted.");
    |                 -------------------------------------------------------- in this macro invocation
    |
    = note: this warning originates in the macro `::slog_global::warn` which comes from the expansion of the macro `warn` (in Nightly builds, run with -Z macro-backtrace for more info)

warning: use of deprecated macro `::slog::slog_warn`: Use fully qualified macro slog::warn!(...) instead
   --> /home/agent/tidb/expression-unification/tikv/components/tikv_util/src/log.rs:65:5
    |
 65 |     ::slog_global::warn!($($args)+)
    |     ^^^^^^^^^^^^^^^^^^^^^^^^^^^^^^^
    |
   ::: /home/agent/tidb/expression-unification/tikv/components/tikv_util/src/sys/cgroup.rs:148:17
    |
148 |                 warn!("cgroup cpu controller found but not mounted.");
    |                 ----------------------------------------------------- in this macro invocation
    |
    = note: this warning originates in the macro `::slog_global::warn` which comes from the expansion of the macro `warn` (in Nightly builds, run with -Z macro-backtrace for more info)

warning: use of deprecated macro `::slog::slog_warn`: Use fully qualified macro slog::warn!(...) instead
   --> /home/agent/tidb/expression-unification/tikv/components/tikv_util/src/log.rs:65:5
    |
 65 |     ::slog_global::warn!($($args)+)
    |     ^^^^^^^^^^^^^^^^^^^^^^^^^^^^^^^
    |
   ::: /home/agent/tidb/expression-unification/tikv/components/tikv_util/src/sys/cgroup.rs:204:9
    |
204 |         warn!("fail to parse cgroup v1: {}", line);
    |         ------------------------------------------ in this macro invocation
    |
    = note: this warning originates in the macro `::slog_global::warn` which comes from the expansion of the macro `warn` (in Nightly builds, run with -Z macro-backtrace for more info)

warning: use of deprecated macro `::slog::slog_warn`: Use fully qualified macro slog::warn!(...) instead
   --> /home/agent/tidb/expression-unification/tikv/components/tikv_util/src/log.rs:65:5
    |
 65 |       ::slog_global::warn!($($args)+)
    |       ^^^^^^^^^^^^^^^^^^^^^^^^^^^^^^^
    |
   ::: /home/agent/tidb/expression-unification/tikv/components/tikv_util/src/sys/cgroup.rs:214:9
    |
214 | /         warn!(
215 | |             "cgroup v2 should only have one subsystem, got {}",
216 | |             subsystems.len()
217 | |         );
    | |_________- in this macro invocation
    |
    = note: this warning originates in the macro `::slog_global::warn` which comes from the expansion of the macro `warn` (in Nightly builds, run with -Z macro-backtrace for more info)

warning: use of deprecated macro `::slog::slog_warn`: Use fully qualified macro slog::warn!(...) instead
   --> /home/agent/tidb/expression-unification/tikv/components/tikv_util/src/log.rs:65:5
    |
 65 |       ::slog_global::warn!($($args)+)
    |       ^^^^^^^^^^^^^^^^^^^^^^^^^^^^^^^
    |
   ::: /home/agent/tidb/expression-unification/tikv/components/tikv_util/src/sys/cgroup.rs:219:9
    |
219 | /         warn!(
220 | |             "unexpected cgroup v2 subsystem name: {}",
221 | |             subsystems.keys().next().unwrap()
222 | |         );
    | |_________- in this macro invocation
    |
    = note: this warning originates in the macro `::slog_global::warn` which comes from the expansion of the macro `warn` (in Nightly builds, run with -Z macro-backtrace for more info)

warning: use of deprecated macro `::slog::slog_warn`: Use fully qualified macro slog::warn!(...) instead
   --> /home/agent/tidb/expression-unification/tikv/components/tikv_util/src/log.rs:65:5
    |
 65 |     ::slog_global::warn!($($args)+)
    |     ^^^^^^^^^^^^^^^^^^^^^^^^^^^^^^^
    |
   ::: /home/agent/tidb/expression-unification/tikv/components/tikv_util/src/sys/cgroup.rs:231:13
    |
231 |             warn!("fail to get mountinfo: {}", e);
    |             ------------------------------------- in this macro invocation
    |
    = note: this warning originates in the macro `::slog_global::warn` which comes from the expansion of the macro `warn` (in Nightly builds, run with -Z macro-backtrace for more info)

warning: use of deprecated macro `::slog::slog_warn`: Use fully qualified macro slog::warn!(...) instead
   --> /home/agent/tidb/expression-unification/tikv/components/tikv_util/src/log.rs:65:5
    |
 65 |     ::slog_global::warn!($($args)+)
    |     ^^^^^^^^^^^^^^^^^^^^^^^^^^^^^^^
    |
   ::: /home/agent/tidb/expression-unification/tikv/components/tikv_util/src/sys/cgroup.rs:255:13
    |
255 |             warn!("fail to get mountinfo: {}", e);
    |             ------------------------------------- in this macro invocation
    |
    = note: this warning originates in the macro `::slog_global::warn` which comes from the expansion of the macro `warn` (in Nightly builds, run with -Z macro-backtrace for more info)

warning: use of deprecated macro `::slog::slog_warn`: Use fully qualified macro slog::warn!(...) instead
   --> /home/agent/tidb/expression-unification/tikv/components/tikv_util/src/log.rs:65:5
    |
 65 |       ::slog_global::warn!($($args)+)
    |       ^^^^^^^^^^^^^^^^^^^^^^^^^^^^^^^
    |
   ::: /home/agent/tidb/expression-unification/tikv/components/tikv_util/src/sys/cgroup.rs:268:13
    |
268 | /             warn!(
269 | |                 "Found multiple cgroup2 mountinfos, dropping {} {}",
270 | |                 root,
271 | |                 mount_point.display()
272 | |             );
    | |_____________- in this macro invocation
    |
    = note: this warning originates in the macro `::slog_global::warn` which comes from the expansion of the macro `warn` (in Nightly builds, run with -Z macro-backtrace for more info)

warning: use of deprecated macro `::slog::slog_warn`: Use fully qualified macro slog::warn!(...) instead
   --> /home/agent/tidb/expression-unification/tikv/components/tikv_util/src/log.rs:65:5
    |
 65 |       ::slog_global::warn!($($args)+)
    |       ^^^^^^^^^^^^^^^^^^^^^^^^^^^^^^^
    |
   ::: /home/agent/tidb/expression-unification/tikv/components/tikv_util/src/sys/cgroup.rs:291:5
    |
291 | /     warn!(
292 | |         "fail to build cgroup path";
293 | |         "path" => %path,
294 | |         "root" => %root,
295 | |         "mount_point" => %mount_point.display()
296 | |     );
    | |_____- in this macro invocation
    |
    = note: this warning originates in the macro `::slog_global::warn` which comes from the expansion of the macro `warn` (in Nightly builds, run with -Z macro-backtrace for more info)

warning: use of deprecated macro `::slog::slog_warn`: Use fully qualified macro slog::warn!(...) instead
   --> /home/agent/tidb/expression-unification/tikv/components/tikv_util/src/log.rs:65:5
    |
 65 |     ::slog_global::warn!($($args)+)
    |     ^^^^^^^^^^^^^^^^^^^^^^^^^^^^^^^
    |
   ::: /home/agent/tidb/expression-unification/tikv/components/tikv_util/src/sys/cgroup.rs:303:26
    |
303 |             .map_err(|e| warn!("fail to parse memory max"; "line" => %line, "err" => %e))
    |                          --------------------------------------------------------------- in this macro invocation
    |
    = note: this warning originates in the macro `::slog_global::warn` which comes from the expansion of the macro `warn` (in Nightly builds, run with -Z macro-backtrace for more info)

warning: use of deprecated macro `::slog::slog_warn`: Use fully qualified macro slog::warn!(...) instead
   --> /home/agent/tidb/expression-unification/tikv/components/tikv_util/src/log.rs:65:5
    |
 65 |     ::slog_global::warn!($($args)+)
    |     ^^^^^^^^^^^^^^^^^^^^^^^^^^^^^^^
    |
   ::: /home/agent/tidb/expression-unification/tikv/components/tikv_util/src/sys/cgroup.rs:333:9
    |
333 |         warn!("fail to parse cpu cores: {}", v);
    |         --------------------------------------- in this macro invocation
    |
    = note: this warning originates in the macro `::slog_global::warn` which comes from the expansion of the macro `warn` (in Nightly builds, run with -Z macro-backtrace for more info)

warning: use of deprecated macro `::slog::slog_warn`: Use fully qualified macro slog::warn!(...) instead
   --> /home/agent/tidb/expression-unification/tikv/components/tikv_util/src/log.rs:65:5
    |
 65 |     ::slog_global::warn!($($args)+)
    |     ^^^^^^^^^^^^^^^^^^^^^^^^^^^^^^^
    |
   ::: /home/agent/tidb/expression-unification/tikv/components/tikv_util/src/sys/cgroup.rs:350:9
    |
350 |         warn!("fail to parse cpu quota v2: {}", line);
    |         --------------------------------------------- in this macro invocation
    |
    = note: this warning originates in the macro `::slog_global::warn` which comes from the expansion of the macro `warn` (in Nightly builds, run with -Z macro-backtrace for more info)

warning: use of deprecated macro `::slog::slog_warn`: Use fully qualified macro slog::warn!(...) instead
   --> /home/agent/tidb/expression-unification/tikv/components/tikv_util/src/log.rs:65:5
    |
 65 |     ::slog_global::warn!($($args)+)
    |     ^^^^^^^^^^^^^^^^^^^^^^^^^^^^^^^
    |
   ::: /home/agent/tidb/expression-unification/tikv/components/tikv_util/src/sys/cgroup.rs:367:5
    |
367 |     warn!("fail to parse cpu quota v1: {}, {}", line1, line2);
    |     --------------------------------------------------------- in this macro invocation
    |
    = note: this warning originates in the macro `::slog_global::warn` which comes from the expansion of the macro `warn` (in Nightly builds, run with -Z macro-backtrace for more info)

warning: use of deprecated macro `::slog::slog_error`: Use fully qualified macro slog::crit!(...) instead
  --> /home/agent/tidb/expression-unification/tikv/components/tikv_util/src/log.rs:35:9
   |
35 |         ::slog_global::error!($($args)+)
   |         ^^^^^^^^^^^^^^^^^^^^^^^^^^^^^^^^
   |
  ::: /home/agent/tidb/expression-unification/tikv/components/tikv_util/src/sys/thread.rs:97:25
   |
97 |                         error!("read task failed"; "pid" => pid, "err" => ?e);
   |                         ----------------------------------------------------- in this macro invocation
   |
   = note: this warning originates in the macro `::slog_global::error` which comes from the expansion of the macro `error` (in Nightly builds, run with -Z macro-backtrace for more info)

warning: use of deprecated macro `::slog::slog_error`: Use fully qualified macro slog::crit!(...) instead
   --> /home/agent/tidb/expression-unification/tikv/components/tikv_util/src/log.rs:35:9
    |
 35 |         ::slog_global::error!($($args)+)
    |         ^^^^^^^^^^^^^^^^^^^^^^^^^^^^^^^^
    |
   ::: /home/agent/tidb/expression-unification/tikv/components/tikv_util/src/sys/thread.rs:106:29
    |
106 | ...                   error!("read task failed"; "pid" => pid, "err" => ?e);
    |                       ----------------------------------------------------- in this macro invocation
    |
    = note: this warning originates in the macro `::slog_global::error` which comes from the expansion of the macro `error` (in Nightly builds, run with -Z macro-backtrace for more info)

warning: use of deprecated macro `::slog::slog_error`: Use fully qualified macro slog::crit!(...) instead
   --> /home/agent/tidb/expression-unification/tikv/components/tikv_util/src/log.rs:35:9
    |
 35 |         ::slog_global::error!($($args)+)
    |         ^^^^^^^^^^^^^^^^^^^^^^^^^^^^^^^^
    |
   ::: /home/agent/tidb/expression-unification/tikv/components/tikv_util/src/sys/thread.rs:111:25
    |
111 |                         error!("read task failed"; "pid" => pid);
    |                         ---------------------------------------- in this macro invocation
    |
    = note: this warning originates in the macro `::slog_global::error` which comes from the expansion of the macro `error` (in Nightly builds, run with -Z macro-backtrace for more info)

warning: use of deprecated macro `::slog::slog_debug`: Use fully qualified macro slog::warn!(...) instead
   --> /home/agent/tidb/expression-unification/tikv/components/tikv_util/src/log.rs:77:5
    |
 77 |     ::slog_global::debug!($($args)+)
    |     ^^^^^^^^^^^^^^^^^^^^^^^^^^^^^^^^
    |
   ::: /home/agent/tidb/expression-unification/tikv/components/tikv_util/src/sys/thread.rs:415:9
    |
415 |         debug!("tid {} thread name is {}", tid, name);
    |         --------------------------------------------- in this macro invocation
    |
    = note: this warning originates in the macro `::slog_global::debug` which comes from the expansion of the macro `debug` (in Nightly builds, run with -Z macro-backtrace for more info)

warning: use of deprecated macro `::slog::slog_info`: Use fully qualified macro slog::info!(...) instead
   --> /home/agent/tidb/expression-unification/tikv/components/tikv_util/src/log.rs:71:5
    |
 71 |       ::slog_global::info!($($args)+)
    |       ^^^^^^^^^^^^^^^^^^^^^^^^^^^^^^^
    |
   ::: /home/agent/tidb/expression-unification/tikv/components/tikv_util/src/sys/mod.rs:125:9
    |
125 | /         info!(
126 | |             "cgroup quota: memory={:?}, cpu={:?}, cores={:?}",
127 | |             SELF_CGROUP.memory_limit_in_bytes(),
128 | |             SELF_CGROUP.cpu_quota(),
129 | |             SELF_CGROUP.cpuset_cores(),
130 | |         );
    | |_________- in this macro invocation
    |
    = note: this warning originates in the macro `::slog_global::info` which comes from the expansion of the macro `info` (in Nightly builds, run with -Z macro-backtrace for more info)

warning: use of deprecated macro `::slog::slog_info`: Use fully qualified macro slog::info!(...) instead
   --> /home/agent/tidb/expression-unification/tikv/components/tikv_util/src/log.rs:71:5
    |
 71 |       ::slog_global::info!($($args)+)
    |       ^^^^^^^^^^^^^^^^^^^^^^^^^^^^^^^
    |
   ::: /home/agent/tidb/expression-unification/tikv/components/tikv_util/src/sys/mod.rs:132:9
    |
132 | /         info!(
133 | |             "memory limit in bytes: {}, cpu cores quota: {}",
134 | |             Self::memory_limit_in_bytes(),
135 | |             Self::cpu_cores_quota()
136 | |         );
    | |_________- in this macro invocation
    |
    = note: this warning originates in the macro `::slog_global::info` which comes from the expansion of the macro `info` (in Nightly builds, run with -Z macro-backtrace for more info)

warning: use of deprecated macro `::slog::slog_warn`: Use fully qualified macro slog::warn!(...) instead
   --> /home/agent/tidb/expression-unification/tikv/components/tikv_util/src/log.rs:65:5
    |
 65 |     ::slog_global::warn!($($args)+)
    |     ^^^^^^^^^^^^^^^^^^^^^^^^^^^^^^^
    |
   ::: /home/agent/tidb/expression-unification/tikv/components/tikv_util/src/sys/mod.rs:254:13
    |
254 |             warn!("Get mount point error for path {}, {}", path1.display(), e1);
    |             ------------------------------------------------------------------- in this macro invocation
    |
    = note: this warning originates in the macro `::slog_global::warn` which comes from the expansion of the macro `warn` (in Nightly builds, run with -Z macro-backtrace for more info)

warning: use of deprecated macro `::slog::slog_warn`: Use fully qualified macro slog::warn!(...) instead
   --> /home/agent/tidb/expression-unification/tikv/components/tikv_util/src/log.rs:65:5
    |
 65 |     ::slog_global::warn!($($args)+)
    |     ^^^^^^^^^^^^^^^^^^^^^^^^^^^^^^^
    |
   ::: /home/agent/tidb/expression-unification/tikv/components/tikv_util/src/sys/mod.rs:258:13
    |
258 |             warn!("Get mount point error for path {}, {}", path2.display(), e2);
    |             ------------------------------------------------------------------- in this macro invocation
    |
    = note: this warning originates in the macro `::slog_global::warn` which comes from the expansion of the macro `warn` (in Nightly builds, run with -Z macro-backtrace for more info)

warning: use of deprecated macro `::slog::slog_warn`: Use fully qualified macro slog::warn!(...) instead
   --> /home/agent/tidb/expression-unification/tikv/components/tikv_util/src/log.rs:65:5
    |
 65 |     ::slog_global::warn!($($args)+)
    |     ^^^^^^^^^^^^^^^^^^^^^^^^^^^^^^^
    |
   ::: /home/agent/tidb/expression-unification/tikv/components/tikv_util/src/sys/mod.rs:262:13
    |
262 |             warn!("No mount point for {}", path1.display());
    |             ----------------------------------------------- in this macro invocation
    |
    = note: this warning originates in the macro `::slog_global::warn` which comes from the expansion of the macro `warn` (in Nightly builds, run with -Z macro-backtrace for more info)

warning: use of deprecated macro `::slog::slog_warn`: Use fully qualified macro slog::warn!(...) instead
   --> /home/agent/tidb/expression-unification/tikv/components/tikv_util/src/log.rs:65:5
    |
 65 |     ::slog_global::warn!($($args)+)
    |     ^^^^^^^^^^^^^^^^^^^^^^^^^^^^^^^
    |
   ::: /home/agent/tidb/expression-unification/tikv/components/tikv_util/src/sys/mod.rs:266:13
    |
266 |             warn!("No mount point for {}", path2.display());
    |             ----------------------------------------------- in this macro invocation
    |
    = note: this warning originates in the macro `::slog_global::warn` which comes from the expansion of the macro `warn` (in Nightly builds, run with -Z macro-backtrace for more info)

warning: use of deprecated macro `::slog::slog_warn`: Use fully qualified macro slog::warn!(...) instead
   --> /home/agent/tidb/expression-unification/tikv/components/tikv_util/src/log.rs:65:5
    |
 65 |     ::slog_global::warn!($($args)+)
    |     ^^^^^^^^^^^^^^^^^^^^^^^^^^^^^^^
    |
   ::: /home/agent/tidb/expression-unification/tikv/components/tikv_util/src/sys/mod.rs:287:17
    |
287 |                 warn!("fail to read mounts line, error {}", e);
    |                 ---------------------------------------------- in this macro invocation
    |
    = note: this warning originates in the macro `::slog_global::warn` which comes from the expansion of the macro `warn` (in Nightly builds, run with -Z macro-backtrace for more info)

warning: use of deprecated macro `::slog::slog_error`: Use fully qualified macro slog::crit!(...) instead
  --> /home/agent/tidb/expression-unification/tikv/components/tikv_util/src/log.rs:35:9
   |
35 |         ::slog_global::error!($($args)+)
   |         ^^^^^^^^^^^^^^^^^^^^^^^^^^^^^^^^
   |
  ::: /home/agent/tidb/expression-unification/tikv/components/tikv_util/src/thread_group.rs:50:13
   |
50 |             safe_panic!("group properties is not set");
   |             ------------------------------------------ in this macro invocation
   |
   = note: this warning originates in the macro `::slog_global::error` which comes from the expansion of the macro `safe_panic` (in Nightly builds, run with -Z macro-backtrace for more info)

warning: use of deprecated macro `::slog::slog_error`: Use fully qualified macro slog::crit!(...) instead
   --> /home/agent/tidb/expression-unification/tikv/components/tikv_util/src/log.rs:35:9
    |
 35 |           ::slog_global::error!($($args)+)
    |           ^^^^^^^^^^^^^^^^^^^^^^^^^^^^^^^^
    |
   ::: /home/agent/tidb/expression-unification/tikv/components/tikv_util/src/time.rs:249:25
    |
249 | /                         error!(
250 | |                             "system time jumped back";
251 | |                             "before" => ?before,
252 | |                             "after" => ?after,
253 | |                             "err" => ?e,
254 | |                         );
    | |_________________________- in this macro invocation
    |
    = note: this warning originates in the macro `::slog_global::error` which comes from the expansion of the macro `error` (in Nightly builds, run with -Z macro-backtrace for more info)

warning: use of deprecated macro `::slog::slog_error`: Use fully qualified macro slog::crit!(...) instead
   --> /home/agent/tidb/expression-unification/tikv/components/tikv_util/src/log.rs:35:9
    |
 35 |         ::slog_global::error!($($args)+)
    |         ^^^^^^^^^^^^^^^^^^^^^^^^^^^^^^^^
    |
   ::: /home/agent/tidb/expression-unification/tikv/components/tikv_util/src/time.rs:282:13
    |
282 |             error!("send quit message for time monitor worker failed"; "err" => ?e);
    |             ----------------------------------------------------------------------- in this macro invocation
    |
    = note: this warning originates in the macro `::slog_global::error` which comes from the expansion of the macro `error` (in Nightly builds, run with -Z macro-backtrace for more info)

warning: use of deprecated macro `::slog::slog_error`: Use fully qualified macro slog::crit!(...) instead
   --> /home/agent/tidb/expression-unification/tikv/components/tikv_util/src/log.rs:35:9
    |
 35 |         ::slog_global::error!($($args)+)
    |         ^^^^^^^^^^^^^^^^^^^^^^^^^^^^^^^^
    |
   ::: /home/agent/tidb/expression-unification/tikv/components/tikv_util/src/time.rs:287:13
    |
287 |             error!("join time monitor worker failed"; "err" => ?e);
    |             ------------------------------------------------------ in this macro invocation
    |
    = note: this warning originates in the macro `::slog_global::error` which comes from the expansion of the macro `error` (in Nightly builds, run with -Z macro-backtrace for more info)

warning: use of deprecated macro `::slog::slog_error`: Use fully qualified macro slog::crit!(...) instead
   --> /home/agent/tidb/expression-unification/tikv/components/tikv_util/src/log.rs:35:9
    |
 35 |           ::slog_global::error!($($args)+)
    |           ^^^^^^^^^^^^^^^^^^^^^^^^^^^^^^^^
    |
   ::: /home/agent/tidb/expression-unification/tikv/components/tikv_util/src/time.rs:461:13
    |
461 | /             error!(
462 | |                 "monotonic time jumped back, {:.3} -> {:.3}",
463 | |                 earlier.sec as f64 + f64::from(earlier.nsec) / NANOSECONDS_PER_SECOND as f64,
464 | |                 later.sec as f64 + f64::from(later.nsec) / NANOSECONDS_PER_SECOND as f64
465 | |             );
    | |_____________- in this macro invocation
    |
    = note: this warning originates in the macro `::slog_global::error` which comes from the expansion of the macro `error` (in Nightly builds, run with -Z macro-backtrace for more info)

warning: use of deprecated macro `::slog::slog_debug`: Use fully qualified macro slog::warn!(...) instead
   --> /home/agent/tidb/expression-unification/tikv/components/tikv_util/src/log.rs:77:5
    |
 77 |       ::slog_global::debug!($($args)+)
    |       ^^^^^^^^^^^^^^^^^^^^^^^^^^^^^^^^
    |
   ::: /home/agent/tidb/expression-unification/tikv/components/tikv_util/src/time.rs:487:13
    |
487 | /             debug!(
488 | |                 "coarse time jumped back, {:.3} -> {:.3}",
489 | |                 earlier.sec as f64 + f64::from(earlier.nsec) / NANOSECONDS_PER_SECOND as f64,
490 | |                 later.sec as f64 + f64::from(later.nsec) / NANOSECONDS_PER_SECOND as f64
491 | |             );
    | |_____________- in this macro invocation
    |
    = note: this warning originates in the macro `::slog_global::debug` which comes from the expansion of the macro `debug` (in Nightly builds, run with -Z macro-backtrace for more info)

warning: use of deprecated macro `::slog::slog_debug`: Use fully qualified macro slog::warn!(...) instead
   --> /home/agent/tidb/expression-unification/tikv/components/tikv_util/src/log.rs:77:5
    |
 77 |       ::slog_global::debug!($($args)+)
    |       ^^^^^^^^^^^^^^^^^^^^^^^^^^^^^^^^
    |
   ::: /home/agent/tidb/expression-unification/tikv/components/tikv_util/src/time.rs:645:9
    |
645 | /         debug!("setup duration for spinning one round: {}ns", unsafe {
646 | |             DEFAULT_DURATION_SPIN_ONE_ROUND
647 | |         });
    | |__________- in this macro invocation
    |
    = note: this warning originates in the macro `::slog_global::debug` which comes from the expansion of the macro `debug` (in Nightly builds, run with -Z macro-backtrace for more info)

warning: use of deprecated macro `::slog::slog_debug`: Use fully qualified macro slog::warn!(...) instead
  --> /home/agent/tidb/expression-unification/tikv/components/tikv_util/src/log.rs:77:5
   |
77 |     ::slog_global::debug!($($args)+)
   |     ^^^^^^^^^^^^^^^^^^^^^^^^^^^^^^^^
   |
  ::: /home/agent/tidb/expression-unification/tikv/components/tikv_util/src/worker/future.rs:72:9
   |
72 |         debug!("scheduling task {}", task);
   |         ---------------------------------- in this macro invocation
   |
   = note: this warning originates in the macro `::slog_global::debug` which comes from the expansion of the macro `debug` (in Nightly builds, run with -Z macro-backtrace for more info)

warning: use of deprecated macro `::slog::slog_info`: Use fully qualified macro slog::info!(...) instead
   --> /home/agent/tidb/expression-unification/tikv/components/tikv_util/src/log.rs:71:5
    |
 71 |     ::slog_global::info!($($args)+)
    |     ^^^^^^^^^^^^^^^^^^^^^^^^^^^^^^^
    |
   ::: /home/agent/tidb/expression-unification/tikv/components/tikv_util/src/worker/future.rs:148:9
    |
148 |         info!("starting working thread"; "worker" => &self.scheduler.name);
    |         ------------------------------------------------------------------ in this macro invocation
    |
    = note: this warning originates in the macro `::slog_global::info` which comes from the expansion of the macro `info` (in Nightly builds, run with -Z macro-backtrace for more info)

warning: use of deprecated macro `::slog::slog_warn`: Use fully qualified macro slog::warn!(...) instead
   --> /home/agent/tidb/expression-unification/tikv/components/tikv_util/src/log.rs:65:5
    |
 65 |     ::slog_global::warn!($($args)+)
    |     ^^^^^^^^^^^^^^^^^^^^^^^^^^^^^^^
    |
   ::: /home/agent/tidb/expression-unification/tikv/components/tikv_util/src/worker/future.rs:150:13
    |
150 |             warn!("worker has been started"; "worker" => &self.scheduler.name);
    |             ------------------------------------------------------------------ in this macro invocation
    |
    = note: this warning originates in the macro `::slog_global::warn` which comes from the expansion of the macro `warn` (in Nightly builds, run with -Z macro-backtrace for more info)

warning: use of deprecated macro `::slog::slog_info`: Use fully qualified macro slog::info!(...) instead
   --> /home/agent/tidb/expression-unification/tikv/components/tikv_util/src/log.rs:71:5
    |
 71 |     ::slog_global::info!($($args)+)
    |     ^^^^^^^^^^^^^^^^^^^^^^^^^^^^^^^
    |
   ::: /home/agent/tidb/expression-unification/tikv/components/tikv_util/src/worker/future.rs:191:9
    |
191 |         info!("stoping worker"; "worker" => &self.scheduler.name);
    |         --------------------------------------------------------- in this macro invocation
    |
    = note: this warning originates in the macro `::slog_global::info` which comes from the expansion of the macro `info` (in Nightly builds, run with -Z macro-backtrace for more info)

warning: use of deprecated macro `::slog::slog_warn`: Use fully qualified macro slog::warn!(...) instead
   --> /home/agent/tidb/expression-unification/tikv/components/tikv_util/src/log.rs:65:5
    |
 65 |     ::slog_global::warn!($($args)+)
    |     ^^^^^^^^^^^^^^^^^^^^^^^^^^^^^^^
    |
   ::: /home/agent/tidb/expression-unification/tikv/components/tikv_util/src/worker/future.rs:194:13
    |
194 |             warn!("failed to stop worker thread"; "err" => ?e);
    |             -------------------------------------------------- in this macro invocation
    |
    = note: this warning originates in the macro `::slog_global::warn` which comes from the expansion of the macro `warn` (in Nightly builds, run with -Z macro-backtrace for more info)

warning: use of deprecated macro `::slog::slog_debug`: Use fully qualified macro slog::warn!(...) instead
   --> /home/agent/tidb/expression-unification/tikv/components/tikv_util/src/log.rs:77:5
    |
 77 |     ::slog_global::debug!($($args)+)
    |     ^^^^^^^^^^^^^^^^^^^^^^^^^^^^^^^^
    |
   ::: /home/agent/tidb/expression-unification/tikv/components/tikv_util/src/worker/pool.rs:146:9
    |
146 |         debug!("scheduling task {}", task);
    |         ---------------------------------- in this macro invocation
    |
    = note: this warning originates in the macro `::slog_global::debug` which comes from the expansion of the macro `debug` (in Nightly builds, run with -Z macro-backtrace for more info)

warning: use of deprecated macro `::slog::slog_error`: Use fully qualified macro slog::crit!(...) instead
   --> /home/agent/tidb/expression-unification/tikv/components/tikv_util/src/log.rs:35:9
    |
 35 |         ::slog_global::error!($($args)+)
    |         ^^^^^^^^^^^^^^^^^^^^^^^^^^^^^^^^
    |
   ::: /home/agent/tidb/expression-unification/tikv/components/tikv_util/src/lib.rs:458:13
    |
458 |             safe_panic!("resource leak detected: {}.", self.tag);
    |             ---------------------------------------------------- in this macro invocation
    |
    = note: this warning originates in the macro `::slog_global::error` which comes from the expansion of the macro `safe_panic` (in Nightly builds, run with -Z macro-backtrace for more info)

warning: use of deprecated macro `::slog::slog_crit`: Use fully qualified macro slog::crit!(...) instead
   --> /home/agent/tidb/expression-unification/tikv/components/tikv_util/src/log.rs:6:5
    |
  6 |       ::slog_global::crit!($($args)+)
    |       ^^^^^^^^^^^^^^^^^^^^^^^^^^^^^^^
    |
   ::: /home/agent/tidb/expression-unification/tikv/components/tikv_util/src/lib.rs:563:13
    |
563 | /             crit!("{}", msg;
564 | |                 "thread_name" => name,
565 | |                 "location" => loc.unwrap_or_else(|| "<unknown>".to_owned()),
566 | |                 "backtrace" => format_args!("{:?}", bt),
567 | |             );
    | |_____________- in this macro invocation
    |
    = note: this warning originates in the macro `::slog_global::crit` which comes from the expansion of the macro `crit` (in Nightly builds, run with -Z macro-backtrace for more info)

warning: use of deprecated macro `::slog::slog_crit`: Use fully qualified macro slog::crit!(...) instead
   --> /home/agent/tidb/expression-unification/tikv/components/tikv_util/src/log.rs:6:5
    |
  6 |       ::slog_global::crit!($($args)+)
    |       ^^^^^^^^^^^^^^^^^^^^^^^^^^^^^^^
    |
   ::: /home/agent/tidb/expression-unification/tikv/components/tikv_util/src/lib.rs:569:13
    |
569 | /             crit!("{}", msg;
570 | |                 "thread_name" => name,
571 | |                 "location" => loc.unwrap_or_else(|| "<unknown>".to_owned()),
572 | |                 "backtrace" => format_args!("{:?}", bt),
573 | |                 "context" => context,
574 | |             );
    | |_____________- in this macro invocation
    |
    = note: this warning originates in the macro `::slog_global::crit` which comes from the expansion of the macro `crit` (in Nightly builds, run with -Z macro-backtrace for more info)

warning: use of deprecated macro `::slog::slog_warn`: Use fully qualified macro slog::warn!(...) instead
   --> /home/agent/tidb/expression-unification/tikv/components/tikv_util/src/log.rs:65:5
    |
 65 |     ::slog_global::warn!($($args)+)
    |     ^^^^^^^^^^^^^^^^^^^^^^^^^^^^^^^
    |
   ::: /home/agent/tidb/expression-unification/tikv/components/tikv_util/src/lib.rs:619:9
    |
619 |         warn!("environment variable `TZ` is missing, using `/etc/localtime`");
    |         --------------------------------------------------------------------- in this macro invocation
    |
    = note: this warning originates in the macro `::slog_global::warn` which comes from the expansion of the macro `warn` (in Nightly builds, run with -Z macro-backtrace for more info)

warning: use of deprecated macro `::slog::slog_info`: Use fully qualified macro slog::info!(...) instead
   --> /home/agent/tidb/expression-unification/tikv/components/tikv_util/src/log.rs:71:5
    |
 71 |       ::slog_global::info!($($args)+)
    |       ^^^^^^^^^^^^^^^^^^^^^^^^^^^^^^^
    |
   ::: /home/agent/tidb/expression-unification/tikv/components/tikv_util/src/lib.rs:623:9
    |
623 | /         info!(
624 | |             "environment variable is present";
625 | |             "GRPC_POLL_STRATEGY" => var
626 | |         );
    | |_________- in this macro invocation
    |
    = note: this warning originates in the macro `::slog_global::info` which comes from the expansion of the macro `info` (in Nightly builds, run with -Z macro-backtrace for more info)

warning: use of deprecated macro `::slog::slog_info`: Use fully qualified macro slog::info!(...) instead
   --> /home/agent/tidb/expression-unification/tikv/components/tikv_util/src/log.rs:71:5
    |
 71 |       ::slog_global::info!($($args)+)
    |       ^^^^^^^^^^^^^^^^^^^^^^^^^^^^^^^
    |
   ::: /home/agent/tidb/expression-unification/tikv/components/tikv_util/src/lib.rs:631:13
    |
631 | /             info!("environment variable is present";
632 | |                 *proxy => var
633 | |             );
    | |_____________- in this macro invocation
    |
    = note: this warning originates in the macro `::slog_global::info` which comes from the expansion of the macro `info` (in Nightly builds, run with -Z macro-backtrace for more info)

warning: use of deprecated macro `slog::slog_o`: Use fully qualified macro slog::o!(...) instead
  --> /home/agent/tidb/expression-unification/tikv/components/tikv_util/src/logger/mod.rs:20:77
   |
20 | use slog::{self, Drain, FnValue, KV, Key, OwnedKVList, PushFnValue, Record, slog_o};
   |                                                                             ^^^^^^

warning: feature `box_patterns` is declared but not used
 --> /home/agent/tidb/expression-unification/tikv/components/tikv_util/src/lib.rs:5:12
  |
5 | #![feature(box_patterns)]
  |            ^^^^^^^^^^^^
  |
  = note: `#[warn(unused_features)]` (part of `#[warn(unused)]`) on by default

warning: `tikv_util` (lib) generated 73 warnings
warning: feature `test` is declared but not used
 --> /home/agent/tidb/expression-unification/tikv/components/cloud/src/lib.rs:6:12
  |
6 | #![feature(test)]
  |            ^^^^
  |
  = note: `#[warn(unused_features)]` (part of `#[warn(unused)]`) on by default

warning: use of deprecated macro `::slog::slog_warn`: Use fully qualified macro slog::warn!(...) instead
  --> /home/agent/tidb/expression-unification/tikv/components/crypto/src/fips.rs:32:9
   |
32 |         slog_global::warn!("OpenSSL FIPS mode is disabled unexpectedly");
   |         ^^^^^^^^^^^^^^^^^^^^^^^^^^^^^^^^^^^^^^^^^^^^^^^^^^^^^^^^^^^^^^^^
   |
   = note: `#[warn(deprecated)]` on by default
   = note: this warning originates in the macro `slog_global::warn` (in Nightly builds, run with -Z macro-backtrace for more info)

warning: use of deprecated macro `::slog::slog_info`: Use fully qualified macro slog::info!(...) instead
  --> /home/agent/tidb/expression-unification/tikv/components/crypto/src/fips.rs:45:9
   |
45 |         slog_global::info!("OpenSSL FIPS mode is disabled");
   |         ^^^^^^^^^^^^^^^^^^^^^^^^^^^^^^^^^^^^^^^^^^^^^^^^^^^
   |
   = note: this warning originates in the macro `slog_global::info` (in Nightly builds, run with -Z macro-backtrace for more info)

warning: use of deprecated macro `::slog::slog_info`: Use fully qualified macro slog::info!(...) instead
  --> /home/agent/tidb/expression-unification/tikv/components/crypto/src/fips.rs:47:9
   |
47 |         slog_global::info!("OpenSSL FIPS mode is enabled"; "openssl_major_version" => ver);
   |         ^^^^^^^^^^^^^^^^^^^^^^^^^^^^^^^^^^^^^^^^^^^^^^^^^^^^^^^^^^^^^^^^^^^^^^^^^^^^^^^^^^
   |
   = note: this warning originates in the macro `slog_global::info` (in Nightly builds, run with -Z macro-backtrace for more info)

warning: `cloud` (lib) generated 1 warning
warning: `crypto` (lib) generated 3 warnings
warning: feature `test` is declared but not used
 --> /home/agent/tidb/expression-unification/tikv/components/file_system/src/lib.rs:3:12
  |
3 | #![feature(test)]
  |            ^^^^
  |
  = note: `#[warn(unused_features)]` (part of `#[warn(unused)]`) on by default

warning: `file_system` (lib) generated 1 warning
warning: use of deprecated macro `::slog::slog_error`: Use fully qualified macro slog::crit!(...) instead
  --> /home/agent/tidb/expression-unification/tikv/components/encryption/src/encrypted_file/mod.rs:75:17
   |
75 | /                 error!(
76 | |                     "EncryptedFile::write open failed";
77 | |                     "path" => %tmp_path.display(),
78 | |                     "error" => %e,
79 | |                 );
   | |_________________^
   |
   = note: `#[warn(deprecated)]` on by default
   = note: this warning originates in the macro `error` (in Nightly builds, run with -Z macro-backtrace for more info)

warning: use of deprecated macro `::slog::slog_info`: Use fully qualified macro slog::info!(...) instead
   --> /home/agent/tidb/expression-unification/tikv/components/encryption/src/file_dict_file.rs:143:13
    |
143 | /             info!(
144 | |                 "installing new dictionary file";
145 | |                 "name" => tmp_path.display(),
146 | |                 "old_size" => self.file_size,
147 | |                 "new_size" => new_size,
148 | |             );
    | |_____________^
    |
    = note: this warning originates in the macro `::slog_global::info` which comes from the expansion of the macro `info` (in Nightly builds, run with -Z macro-backtrace for more info)

warning: use of deprecated macro `::slog::slog_warn`: Use fully qualified macro slog::warn!(...) instead
   --> /home/agent/tidb/expression-unification/tikv/components/encryption/src/file_dict_file.rs:208:29
    |
208 | / ...                   warn!(
209 | | ...                       "{:?} occurred and the last complete filename is {}",
210 | | ...                       e, last_record_name
211 | | ...                   );
    | |_______________________^
    |
    = note: this warning originates in the macro `::slog_global::warn` which comes from the expansion of the macro `warn` (in Nightly builds, run with -Z macro-backtrace for more info)

warning: use of deprecated macro `::slog::slog_warn`: Use fully qualified macro slog::warn!(...) instead
   --> /home/agent/tidb/expression-unification/tikv/components/encryption/src/file_dict_file.rs:336:13
    |
336 | /             warn!(
337 | |                 "file corrupted! record header size is too small, discarded the tail record";
338 | |                 "size" => remained.len(),
339 | |             );
    | |_____________^
    |
    = note: this warning originates in the macro `::slog_global::warn` which comes from the expansion of the macro `warn` (in Nightly builds, run with -Z macro-backtrace for more info)

warning: use of deprecated macro `::slog::slog_warn`: Use fully qualified macro slog::warn!(...) instead
   --> /home/agent/tidb/expression-unification/tikv/components/encryption/src/file_dict_file.rs:350:13
    |
350 | /             warn!(
351 | |                 "file corrupted! record content size is too small, discarded the tail record";
352 | |                 "content_size" => remained.len(),
353 | |                 "expected_name_length" => name_len,
354 | |                 "expected_content_length" =>info_len,
355 | |             );
    | |_____________^
    |
    = note: this warning originates in the macro `::slog_global::warn` which comes from the expansion of the macro `warn` (in Nightly builds, run with -Z macro-backtrace for more info)

warning: use of deprecated macro `::slog::slog_warn`: Use fully qualified macro slog::warn!(...) instead
   --> /home/agent/tidb/expression-unification/tikv/components/encryption/src/file_dict_file.rs:367:17
    |
367 | /                 warn!(
368 | |                     "file corrupted! crc32 mismatch, discarded the tail record";
369 | |                     "expected_crc32" => crc32,
370 | |                     "checksum_crc32" => crc32_checksum,
371 | |                 );
    | |_________________^
    |
    = note: this warning originates in the macro `::slog_global::warn` which comes from the expansion of the macro `warn` (in Nightly builds, run with -Z macro-backtrace for more info)

warning: use of deprecated macro `::slog::slog_info`: Use fully qualified macro slog::info!(...) instead
   --> /home/agent/tidb/expression-unification/tikv/components/encryption/src/manager/mod.rs:107:17
    |
107 |                 info!("encryption: found both of key dictionary and file dictionary.");
    |                 ^^^^^^^^^^^^^^^^^^^^^^^^^^^^^^^^^^^^^^^^^^^^^^^^^^^^^^^^^^^^^^^^^^^^^^
    |
    = note: this warning originates in the macro `::slog_global::info` which comes from the expansion of the macro `info` (in Nightly builds, run with -Z macro-backtrace for more info)

warning: use of deprecated macro `::slog::slog_info`: Use fully qualified macro slog::info!(...) instead
   --> /home/agent/tidb/expression-unification/tikv/components/encryption/src/manager/mod.rs:130:17
    |
130 |                 info!("encryption: none of key dictionary and file dictionary are found.");
    |                 ^^^^^^^^^^^^^^^^^^^^^^^^^^^^^^^^^^^^^^^^^^^^^^^^^^^^^^^^^^^^^^^^^^^^^^^^^^
    |
    = note: this warning originates in the macro `::slog_global::info` which comes from the expansion of the macro `info` (in Nightly builds, run with -Z macro-backtrace for more info)

warning: use of deprecated macro `::slog::slog_info`: Use fully qualified macro slog::info!(...) instead
   --> /home/agent/tidb/expression-unification/tikv/components/encryption/src/manager/mod.rs:137:17
    |
137 |                 info!("encryption: file dict is empty and none of key dictionary are found.");
    |                 ^^^^^^^^^^^^^^^^^^^^^^^^^^^^^^^^^^^^^^^^^^^^^^^^^^^^^^^^^^^^^^^^^^^^^^^^^^^^^
    |
    = note: this warning originates in the macro `::slog_global::info` which comes from the expansion of the macro `info` (in Nightly builds, run with -Z macro-backtrace for more info)

warning: use of deprecated macro `::slog::slog_error`: Use fully qualified macro slog::crit!(...) instead
   --> /home/agent/tidb/expression-unification/tikv/components/encryption/src/manager/mod.rs:143:21
    |
143 |                     error!("encryption: failed to load key dictionary.");
    |                     ^^^^^^^^^^^^^^^^^^^^^^^^^^^^^^^^^^^^^^^^^^^^^^^^^^^^
    |
    = note: this warning originates in the macro `::slog_global::error` which comes from the expansion of the macro `error` (in Nightly builds, run with -Z macro-backtrace for more info)

warning: use of deprecated macro `::slog::slog_error`: Use fully qualified macro slog::crit!(...) instead
   --> /home/agent/tidb/expression-unification/tikv/components/encryption/src/manager/mod.rs:146:21
    |
146 |                     error!("encryption: failed to load file dictionary.");
    |                     ^^^^^^^^^^^^^^^^^^^^^^^^^^^^^^^^^^^^^^^^^^^^^^^^^^^^^
    |
    = note: this warning originates in the macro `::slog_global::error` which comes from the expansion of the macro `error` (in Nightly builds, run with -Z macro-backtrace for more info)

warning: use of deprecated macro `::slog::slog_debug`: Use fully qualified macro slog::warn!(...) instead
   --> /home/agent/tidb/expression-unification/tikv/components/encryption/src/manager/mod.rs:224:13
    |
224 | /             debug!("new encrypted file";
225 | |                   "fname" => fname,
226 | |                   "method" => format!("{:?}", method),
227 | |                   "iv" => hex::encode(iv.as_slice()));
    | |_____________________________________________________^
    |
    = note: this warning originates in the macro `::slog_global::debug` which comes from the expansion of the macro `debug` (in Nightly builds, run with -Z macro-backtrace for more info)

warning: use of deprecated macro `::slog::slog_debug`: Use fully qualified macro slog::warn!(...) instead
   --> /home/agent/tidb/expression-unification/tikv/components/encryption/src/manager/mod.rs:229:13
    |
229 |             debug!("new plaintext file"; "fname" => fname);
    |             ^^^^^^^^^^^^^^^^^^^^^^^^^^^^^^^^^^^^^^^^^^^^^^
    |
    = note: this warning originates in the macro `::slog_global::debug` which comes from the expansion of the macro `debug` (in Nightly builds, run with -Z macro-backtrace for more info)

warning: use of deprecated macro `::slog::slog_info`: Use fully qualified macro slog::info!(...) instead
   --> /home/agent/tidb/expression-unification/tikv/components/encryption/src/manager/mod.rs:248:21
    |
248 |                     info!("delete untracked plaintext file"; "fname" => fname);
    |                     ^^^^^^^^^^^^^^^^^^^^^^^^^^^^^^^^^^^^^^^^^^^^^^^^^^^^^^^^^^
    |
    = note: this warning originates in the macro `::slog_global::info` which comes from the expansion of the macro `info` (in Nightly builds, run with -Z macro-backtrace for more info)

warning: use of deprecated macro `::slog::slog_debug`: Use fully qualified macro slog::warn!(...) instead
   --> /home/agent/tidb/expression-unification/tikv/components/encryption/src/manager/mod.rs:257:13
    |
257 |             debug!("delete encrypted file"; "fname" => fname);
    |             ^^^^^^^^^^^^^^^^^^^^^^^^^^^^^^^^^^^^^^^^^^^^^^^^^
    |
    = note: this warning originates in the macro `::slog_global::debug` which comes from the expansion of the macro `debug` (in Nightly builds, run with -Z macro-backtrace for more info)

warning: use of deprecated macro `::slog::slog_debug`: Use fully qualified macro slog::warn!(...) instead
   --> /home/agent/tidb/expression-unification/tikv/components/encryption/src/manager/mod.rs:259:13
    |
259 |             debug!("delete plaintext file"; "fname" => fname);
    |             ^^^^^^^^^^^^^^^^^^^^^^^^^^^^^^^^^^^^^^^^^^^^^^^^^
    |
    = note: this warning originates in the macro `::slog_global::debug` which comes from the expansion of the macro `debug` (in Nightly builds, run with -Z macro-backtrace for more info)

warning: use of deprecated macro `::slog::slog_info`: Use fully qualified macro slog::info!(...) instead
   --> /home/agent/tidb/expression-unification/tikv/components/encryption/src/manager/mod.rs:272:21
    |
272 |                     info!("link untracked plaintext file"; "src" => src_fname, "dst" => dst_fname);
    |                     ^^^^^^^^^^^^^^^^^^^^^^^^^^^^^^^^^^^^^^^^^^^^^^^^^^^^^^^^^^^^^^^^^^^^^^^^^^^^^^
    |
    = note: this warning originates in the macro `::slog_global::info` which comes from the expansion of the macro `info` (in Nightly builds, run with -Z macro-backtrace for more info)

warning: use of deprecated macro `::slog::slog_info`: Use fully qualified macro slog::info!(...) instead
   --> /home/agent/tidb/expression-unification/tikv/components/encryption/src/manager/mod.rs:289:13
    |
289 |             info!("link encrypted file"; "src" => src_fname, "dst" => dst_fname);
    |             ^^^^^^^^^^^^^^^^^^^^^^^^^^^^^^^^^^^^^^^^^^^^^^^^^^^^^^^^^^^^^^^^^^^^
    |
    = note: this warning originates in the macro `::slog_global::info` which comes from the expansion of the macro `info` (in Nightly builds, run with -Z macro-backtrace for more info)

warning: use of deprecated macro `::slog::slog_info`: Use fully qualified macro slog::info!(...) instead
   --> /home/agent/tidb/expression-unification/tikv/components/encryption/src/manager/mod.rs:291:13
    |
291 |             info!("link plaintext file"; "src" => src_fname, "dst" => dst_fname);
    |             ^^^^^^^^^^^^^^^^^^^^^^^^^^^^^^^^^^^^^^^^^^^^^^^^^^^^^^^^^^^^^^^^^^^^
    |
    = note: this warning originates in the macro `::slog_global::info` which comes from the expansion of the macro `info` (in Nightly builds, run with -Z macro-backtrace for more info)

warning: use of deprecated macro `::slog::slog_info`: Use fully qualified macro slog::info!(...) instead
   --> /home/agent/tidb/expression-unification/tikv/components/encryption/src/manager/mod.rs:297:9
    |
297 |         info!("encryption: rotate data key."; "key_id" => key_id);
    |         ^^^^^^^^^^^^^^^^^^^^^^^^^^^^^^^^^^^^^^^^^^^^^^^^^^^^^^^^^
    |
    = note: this warning originates in the macro `::slog_global::info` which comes from the expansion of the macro `info` (in Nightly builds, run with -Z macro-backtrace for more info)

warning: use of deprecated macro `::slog::slog_debug`: Use fully qualified macro slog::warn!(...) instead
   --> /home/agent/tidb/expression-unification/tikv/components/encryption/src/manager/mod.rs:334:29
    |
334 | / ...                   debug!("current data key creation time is within rotation period";
335 | | ...                       "now" => ?now, "creation_time" => ?creation_time);
    | |___________________________________________________________________________^
    |
    = note: this warning originates in the macro `::slog_global::debug` which comes from the expansion of the macro `debug` (in Nightly builds, run with -Z macro-backtrace for more info)

warning: use of deprecated macro `::slog::slog_warn`: Use fully qualified macro slog::warn!(...) instead
   --> /home/agent/tidb/expression-unification/tikv/components/encryption/src/manager/mod.rs:340:25
    |
340 | /                         warn!("data key rotate duraion overflow, generate a new data key";
341 | |                             "now" => ?now, "creation_time" => ?creation_time, "error" => ?e);
    | |____________________________________________________________________________________________^
    |
    = note: this warning originates in the macro `::slog_global::warn` which comes from the expansion of the macro `warn` (in Nightly builds, run with -Z macro-backtrace for more info)

warning: use of deprecated macro `::slog::slog_info`: Use fully qualified macro slog::info!(...) instead
   --> /home/agent/tidb/expression-unification/tikv/components/encryption/src/manager/mod.rs:393:9
    |
393 | /         info!(
394 | |             "Clean stale file information in file dictionary: {:?}",
395 | |             fname
396 | |         );
    | |_________^
    |
    = note: this warning originates in the macro `::slog_global::info` which comes from the expansion of the macro `info` (in Nightly builds, run with -Z macro-backtrace for more info)

warning: use of deprecated macro `::slog::slog_info`: Use fully qualified macro slog::info!(...) instead
   --> /home/agent/tidb/expression-unification/tikv/components/encryption/src/manager/mod.rs:422:17
    |
422 |                 info!("Try to rotate data key, current method:{:?}", method);
    |                 ^^^^^^^^^^^^^^^^^^^^^^^^^^^^^^^^^^^^^^^^^^^^^^^^^^^^^^^^^^^^
    |
    = note: this warning originates in the macro `::slog_global::info` which comes from the expansion of the macro `info` (in Nightly builds, run with -Z macro-backtrace for more info)

warning: use of deprecated macro `::slog::slog_info`: Use fully qualified macro slog::info!(...) instead
   --> /home/agent/tidb/expression-unification/tikv/components/encryption/src/manager/mod.rs:429:25
    |
429 |                         info!("Key rotate worker has been cancelled.");
    |                         ^^^^^^^^^^^^^^^^^^^^^^^^^^^^^^^^^^^^^^^^^^^^^^
    |
    = note: this warning originates in the macro `::slog_global::info` which comes from the expansion of the macro `info` (in Nightly builds, run with -Z macro-backtrace for more info)

warning: use of deprecated macro `::slog::slog_info`: Use fully qualified macro slog::info!(...) instead
   --> /home/agent/tidb/expression-unification/tikv/components/encryption/src/manager/mod.rs:549:17
    |
549 |                 info!("encryption is disabled.");
    |                 ^^^^^^^^^^^^^^^^^^^^^^^^^^^^^^^^
    |
    = note: this warning originates in the macro `::slog_global::info` which comes from the expansion of the macro `info` (in Nightly builds, run with -Z macro-backtrace for more info)

warning: use of deprecated macro `::slog::slog_info`: Use fully qualified macro slog::info!(...) instead
   --> /home/agent/tidb/expression-unification/tikv/components/encryption/src/manager/mod.rs:554:17
    |
554 |                 info!("encryption is being enabled. method = {:?}", args.method);
    |                 ^^^^^^^^^^^^^^^^^^^^^^^^^^^^^^^^^^^^^^^^^^^^^^^^^^^^^^^^^^^^^^^^
    |
    = note: this warning originates in the macro `::slog_global::info` which comes from the expansion of the macro `info` (in Nightly builds, run with -Z macro-backtrace for more info)

warning: use of deprecated macro `::slog::slog_info`: Use fully qualified macro slog::info!(...) instead
   --> /home/agent/tidb/expression-unification/tikv/components/encryption/src/manager/mod.rs:564:17
    |
564 |                 info!("encryption is enabled. method = {:?}", args.method);
    |                 ^^^^^^^^^^^^^^^^^^^^^^^^^^^^^^^^^^^^^^^^^^^^^^^^^^^^^^^^^^
    |
    = note: this warning originates in the macro `::slog_global::info` which comes from the expansion of the macro `info` (in Nightly builds, run with -Z macro-backtrace for more info)

warning: use of deprecated macro `::slog::slog_warn`: Use fully qualified macro slog::warn!(...) instead
   --> /home/agent/tidb/expression-unification/tikv/components/encryption/src/manager/mod.rs:581:9
    |
581 | /         warn!(
582 | |             "failed to open encryption metadata using master key. \
583 | |                 could be master key being rotated. \
584 | |                 current master key: {:?}, previous master key: {:?}",
585 | |             master_key, previous_master_key
586 | |         );
    | |_________^
    |
    = note: this warning originates in the macro `::slog_global::warn` which comes from the expansion of the macro `warn` (in Nightly builds, run with -Z macro-backtrace for more info)

warning: use of deprecated macro `::slog::slog_info`: Use fully qualified macro slog::info!(...) instead
   --> /home/agent/tidb/expression-unification/tikv/components/encryption/src/manager/mod.rs:609:9
    |
609 |         info!("encryption: persisted result after replace master key.");
    |         ^^^^^^^^^^^^^^^^^^^^^^^^^^^^^^^^^^^^^^^^^^^^^^^^^^^^^^^^^^^^^^^
    |
    = note: this warning originates in the macro `::slog_global::info` which comes from the expansion of the macro `info` (in Nightly builds, run with -Z macro-backtrace for more info)

warning: use of deprecated macro `::slog::slog_info`: Use fully qualified macro slog::info!(...) instead
   --> /home/agent/tidb/expression-unification/tikv/components/encryption/src/manager/mod.rs:852:13
    |
852 |             info!("failed to terminate background rotation, are we shutting down?"; "err" => %e);
    |             ^^^^^^^^^^^^^^^^^^^^^^^^^^^^^^^^^^^^^^^^^^^^^^^^^^^^^^^^^^^^^^^^^^^^^^^^^^^^^^^^^^^^
    |
    = note: this warning originates in the macro `::slog_global::info` which comes from the expansion of the macro `info` (in Nightly builds, run with -Z macro-backtrace for more info)

warning: use of deprecated macro `::slog::slog_info`: Use fully qualified macro slog::info!(...) instead
   --> /home/agent/tidb/expression-unification/tikv/components/encryption/src/manager/mod.rs:855:13
    |
855 |             info!("failed to join background rotation, are we shutting down?"; "err" => ?e);
    |             ^^^^^^^^^^^^^^^^^^^^^^^^^^^^^^^^^^^^^^^^^^^^^^^^^^^^^^^^^^^^^^^^^^^^^^^^^^^^^^^
    |
    = note: this warning originates in the macro `::slog_global::info` which comes from the expansion of the macro `info` (in Nightly builds, run with -Z macro-backtrace for more info)

warning: use of deprecated macro `::slog::slog_warn`: Use fully qualified macro slog::warn!(...) instead
   --> /home/agent/tidb/expression-unification/tikv/components/encryption/src/manager/mod.rs:961:13
    |
961 |             warn!("fail to remove encryption metadata after renaming file"; "err" => ?e);
    |             ^^^^^^^^^^^^^^^^^^^^^^^^^^^^^^^^^^^^^^^^^^^^^^^^^^^^^^^^^^^^^^^^^^^^^^^^^^^^
    |
    = note: this warning originates in the macro `::slog_global::warn` which comes from the expansion of the macro `warn` (in Nightly builds, run with -Z macro-backtrace for more info)

warning: use of deprecated macro `::slog::slog_info`: Use fully qualified macro slog::info!(...) instead
    --> /home/agent/tidb/expression-unification/tikv/components/encryption/src/manager/mod.rs:1025:25
     |
1025 |                         info!("generate new ID for imported key"; "id" => id, "fname" => fname);
     |                         ^^^^^^^^^^^^^^^^^^^^^^^^^^^^^^^^^^^^^^^^^^^^^^^^^^^^^^^^^^^^^^^^^^^^^^^
     |
     = note: this warning originates in the macro `::slog_global::info` which comes from the expansion of the macro `info` (in Nightly builds, run with -Z macro-backtrace for more info)

warning: use of deprecated macro `::slog::slog_warn`: Use fully qualified macro slog::warn!(...) instead
    --> /home/agent/tidb/expression-unification/tikv/components/encryption/src/manager/mod.rs:1054:21
     |
1054 |                     warn!("overwriting existing unused encryption key"; "fname" => fname);
     |                     ^^^^^^^^^^^^^^^^^^^^^^^^^^^^^^^^^^^^^^^^^^^^^^^^^^^^^^^^^^^^^^^^^^^^^
     |
     = note: this warning originates in the macro `::slog_global::warn` which comes from the expansion of the macro `warn` (in Nightly builds, run with -Z macro-backtrace for more info)

warning: use of deprecated macro `::slog::slog_info`: Use fully qualified macro slog::info!(...) instead
    --> /home/agent/tidb/expression-unification/tikv/components/encryption/src/manager/mod.rs:1087:13
     |
1087 |             info!("rollback imported file encryption info"; "sample_fname" => fname);
     |             ^^^^^^^^^^^^^^^^^^^^^^^^^^^^^^^^^^^^^^^^^^^^^^^^^^^^^^^^^^^^^^^^^^^^^^^^
     |
     = note: this warning originates in the macro `::slog_global::info` which comes from the expansion of the macro `info` (in Nightly builds, run with -Z macro-backtrace for more info)

warning: use of deprecated macro `::slog::slog_info`: Use fully qualified macro slog::info!(...) instead
    --> /home/agent/tidb/expression-unification/tikv/components/encryption/src/manager/mod.rs:1103:17
     |
1103 |                 info!("rollback one imported data key"; "key_id" => key_id);
     |                 ^^^^^^^^^^^^^^^^^^^^^^^^^^^^^^^^^^^^^^^^^^^^^^^^^^^^^^^^^^^
     |
     = note: this warning originates in the macro `::slog_global::info` which comes from the expansion of the macro `info` (in Nightly builds, run with -Z macro-backtrace for more info)

warning: use of deprecated macro `::slog::slog_warn`: Use fully qualified macro slog::warn!(...) instead
    --> /home/agent/tidb/expression-unification/tikv/components/encryption/src/manager/mod.rs:1126:13
     |
1126 |             warn!("failed to rollback imported data keys"; "err" => ?e);
     |             ^^^^^^^^^^^^^^^^^^^^^^^^^^^^^^^^^^^^^^^^^^^^^^^^^^^^^^^^^^^
     |
     = note: this warning originates in the macro `::slog_global::warn` which comes from the expansion of the macro `warn` (in Nightly builds, run with -Z macro-backtrace for more info)

warning: use of deprecated macro `::slog::slog_error`: Use fully qualified macro slog::crit!(...) instead
   --> /home/agent/tidb/expression-unification/tikv/components/encryption/src/master_key/mod.rs:245:5
    |
245 |     error!("{}", err_msg);
    |     ^^^^^^^^^^^^^^^^^^^^^
    |
    = note: this warning originates in the macro `::slog_global::error` which comes from the expansion of the macro `error` (in Nightly builds, run with -Z macro-backtrace for more info)

warning: feature `box_patterns` is declared but not used
 --> /home/agent/tidb/expression-unification/tikv/components/txn_types/src/lib.rs:3:12
  |
3 | #![feature(box_patterns)]
  |            ^^^^^^^^^^^^
  |
  = note: `#[warn(unused_features)]` (part of `#[warn(unused)]`) on by default

warning: `encryption` (lib) generated 39 warnings
warning: `txn_types` (lib) generated 1 warning
warning: use of deprecated macro `::slog::slog_warn`: Use fully qualified macro slog::warn!(...) instead
   --> /home/agent/tidb/expression-unification/tikv/components/engine_traits/src/flush.rs:240:13
    |
240 | /             warn!(
241 | |                 "heavy work in on_memtable_sealed, the code should be reviewed";
242 | |             );
    | |_____________^
    |
    = note: `#[warn(deprecated)]` on by default
    = note: this warning originates in the macro `warn` (in Nightly builds, run with -Z macro-backtrace for more info)

warning: use of deprecated macro `::slog::slog_info`: Use fully qualified macro slog::info!(...) instead
   --> /home/agent/tidb/expression-unification/tikv/components/engine_traits/src/flush.rs:260:17
    |
260 | /                 info!(
261 | |                     "flush complete reorder found";
262 | |                     "flushed" => flushed,
263 | |                     "largest_seqno" => largest_seqno,
264 | |                     "file_no" => file_no,
265 | |                     "cf" => cf
266 | |                 );
    | |_________________^
    |
    = note: this warning originates in the macro `info` (in Nightly builds, run with -Z macro-backtrace for more info)

warning: `engine_traits` (lib) generated 2 warnings
   Compiling tidb_query_datatype v0.0.1 (/home/agent/tidb/expression-unification/tikv/components/tidb_query_datatype)
warning: trait `RegionRetryState` is more private than the item `PlanBuilder<PdC, RetryableMultiRegion<P, PdC, R>, Targetted>`
   --> third_party/tikv-client-rs/src/request/plan_builder.rs:969:1
    |
969 | / impl<PdC, P, R> PlanBuilder<PdC, RetryableMultiRegion<P, PdC, R>, Targetted>
970 | | where
971 | |     PdC: PdClient,
972 | |     P: Plan + Shardable,
973 | |     P::Result: HasKeyErrors + HasRegionError,
974 | |     R: RegionRetryState,
    | |________________________^ implementation `PlanBuilder<PdC, RetryableMultiRegion<P, PdC, R>, Targetted>` is reachable at visibility `pub`
    |
note: but trait `RegionRetryState` is only usable at visibility `pub(crate)`
   --> third_party/tikv-client-rs/src/request/plan.rs:686:1
    |
686 | pub(crate) trait RegionRetryState: Clone + Send + Sync + 'static {
    | ^^^^^^^^^^^^^^^^^^^^^^^^^^^^^^^^^^^^^^^^^^^^^^^^^^^^^^^^^^^^^^^^
    = note: `#[warn(private_bounds)]` on by default

warning: `tikv-client` (lib) generated 1 warning
warning: unused import: `SystemTime`
  --> crates/tidb-log/src/log.rs:19:36
   |
19 | use std::time::{Duration, Instant, SystemTime};
   |                                    ^^^^^^^^^^
   |
   = note: `#[warn(unused_imports)]` (part of `#[warn(unused)]`) on by default

warning: `tidb-log` (lib) generated 1 warning (run `cargo fix --lib -p tidb-log` to apply 1 suggestion)
warning: missing documentation for a constant
    --> crates/tidb-vardef/src/tidb_vars.rs:1091:1
     |
1091 | pub const TIDB_MERGE_PARTITION_STATS_CONCURRENCY: &str = "tidb_merge_partition_stats_concurrency";
     | ^^^^^^^^^^^^^^^^^^^^^^^^^^^^^^^^^^^^^^^^^^^^^^^^^^^^^^
     |
     = note: requested on the command line with `-W missing-docs`

warning: `tidb-vardef` (lib) generated 1 warning
warning: feature `proc_macro_diagnostic` is declared but not used
  --> /home/agent/tidb/expression-unification/tikv/components/tidb_query_codegen/src/lib.rs:14:12
   |
14 | #![feature(proc_macro_diagnostic)]
   |            ^^^^^^^^^^^^^^^^^^^^^
   |
   = note: `#[warn(unused_features)]` (part of `#[warn(unused)]`) on by default

warning: feature `iter_order_by` is declared but not used
  --> /home/agent/tidb/expression-unification/tikv/components/tidb_query_codegen/src/lib.rs:15:12
   |
15 | #![feature(iter_order_by)]
   |            ^^^^^^^^^^^^^

warning: `tidb_query_codegen` (lib) generated 2 warnings
warning: unused macro definition: `word_cnt`
   --> /home/agent/tidb/expression-unification/tikv/components/tidb_query_datatype/src/codec/mysql/decimal.rs:468:14
    |
468 | macro_rules! word_cnt {
    |              ^^^^^^^^
    |
    = note: `#[warn(unused_macros)]` (part of `#[warn(unused)]`) on by default

warning: use of deprecated macro `::slog::slog_error`: Use fully qualified macro slog::crit!(...) instead
    --> /home/agent/tidb/expression-unification/tikv/components/tidb_query_datatype/src/codec/mysql/decimal.rs:3612:13
     |
3612 | /             error!(
3613 | |                 "encode decimal overflow";
3614 | |                 "source_int_digits" => d.int_cnt,
3615 | |                 "source_storage_frac" => d.frac_cnt,
...    |
3620 | |                 "frac" => frac,
3621 | |             );
     | |_____________^
     |
     = note: `#[warn(deprecated)]` on by default
     = note: this warning originates in the macro `::slog_global::error` which comes from the expansion of the macro `error` (in Nightly builds, run with -Z macro-backtrace for more info)

warning: use of deprecated macro `::slog::slog_warn`: Use fully qualified macro slog::warn!(...) instead
    --> /home/agent/tidb/expression-unification/tikv/components/tidb_query_datatype/src/codec/mysql/decimal.rs:3632:13
     |
3632 | /             warn!(
3633 | |                 "encode decimal truncated";
3634 | |                 "source_int_digits" => d.int_cnt,
3635 | |                 "source_storage_frac" => d.frac_cnt,
...    |
3640 | |                 "frac" => frac,
3641 | |             );
     | |_____________^
     |
     = note: this warning originates in the macro `::slog_global::warn` which comes from the expansion of the macro `warn` (in Nightly builds, run with -Z macro-backtrace for more info)

warning: use of deprecated constant `std::f64::EPSILON`: replaced by the `EPSILON` associated constant on `f64`
  --> /home/agent/tidb/expression-unification/tikv/components/tidb_query_datatype/src/codec/mysql/json/comparison.rs:24:29
   |
24 |     if (x - y).abs() < f64::EPSILON {
   |                             ^^^^^^^

warning: the feature `bool_to_result` has been stable since 1.98.0 and no longer requires an attribute to enable
  --> /home/agent/tidb/expression-unification/tikv/components/tidb_query_datatype/src/lib.rs:11:12
   |
11 | #![feature(bool_to_result)]
   |            ^^^^^^^^^^^^^^
   |
   = note: `#[warn(stable_features)]` on by default

warning: variant `Mysql` is never constructed
   --> /home/agent/tidb/expression-unification/tikv/components/tidb_query_datatype/src/codec/mysql/decimal.rs:185:5
    |
183 | enum DecimalParsePolicy {
    |      ------------------ variant in this enum
184 |     Legacy(usize),
185 |     Mysql(usize),
    |     ^^^^^
    |
    = note: `DecimalParsePolicy` has derived impls for the traits `Debug` and `Clone`, but these are intentionally ignored during dead code analysis
    = note: `#[warn(dead_code)]` (part of `#[warn(unused)]`) on by default

warning: variant `RetainedQuotient` is never constructed
   --> /home/agent/tidb/expression-unification/tikv/components/tidb_query_datatype/src/codec/mysql/decimal.rs:988:5
    |
986 | enum DivisionRequest {
    |      --------------- variant in this enum
987 |     MysqlQuotient { frac_incr: usize },
988 |     RetainedQuotient { frac_words: usize },
    |     ^^^^^^^^^^^^^^^^
    |
    = note: `DivisionRequest` has derived impls for the traits `Debug` and `Clone`, but these are intentionally ignored during dead code analysis

warning: multiple associated items are never used
    --> /home/agent/tidb/expression-unification/tikv/components/tidb_query_datatype/src/codec/mysql/decimal.rs:1678:8
     |
1658 | impl Decimal {
     | ------------ associated items in this implementation
...
1678 |     fn try_from_words(parts: DecimalWordsRef<'_>) -> Result<Self> {
     |        ^^^^^^^^^^^^^^
...
1984 |     fn try_add_exact(&self, rhs: &Self) -> Result<Self> {
     |        ^^^^^^^^^^^^^
...
1993 |     fn try_sub_exact(&self, rhs: &Self) -> Result<Self> {
     |        ^^^^^^^^^^^^^
...
2002 |     fn try_mul_exact(&self, rhs: &Self) -> Result<Self> {
     |        ^^^^^^^^^^^^^
...
2008 |     fn try_div_rem_exact(&self, rhs: &Self) -> Result<Option<(Self, Self)>> {
     |        ^^^^^^^^^^^^^^^^^
...
2031 |     fn try_div_round_exact(&self, count: i64, result_scale: u32) -> Result<Option<Self>> {
     |        ^^^^^^^^^^^^^^^^^^^
...
3068 |     fn parse_mysql(s: &[u8]) -> Result<DecimalParseOutcome> {
     |        ^^^^^^^^^^^
...
3072 |     fn try_from_literal(text: &str) -> Result<Self> {
     |        ^^^^^^^^^^^^^^^^

   Compiling tidb-datatype v0.0.0 (/home/agent/tidb/expression-unification/tidb/rust/crates/tidb-datatype)
   Compiling tidb_query_expr v0.0.1 (/home/agent/tidb/expression-unification/tikv/components/tidb_query_expr)
warning: feature `proc_macro_hygiene` is declared but not used
 --> /home/agent/tidb/expression-unification/tikv/components/tidb_query_datatype/src/lib.rs:5:12
  |
5 | #![feature(proc_macro_hygiene)]
  |            ^^^^^^^^^^^^^^^^^^
  |
  = note: `#[warn(unused_features)]` (part of `#[warn(unused)]`) on by default

warning: feature `test` is declared but not used
 --> /home/agent/tidb/expression-unification/tikv/components/tidb_query_datatype/src/lib.rs:7:12
  |
7 | #![feature(test)]
  |            ^^^^

warning: feature `str_internals` is declared but not used
 --> /home/agent/tidb/expression-unification/tikv/components/tidb_query_datatype/src/lib.rs:9:12
  |
9 | #![feature(str_internals)]
  |            ^^^^^^^^^^^^^

warning: `tidb_query_datatype` (lib) generated 11 warnings
warning: missing documentation for a method
   --> crates/tidb-datatype/src/decimal/mod.rs:596:5
    |
596 |     pub fn coefficient_i128(&self) -> Option<(i128, u32)> {
    |     ^^^^^^^^^^^^^^^^^^^^^^^^^^^^^^^^^^^^^^^^^^^^^^^^^^^^^
    |
    = note: requested on the command line with `-W missing-docs`

warning: missing documentation for a function
   --> crates/tidb-datatype/src/charset.rs:692:1
    |
692 | pub fn get_charset_info(charset: &str) -> Result<CharsetInfo, CharsetError> {
    | ^^^^^^^^^^^^^^^^^^^^^^^^^^^^^^^^^^^^^^^^^^^^^^^^^^^^^^^^^^^^^^^^^^^^^^^^^^^

   Compiling tidb-ast v0.0.0 (/home/agent/tidb/expression-unification/tidb/rust/crates/tidb-ast)
   Compiling tidb-codec v0.0.0 (/home/agent/tidb/expression-unification/tidb/rust/crates/tidb-codec)
warning: unused import: `restore_cast_type_kw`
  --> crates/tidb-ast/src/expr/restore.rs:18:38
   |
18 | use super::cast::{restore_cast_type, restore_cast_type_kw, restore_typed_literal};
   |                                      ^^^^^^^^^^^^^^^^^^^^
   |
   = note: `#[warn(unused_imports)]` (part of `#[warn(unused)]`) on by default

warning: missing documentation for a struct field
  --> crates/tidb-codec/src/join_keys.rs:50:13
   |
50 |     Fixed { data: &'a [u8], width: usize },
   |             ^^^^^^^^^^^^^^
   |
   = note: requested on the command line with `-W missing-docs`

warning: missing documentation for a struct field
  --> crates/tidb-codec/src/join_keys.rs:50:29
   |
50 |     Fixed { data: &'a [u8], width: usize },
   |                             ^^^^^^^^^^^^

warning: missing documentation for a struct field
  --> crates/tidb-codec/src/join_keys.rs:52:16
   |
52 |     Variable { data: &'a [u8], offsets: &'a [i64] },
   |                ^^^^^^^^^^^^^^

warning: missing documentation for a struct field
  --> crates/tidb-codec/src/join_keys.rs:52:32
   |
52 |     Variable { data: &'a [u8], offsets: &'a [i64] },
   |                                ^^^^^^^^^^^^^^^^^^

warning: unused import: `Expr`
  --> /home/agent/tidb/expression-unification/tikv/components/tidb_query_expr/src/impl_compare_in.rs:20:12
   |
20 | use tipb::{Expr, ExprType, FieldType};
   |            ^^^^
   |
   = note: `#[warn(unused_imports)]` (part of `#[warn(unused)]`) on by default

warning: `tidb-datatype` (lib) generated 2 warnings
warning: `tidb-codec` (lib) generated 4 warnings
warning: variable does not need to be mutable
   --> crates/tidb-ast/src/expr/cast.rs:304:9
    |
304 |     let mut kw = |name: &str, out: &mut String| {
    |         ----^^
    |         |
    |         help: remove this `mut`
    |
    = note: `#[warn(unused_mut)]` (part of `#[warn(unused)]`) on by default

warning: missing documentation for a variant
   --> crates/tidb-ast/src/stmt/ddl.rs:190:5
    |
190 |     AlterView(Box<crate::ddl::AlterViewStmt>),
    |     ^^^^^^^^^
    |
    = note: requested on the command line with `-W missing-docs`

warning: use of deprecated method `std::sync::atomic::Atomic::<u64>::fetch_update`: renamed to `try_update` for consistency
  --> /home/agent/tidb/expression-unification/tikv/components/tidb_query_expr/src/local/host.rs:21:10
   |
21 |     next.fetch_update(Ordering::Relaxed, Ordering::Relaxed, |value| {
   |          ^^^^^^^^^^^^
   |
   = note: `#[warn(deprecated)]` on by default
help: replace the use of the deprecated method
   |
21 -     next.fetch_update(Ordering::Relaxed, Ordering::Relaxed, |value| {
21 +     next.try_update(Ordering::Relaxed, Ordering::Relaxed, |value| {
   |

   Compiling tidb-parser v0.0.0 (/home/agent/tidb/expression-unification/tidb/rust/crates/tidb-parser)
warning: `tidb-ast` (lib) generated 3 warnings (run `cargo fix --lib -p tidb-ast` to apply 2 suggestions)
warning: unused import: `crate::parse`
    --> crates/tidb-parser/src/pipes_probe_test.rs:2:5
     |
   2 | use crate::parse;
     |     ^^^^^^^^^^^^
     |
help: if this is a test module, consider adding a `#[cfg(test)]` to the containing module
    --> crates/tidb-parser/src/lib.rs:1813:1
     |
1813 | mod pipes_probe_test;
     | ^^^^^^^^^^^^^^^^^^^^^
     = note: `#[warn(unused_imports)]` (part of `#[warn(unused)]`) on by default

warning: unused import: `Stmt`
    --> crates/tidb-parser/src/pipes_probe_test.rs:3:22
     |
   3 | use tidb_ast::{Expr, Stmt};
     |                      ^^^^
     |
help: if this is a test module, consider adding a `#[cfg(test)]` to the containing module
    --> crates/tidb-parser/src/lib.rs:1813:1
     |
1813 | mod pipes_probe_test;
     | ^^^^^^^^^^^^^^^^^^^^^

warning: method `output_bytes` is never used
   --> /home/agent/tidb/expression-unification/tikv/components/tidb_query_expr/src/local/runtime.rs:202:19
    |
157 | impl EvalBudget {
    | --------------- method in this implementation
...
202 |     pub(crate) fn output_bytes(&self) -> usize {
    |                   ^^^^^^^^^^^^
    |
    = note: `#[warn(dead_code)]` (part of `#[warn(unused)]`) on by default

warning: function `is_alias_excluded_keyword` is never used
    --> crates/tidb-parser/src/select.rs:1326:4
     |
1326 | fn is_alias_excluded_keyword(name: &str) -> bool {
     |    ^^^^^^^^^^^^^^^^^^^^^^^^^
     |
     = note: `#[warn(dead_code)]` (part of `#[warn(unused)]`) on by default

warning: function `shape` is never used
 --> crates/tidb-parser/src/pipes_probe_test.rs:5:4
  |
5 | fn shape(expr: &Expr) -> String {
  |    ^^^^^

   Compiling tidb-model v0.0.0 (/home/agent/tidb/expression-unification/tidb/rust/crates/tidb-model)
warning: feature `proc_macro_hygiene` is declared but not used
  --> /home/agent/tidb/expression-unification/tikv/components/tidb_query_expr/src/lib.rs:13:12
   |
13 | #![feature(proc_macro_hygiene)]
   |            ^^^^^^^^^^^^^^^^^^
   |
   = note: `#[warn(unused_features)]` (part of `#[warn(unused)]`) on by default

warning: feature `test` is declared but not used
  --> /home/agent/tidb/expression-unification/tikv/components/tidb_query_expr/src/lib.rs:15:12
   |
15 | #![feature(test)]
   |            ^^^^

warning: `tidb-parser` (lib) generated 4 warnings (run `cargo fix --lib -p tidb-parser` to apply 2 suggestions)
warning: `tidb_query_expr` (lib) generated 5 warnings (run `cargo fix --lib -p tidb_query_expr` to apply 2 suggestions)
warning: variable does not need to be mutable
   --> crates/tidb-model/src/placement.rs:152:13
    |
152 |         let mut push_string = |out: &mut String, item: &str, value: &str| {
    |             ----^^^^^^^^^^^
    |             |
    |             help: remove this `mut`
    |
    = note: `#[warn(unused_mut)]` (part of `#[warn(unused)]`) on by default

warning: variable does not need to be mutable
   --> crates/tidb-model/src/placement.rs:166:13
    |
166 |         let mut push_int = |out: &mut String, item: &str, value: u64| {
    |             ----^^^^^^^^
    |             |
    |             help: remove this `mut`

   Compiling tidb-util v0.0.0 (/home/agent/tidb/expression-unification/tidb/rust/crates/tidb-util)
   Compiling tidb-resolve v0.0.0 (/home/agent/tidb/expression-unification/tidb/rust/crates/tidb-resolve)
warning: `tidb-model` (lib) generated 2 warnings (run `cargo fix --lib -p tidb-model` to apply 2 suggestions)
warning: unused import: `Counter`
  --> crates/tidb-util/src/memory_metrics.rs:26:18
   |
26 | use prometheus::{Counter, CounterVec, Gauge, GaugeVec, HistogramOpts, HistogramVec, Opts};
   |                  ^^^^^^^
   |
   = note: `#[warn(unused_imports)]` (part of `#[warn(unused)]`) on by default

warning: missing documentation for a static
   --> crates/tidb-util/src/memory_metrics.rs:125:1
    |
125 | pub static MEMORY_ARBITRATION_DURATION: LazyLock<HistogramVec> = LazyLock::new(|| {
    | ^^^^^^^^^^^^^^^^^^^^^^^^^^^^^^^^^^^^^^^^^^^^^^^^^^^^^^^^^^^^^^
    |
    = note: requested on the command line with `-W missing-docs`

   Compiling tidb-chunk v0.0.0 (/home/agent/tidb/expression-unification/tidb/rust/crates/tidb-chunk)
   Compiling tidb-sqlexec v0.0.0 (/home/agent/tidb/expression-unification/tidb/rust/crates/tidb-sqlexec)
warning: `tidb-util` (lib) generated 2 warnings (run `cargo fix --lib -p tidb-util` to apply 1 suggestion)
   Compiling tidb-expr v0.0.0 (/home/agent/tidb/expression-unification/tidb/rust/crates/tidb-expr)
warning: unused import: `tidb_datatype::FieldType`
   --> crates/tidb-expr/src/builtin_cast_semantics.rs:289:9
    |
289 |     use tidb_datatype::FieldType;
    |         ^^^^^^^^^^^^^^^^^^^^^^^^
    |
    = note: `#[warn(unused_imports)]` (part of `#[warn(unused)]`) on by default

warning: unused import: `std::io::Write`
  --> crates/tidb-expr/src/builtin_ext/crypto.rs:31:5
   |
31 | use std::io::Write;
   |     ^^^^^^^^^^^^^^

warning: unused import: `flate2::write::ZlibEncoder`
  --> crates/tidb-expr/src/builtin_ext/crypto.rs:33:5
   |
33 | use flate2::write::ZlibEncoder;
   |     ^^^^^^^^^^^^^^^^^^^^^^^^^^

warning: unused import: `Compression`
  --> crates/tidb-expr/src/builtin_ext/crypto.rs:34:14
   |
34 | use flate2::{Compression, Decompress, FlushDecompress, Status};
   |              ^^^^^^^^^^^

warning: unused import: `super::text::format_json`
  --> crates/tidb-expr/src/builtin_ext/json/construct.rs:29:5
   |
29 | use super::text::format_json;
   |     ^^^^^^^^^^^^^^^^^^^^^^^^

warning: unused doc comment
   --> crates/tidb-expr/src/constant_fold.rs:794:1
    |
794 | / /// Warnings the constant-fold evaluation raised, stashed for the caller that
795 | | /// owns the statement's warning buffer. The fold evaluates column-free
796 | | /// expressions against a sessionless context whose `append_warning` would
797 | | /// otherwise drop go's per-statement warnings (`ADDDATE('abc', INTERVAL 1
798 | | /// DAY)` warns `Incorrect datetime value: 'abc'` on an empty table).
    | |_--------------------------------------------------------------------^
    |   |
    |   rustdoc does not generate documentation for macro invocations
    |
    = help: to document an item produced by a macro, the macro must produce the documentation as part of its expansion
    = note: `#[warn(unused_doc_comments)]` (part of `#[warn(unused)]`) on by default

warning: unused import: `Constant`
   --> crates/tidb-expr/src/constant_fold.rs:486:29
    |
486 |     use crate::expression::{Constant, Expression, ScalarFunction};
    |                             ^^^^^^^^

warning: unnecessary parentheses around index expression
   --> crates/tidb-expr/src/go_flate.rs:996:46
    |
996 |                 let hh = &mut self.hash_head[(hash as usize & HASH_MASK)];
    |                                              ^                         ^
    |
    = note: `#[warn(unused_parens)]` (part of `#[warn(unused)]`) on by default
help: remove these parentheses
    |
996 -                 let hh = &mut self.hash_head[(hash as usize & HASH_MASK)];
996 +                 let hh = &mut self.hash_head[hash as usize & HASH_MASK];
    |

warning: unnecessary parentheses around index expression
    --> crates/tidb-expr/src/go_flate.rs:1036:54
     |
1036 |                         let hh = &mut self.hash_head[(hash as usize & HASH_MASK)];
     |                                                      ^                         ^
     |
help: remove these parentheses
     |
1036 -                         let hh = &mut self.hash_head[(hash as usize & HASH_MASK)];
1036 +                         let hh = &mut self.hash_head[hash as usize & HASH_MASK];
     |

warning: unused import: `super::*`
    --> crates/tidb-expr/src/func.rs:1104:9
     |
1104 |     use super::*;
     |         ^^^^^^^^

warning: unused imports: `FieldTypeValue`, `TimeType`, and `default_field_type_for_value`
  --> crates/tidb-expr/src/rewriter.rs:31:5
   |
31 |     default_field_type_for_value, Datum, EvalType, FieldType, FieldTypeCode, FieldTypeValue,
   |     ^^^^^^^^^^^^^^^^^^^^^^^^^^^^                                             ^^^^^^^^^^^^^^
32 |     TimeType,
   |     ^^^^^^^^

warning: unused import: `crate::context::Columns`
  --> crates/tidb-expr/src/expr_util/fold.rs:49:5
   |
49 | use crate::context::Columns;
   |     ^^^^^^^^^^^^^^^^^^^^^^^

warning: variable does not need to be mutable
    --> crates/tidb-expr/src/simple_expr.rs:1538:13
     |
1538 |         let mut chunk = tidb_chunk::chunk::Chunk::new(&[], 1, 1);
     |             ----^^^^^
     |             |
     |             help: remove this `mut`
     |
     = note: `#[warn(unused_mut)]` (part of `#[warn(unused)]`) on by default

warning: variable does not need to be mutable
    --> crates/tidb-expr/src/simple_expr.rs:1693:17
     |
1693 |             let mut chunk = tidb_chunk::chunk::Chunk::new(&[], 1, 1);
     |                 ----^^^^^
     |                 |
     |                 help: remove this `mut`

warning: variable does not need to be mutable
    --> crates/tidb-expr/src/simple_expr.rs:1711:13
     |
1711 |         let mut chunk = tidb_chunk::chunk::Chunk::new(&[], 1, 1);
     |             ----^^^^^
     |             |
     |             help: remove this `mut`

warning: unused variable: `fixed_constant`
    --> crates/tidb-expr/src/rewriter.rs:1615:21
     |
1615 |                 let fixed_constant = matches!(&argument, Expression::Constant(constant)
     |                     ^^^^^^^^^^^^^^ help: if this is intentional, prefix it with an underscore: `_fixed_constant`
     |
     = note: `#[warn(unused_variables)]` (part of `#[warn(unused)]`) on by default

warning: variable `n` is assigned to, but never used
   --> crates/tidb-expr/src/go_flate.rs:432:13
    |
432 |         let mut n = self.out.len();
    |             ^^^^^
    |
    = note: consider using `_n` instead

warning: value assigned to `n` is never read
   --> crates/tidb-expr/src/go_flate.rs:442:13
    |
442 |             n += 1;
    |             ^^^^^^
    |
    = help: maybe it is overwritten before being read?
    = note: `#[warn(unused_assignments)]` (part of `#[warn(unused)]`) on by default

warning: unreachable pattern
   --> crates/tidb-expr/src/rewriter.rs:657:21
    |
618 |                     tidb_datatype::EvalType::Decimal => {
    |                     -------------------------------- matches all the relevant values
...
657 |                     tidb_datatype::EvalType::Decimal => {
    |                     ^^^^^^^^^^^^^^^^^^^^^^^^^^^^^^^^ no value can reach this
    |
    = note: `#[warn(unreachable_patterns)]` (part of `#[warn(unused)]`) on by default

warning: variable does not need to be mutable
   --> crates/tidb-expr/src/ops.rs:231:5
    |
231 |     mut l: Datum,
    |     ----^
    |     |
    |     help: remove this `mut`

warning: variable does not need to be mutable
   --> crates/tidb-expr/src/ops.rs:232:5
    |
232 |     mut r: Datum,
    |     ----^
    |     |
    |     help: remove this `mut`

warning: field `bit_count` is never read
   --> crates/tidb-expr/src/go_flate.rs:184:5
    |
182 | struct HuffmanEncoder {
    |        -------------- field in this struct
183 |     codes: Vec<Hcode>,
184 |     bit_count: [i32; 17],
    |     ^^^^^^^^^
    |
    = note: `#[warn(dead_code)]` (part of `#[warn(unused)]`) on by default

warning: field `level` is never read
   --> crates/tidb-expr/src/go_flate.rs:359:5
    |
358 | struct LevelInfo {
    |        --------- field in this struct
359 |     level: i32,
    |     ^^^^^
    |
    = note: `LevelInfo` has a derived impl for the trait `Clone`, but this is intentionally ignored during dead code analysis

warning: constant `BUFFER_FLUSH_SIZE` is never used
   --> crates/tidb-expr/src/go_flate.rs:412:7
    |
412 | const BUFFER_FLUSH_SIZE: usize = 240;
    |       ^^^^^^^^^^^^^^^^^

warning: fields `fast_skip_hashing` and `scratch` are never read
   --> crates/tidb-expr/src/go_flate.rs:777:5
    |
770 | struct Compressor {
    |        ---------- fields in this struct
...
777 |     fast_skip_hashing: i32,
    |     ^^^^^^^^^^^^^^^^^
...
792 |     scratch: Vec<LiteralNode>,
    |     ^^^^^^^

warning: constant `HASH_MATCH_LEN` is never used
   --> crates/tidb-expr/src/go_flate.rs:795:7
    |
795 | const HASH_MATCH_LEN: usize = MAX_MATCH_LENGTH - 1;
    |       ^^^^^^^^^^^^^^

warning: method `fill_window` is never used
   --> crates/tidb-expr/src/go_flate.rs:880:8
    |
797 | impl Compressor {
    | --------------- method in this implementation
...
880 |     fn fill_window(&mut self, b: &[u8]) {
    |        ^^^^^^^^^^^

warning: function `bulk_hash4` is never used
    --> crates/tidb-expr/src/go_flate.rs:1088:4
     |
1088 | fn bulk_hash4(b: &[u8], dst: &mut [u32]) {
     |    ^^^^^^^^^^

warning: field `0` is never read
  --> crates/tidb-expr/src/evaluator/numeric_batch.rs:65:15
   |
65 |     Admission(&'static str),
   |     --------- ^^^^^^^^^^^^
   |     |
   |     field in this variant
   |
   = note: `FailureKind` has a derived impl for the trait `Debug`, but this is intentionally ignored during dead code analysis
help: consider changing the field to be of unit type to suppress this warning while preserving the field numbering, or remove the field
   |
65 -     Admission(&'static str),
65 +     Admission(()),
   |

warning: field `0` is never read
  --> crates/tidb-expr/src/evaluator/numeric_batch.rs:66:12
   |
66 |     Bridge(BridgeError),
   |     ------ ^^^^^^^^^^^
   |     |
   |     field in this variant
   |
   = note: `FailureKind` has a derived impl for the trait `Debug`, but this is intentionally ignored during dead code analysis
help: consider changing the field to be of unit type to suppress this warning while preserving the field numbering, or remove the field
   |
66 -     Bridge(BridgeError),
66 +     Bridge(()),
   |

warning: field `0` is never read
  --> crates/tidb-expr/src/evaluator/numeric_batch.rs:68:12
   |
68 |     Native(EvaluatorError),
   |     ------ ^^^^^^^^^^^^^^
   |     |
   |     field in this variant
   |
   = note: `FailureKind` has a derived impl for the trait `Debug`, but this is intentionally ignored during dead code analysis
help: consider changing the field to be of unit type to suppress this warning while preserving the field numbering, or remove the field
   |
68 -     Native(EvaluatorError),
68 +     Native(()),
   |

warning: function `d` is never used
    --> crates/tidb-expr/src/func.rs:1056:8
     |
1056 |     fn d(s: &str) -> Datum {
     |        ^

warning: field `gbk_params` is never read
   --> crates/tidb-expr/src/tests/crypto_encryption_source.rs:558:9
    |
552 |     struct GbkRow {
    |            ------ field in this struct
...
558 |         gbk_params: bool,
    |         ^^^^^^^^^^
    |
    = note: `GbkRow` has a derived impl for the trait `Debug`, but this is intentionally ignored during dead code analysis

warning: function `eval_encrypt_bytes` is never used
   --> crates/tidb-expr/src/tests/crypto_encryption_source.rs:707:4
    |
707 | fn eval_encrypt_bytes(origin: &Datum, params: &[&str], mode_value: &str) -> Datum {
    |    ^^^^^^^^^^^^^^^^^^

warning: missing documentation for a struct field
   --> crates/tidb-expr/src/context.rs:139:33
    |
139 |     ConstantFloatCastOverflow { value: String },
    |                                 ^^^^^^^^^^^^^
    |
    = note: requested on the command line with `-W missing-docs`

warning: `tidb-expr` (lib test) generated 35 warnings (run `cargo fix --lib -p tidb-expr --tests` to apply 16 suggestions)
    Finished `test` profile [unoptimized + debuginfo] target(s) in 10.24s
warning: the following packages contain code that will be rejected by a future version of Rust: nom v2.2.1, procinfo v0.4.2 (https://github.com/tikv/procinfo-rs?rev=7693954bd1dd86eb1709572fd7b62fd5f7ff2ea1#7693954b)
note: to see what the problems were, use the option `--future-incompat-report`, or run `cargo report future-incompatibilities --id 1`
     Running unittests src/lib.rs (/home/agent/tidb/expression-unification/target-tidb/debug/build/tidb-expr/1a66296e036585b2/out/tidb_expr-1a66296e036585b2)

running 1407 tests
test aggregation::tests::a_vector_argument_blocks_all_but_the_value_agnostic_kinds ... ok
test aggregation::tests::agg_func_desc_for_window_func_reuses_the_inferred_signature ... ok
test aggregation::tests::agg_func_desc_identity_discriminates_every_field ... ok
test aggregation::tests::agg_function_mode_strings_and_ordinals_round_trip ... ok
test aggregation::tests::an_unknown_name_is_refused ... ok
test aggregation::tests::approx_count_distinct_only_pushes_to_tiflash ... ok
test aggregation::tests::approx_percentile_and_an_ordered_non_group_concat_never_push ... ok
test aggregation::tests::approx_percentile_reads_constants_like_go_eval_int ... ok
test aggregation::tests::approx_percentile_rechecks_contextual_constants ... ok
test aggregation::tests::approx_percentile_types_follow_the_value_argument ... ok
test aggregation::tests::avg_scales_by_the_division_precision_increment ... ok
test aggregation::tests::base_func_clone_is_deep ... ok
test aggregation::tests::bit_funcs_return_unsigned_not_null_bigint_and_cast_their_argument ... ok
test aggregation::tests::count_returns_a_not_null_bigint ... ok
test aggregation::tests::default_values_match_the_empty_table_query_in_the_source_comment ... ok
test aggregation::tests::explain_renders_distinct_order_by_and_the_separator ... ok
test aggregation::tests::frame_rules_match_the_source_tables ... ok
test aggregation::tests::group_concat_falls_back_to_the_connection_collation ... ok
test aggregation::tests::group_concat_is_not_pushable_to_tikv_but_is_to_tiflash ... ok
test aggregation::tests::group_concat_keeps_a_non_binary_input_collation ... ok
test aggregation::tests::group_concat_keeps_input_collation_with_empty_separator_metadata ... ok
test aggregation::tests::json_aggregates_return_json_and_object_agg_casts_its_key ... ok
test aggregation::tests::max_min_and_first_row_rewrite_enum_only_for_the_window_kinds ... ok
test aggregation::tests::max_min_count_descriptors_match_count_shape_and_partial_contract ... ok
test aggregation::tests::max_min_count_outer_join_null_input_uses_count_default ... ok
test aggregation::tests::max_min_count_pushdown_is_tiflash_only_and_one_stage ... ok
test aggregation::tests::max_min_count_split_keeps_the_original_extreme_value_type ... ok
test aggregation::tests::max_min_keep_the_argument_type_and_drop_not_null ... ok
test aggregation::tests::max_of_a_float_scalar_function_is_cast_to_double ... ok
test aggregation::tests::need_count_need_value_and_is_all_first_row ... ok
test aggregation::tests::split_produces_a_partial_and_a_final_descriptor ... ok
test aggregation::tests::sum_int_is_pushable_to_both_stores ... ok
test aggregation::tests::sum_int_keeps_the_unsigned_flag_and_rejects_non_integers ... ok
test aggregation::tests::sum_is_decimal_for_integers_and_double_otherwise ... ok
test aggregation::tests::the_variance_family_is_always_double ... ok
test aggregation::tests::tiflash_refuses_a_duration_argument_and_a_json_sum ... ok
test aggregation::tests::type_infer_4_avg_sum_follows_a_division_argument_through ... ok
test aggregation::tests::type_infer_4_avg_sum_rejects_a_non_sum_name ... ok
test aggregation::tests::type_infer_4_avg_sum_widens_a_decimal_column ... ok
test aggregation::tests::update_not_null_flag_follows_the_group_by_shape ... ok
test aggregation::tests::window_func_desc_applies_the_not_null_fixups ... ok
test aggregation::tests::window_ranking_and_distribution_types ... ok
test aggregation::tests::wrap_cast_for_agg_args_skips_the_no_cast_kinds_and_null_arguments ... ok
test arg_eval_type::tests::a_mask_bit_past_the_arity_casts_nothing ... ok
test arg_eval_type::tests::a_year_typed_argument_takes_go_s_year_parser ... ok
test arg_eval_type::tests::int_argument_is_parsed_as_a_packed_datetime ... ok
test arg_eval_type::tests::mask_positions_follow_the_argtps_tail ... ok
test arg_eval_type::tests::the_cast_inherits_only_the_source_s_unsigned_flag ... ok
test arg_eval_type::tests::the_int_mask_positions_follow_the_argtps_tail ... ok
test arg_eval_type::tests::the_uncast_positions_keep_their_own_datum ... ok
test arg_eval_type::tests::unlisted_names_pass_arguments_through ... ok
test build::tests::binary_collation_on_non_string_type_does_not_select_binary_signature ... ok
test build::tests::char_length_invalid_utf8_and_embedded_nul_boundaries ... ok
test build::tests::char_length_signature_is_selected_only_from_field_type ... ok
test build::tests::length_always_counts_raw_bytes ... ok
test builtin_arithmetic::tests::div_is_decimal_for_ints_real_for_reals ... ok
test builtin_arithmetic::tests::div_uses_the_statement_precision_increment ... ok
test builtin_arithmetic::tests::int_plus_int_is_longlong ... ok
test builtin_arithmetic::tests::intdiv_is_always_int ... ok
test builtin_arithmetic::tests::no_unsigned_subtraction_removes_the_unsigned_result_flag ... ok
test builtin_arithmetic::tests::non_arithmetic_name_is_none ... ok
test builtin_arithmetic::tests::real_operand_promotes_to_double ... ok
test builtin_arithmetic::tests::test_set_flen_decimal4_real_or_decimal ... ok
test builtin_arithmetic::tests::unsigned_propagation ... ok
test builtin_arithmetic::tests::vector_arithmetic_keeps_the_vector_return_type ... ok
test builtin_cast_semantics::cast_char_binary_charset_truncates_bytes_not_chars ... ok
test builtin_cast_semantics::tests::cast_result_types_keep_json_native_and_temporal_fsp ... ok
test builtin_cast_semantics::tests::cast_type_declarations_are_validated_before_evaluation ... ok
test builtin_cast_semantics::tests::union_signed_integer_decimal_cast_preserves_negative_values ... ok
test builtin_cast_semantics::tests::union_unsigned_integer_cast_clamps_negative_values ... ok
test builtin_cast_semantics::tests::union_unsigned_string_decimal_cast_discards_negative_before_parse ... ok
test builtin_cast_semantics::tests::vector_source_only_reaches_the_go_string_signature ... ok
test builtin_compare::tests::a_constant_on_the_left_uses_the_symmetric_operator ... ok
test builtin_compare::tests::a_decimal_column_compared_with_bigint_casts_bigint_to_decimal_20 ... ok
test builtin_compare::tests::a_truncating_inexact_string_warns_three_times ... ok
test builtin_compare::tests::an_inexact_constant_rounds_by_operator ... ok
test builtin_compare::tests::an_inexact_equality_casts_the_unrefined_constant_like_go ... ok
test builtin_compare::tests::an_int_column_gt_a_partial_numeric_string_becomes_gt_an_int ... ok
test builtin_compare::tests::an_overflowing_constant_is_left_unrefined ... ok
test builtin_compare::tests::comparisons_are_boolean_longlong_flen1 ... ok
test builtin_compare::tests::decimal_comparison_folds_integer_literals_with_go_precision ... ok
test builtin_compare::tests::decimal_refinement_preserves_exact_boundaries_and_go_result_types ... ok
test builtin_compare::tests::duration_refinement_propagates_strict_conversion_errors ... ok
test builtin_compare::tests::exceptional_integer_comparisons_fold_only_for_not_null_columns ... ok
test builtin_compare::tests::invalid_duration_constants_are_rewritten_once_on_either_side ... ok
test builtin_compare::tests::non_comparison_name_is_none ... ok
test builtin_compare::tests::numeric_datetime_refinement_matches_go_shapes_and_date_flags ... ok
test builtin_compare::tests::only_a_non_int_constant_against_an_int_non_constant_is_refined ... ok
test builtin_compare::tests::temporal_comparison_folds_string_constants_as_datetime ... ok
test builtin_compare::tests::unsigned_refinement_matches_go_across_widths_nullability_and_operand_order ... ok
test builtin_ext::compare2::tests::extremum_decimal_carries_the_aggregated_scale ... ok
test builtin_ext::compare2::tests::extremum_uses_the_vector_signature_when_either_argument_is_a_vector ... ok
test builtin_ext::compare2::tests::inet6_aton_go_vectors ... ok
test builtin_ext::compare2::tests::inet6_ntoa_go_vectors ... ok
test builtin_ext::compare2::tests::inet_aton_go_vectors ... ok
test builtin_ext::compare2::tests::inet_ntoa_go_vectors ... ok
test builtin_ext::compare2::tests::interval_go_vectors ... ok
test builtin_ext::compare2::tests::is_ip_go_vectors ... ok
test builtin_ext::compare2::tests::is_ipv4_binary_predicate_go_vectors ... ok
test builtin_ext::compare2::tests::test_is_null_func ... ok
test builtin_ext::crypto::tests::aes_ecb_go_vectors ... ok
test builtin_ext::crypto::tests::compress_and_uncompress_vectors ... ok
test builtin_ext::crypto::tests::dispatch_declines_foreign_names_and_arities ... ok
test builtin_ext::crypto::tests::hash_go_vectors_preserve_gbk_and_binary_bytes ... ok
test builtin_ext::crypto::tests::inflate_rejects_output_past_declared_length_before_materializing_it ... ok
test builtin_ext::crypto::tests::md5_go_vectors ... ok
test builtin_ext::crypto::tests::password_go_vectors ... ok
test builtin_ext::crypto::tests::random_bytes_go_contract ... ok
test builtin_ext::crypto::tests::sha1_go_vectors ... ok
test builtin_ext::crypto::tests::sha2_go_vectors ... ok
test builtin_ext::crypto::tests::sha2_hash_length_coercion ... ok
test builtin_ext::crypto::tests::sm3_go_vectors ... ok
test builtin_ext::crypto::tests::sql_encode_decode_go_vectors ... ok
test builtin_ext::crypto::tests::uncompress_requires_a_complete_zlib_stream_and_reports_corruption ... ok
test builtin_ext::crypto::tests::validate_password_strength_go_vectors ... ok
test builtin_ext::info::tests::decode_plan_builtins_preserve_their_distinct_error_policies ... ok
test builtin_ext::info::tests::format_bytes_matches_go_test_vectors_and_thresholds ... ok
test builtin_ext::info::tests::format_nano_time_matches_go_test_vectors_and_thresholds ... ok
test builtin_ext::json2::tests::json_depth_matches_all_go_shape_vectors ... ok
test builtin_ext::json2::tests::json_storage_free_matches_go_vectors ... ok
test builtin_ext::json2::tests::json_storage_size_matches_go_vectors ... ok
test builtin_ext::json::construct::tests::a_boolean_flagged_int_is_a_json_literal_and_a_plain_int_is_a_number ... ok
test builtin_ext::json::tests::cast_as_json_typed_renders_binary_charset_argument_as_opaque ... ok
test builtin_ext::json::tests::containers_paths_and_binary_json_format_match_go ... ok
test builtin_ext::json::tests::dispatch_typed_renders_binary_charset_arguments_as_opaque ... ok
test builtin_ext::json::tests::json_array_append_go_vectors ... ok
test builtin_ext::json::tests::json_array_insert_go_vectors ... ok
test builtin_ext::json::tests::json_array_object_go_vectors ... ok
test builtin_ext::json::tests::json_contains_go_vectors ... ok
test builtin_ext::json::tests::json_contains_path_go_vectors ... ok
test builtin_ext::json::tests::json_contains_source_wave_missing_rows ... ok
test builtin_ext::json::tests::json_errors_carry_go_codes ... ok
test builtin_ext::json::tests::json_extract_go_vectors ... ok
test builtin_ext::json::tests::json_keys_go_vectors ... ok
test builtin_ext::json::tests::json_length_go_vectors ... ok
test builtin_ext::json::tests::json_member_of_go_vectors ... ok
test builtin_ext::json::tests::json_merge_go_vectors ... ok
test builtin_ext::json::tests::json_merge_patch_go_vectors ... ok
test builtin_ext::json::tests::json_mutation_path_error_codes ... ok
test builtin_ext::json::tests::json_numbers_print_as_binary_json_does ... ok
test builtin_ext::json::tests::json_object_duplicate_key_keeps_last ... ok
test builtin_ext::json::tests::json_one_or_all_argument_errors ... ok
test builtin_ext::json::tests::json_overlaps_go_vectors ... ok
test builtin_ext::json::tests::json_pretty_go_vectors ... ok
test builtin_ext::json::tests::json_remove_go_vectors ... ok
test builtin_ext::json::tests::json_scalar_source_wave_boundaries ... ok
test builtin_ext::json::tests::json_schema_valid_go_vectors ... ok
test builtin_ext::json::tests::json_schema_valid_resolves_file_and_http_references ... ok
test builtin_ext::json::tests::json_search_go_vectors ... ok
test builtin_ext::json::tests::json_search_walk_is_not_the_extract_walk ... ok
test builtin_ext::json::tests::json_set_insert_replace_go_vectors ... ok
test builtin_ext::json::tests::json_sum_crc32_go_vectors ... ok
test builtin_ext::json::tests::json_valid_go_vectors ... ok
test builtin_ext::json::tests::object_keys_print_in_plain_byte_order ... ok
test builtin_ext::json::tests::path_errors_carry_go_code_and_position ... ok
test builtin_ext::json::tests::quote_and_unquote_go_vectors ... ok
test builtin_ext::json::tests::scalar_go_vectors ... ok
test builtin_ext::json::tests::string_and_bytes_arguments_agree ... ok
test builtin_ext::misc::tests::any_value_returns_its_argument ... ok
test builtin_ext::misc::tests::dispatch_declines_wrong_arity_and_foreign_functions ... ok
test builtin_ext::misc::tests::hash_builtins_preserve_implicit_signed_cast_overflow_warnings ... ok
test builtin_ext::misc::tests::is_uuid_coerces_the_supported_scalar_domain_to_etstring ... ok
test builtin_ext::misc::tests::is_uuid_matches_go_parse_acceptance ... ok
test builtin_ext::misc::tests::is_uuid_preserves_go_byte_string_boundaries ... ok
test builtin_ext::misc::tests::name_const_preserves_representable_value_domains ... ok
test builtin_ext::misc::tests::test_any_value_hybrid_string_eval_with_int_sig ... ok
test builtin_ext::misc::tests::tidb_shard_matches_vitess_des_and_etint_coercion ... ok
test builtin_ext::misc::tests::uuid_binary_builtins_match_go_swap_and_raw_byte_vectors ... ok
test builtin_ext::misc::tests::uuid_timestamp_matches_go_versioned_timestamp_semantics ... ok
test builtin_ext::misc::tests::uuid_version_matches_go_uuid_parse_and_version_nibble ... ok
test builtin_ext::misc::tests::vitess_hash_full_digest ... ok
test builtin_ext::regexp::tests::regexp_instr_matches_go_source_vectors ... ok
test builtin_ext::regexp::tests::regexp_replace_matches_go_source_vectors ... ok
test builtin_ext::regexp::tests::regexp_source_helpers_keep_capture_replacement_contract ... ok
test builtin_ext::regexp::tests::regexp_substr_matches_go_source_vectors ... ok
test builtin_ext::string2::tests::char_and_find_in_set_match_go_source_vectors ... ok
test builtin_ext::string2::tests::char_preserves_go_four_byte_signed_integer_encoding ... ok
test builtin_ext::string2::tests::export_set_matches_go_source_vectors ... ok
test builtin_ext::string2::tests::export_set_reads_the_unsigned_integer_domain ... ok
test builtin_ext::string2::tests::find_in_set_lookup_preserves_first_position_and_spaces ... ok
test builtin_ext::string2::tests::format_matches_go_source_vectors ... ok
test builtin_ext::string2::tests::go_string_vectors_cover_new_arities_and_functions ... ok
test builtin_ext::string2::tests::ltrim_and_rtrim_preserve_non_space_whitespace ... ok
test builtin_ext::string2::tests::substring_and_locate_match_go_source_vectors ... ok
test builtin_ext::string2::tests::substring_positive_length_overflow_matches_go_int64_boundary ... ok
test builtin_ext::string2::tests::to_base64_matches_go_source_vectors ... ok
test builtin_ext::string2::tests::to_base64_wraps_at_the_go_76_column_boundary ... ok
test builtin_ext::string2::tests::translate_utf8_vectors ... ok
test builtin_ext::string2::tests::unknown_and_null_locales_warn_1649 ... ok
test builtin_ext::vec::tests::vector_functions_are_reachable_from_the_sql_expression_path ... ok
test builtin_ext::vec::tests::vector_functions_follow_the_scalar_go_signatures ... ok
test builtin_ext::vec::tests::vector_functions_propagate_null_and_source_domain_errors ... ok
test builtin_op::tests::bit_ops_are_unsigned_longlong ... ok
test builtin_op::tests::bitneg_is_unsigned ... ok
test builtin_op::tests::logic_ops_are_boolean_flen1 ... ok
test builtin_op::tests::non_op_names_are_none ... ok
test builtin_op::tests::test_unary_minus_decimal_ret_type_flen ... ok
test builtin_op::tests::test_unary_minus_int_ret_type_flen ... ok
test builtin_op::tests::unary_minus_int_and_real_paths ... ok
test builtin_op::tests::unary_not_is_boolean_flen1 ... ok
test builtin_registry::tests::arities_match_the_go_function_class_literals ... ok
test builtin_registry::tests::extension_functions_register_and_unregister ... ok
test builtin_registry::tests::function_class_table_is_sorted_and_unique ... ok
test builtin_registry::tests::registered_but_unavailable_functions_keep_source_names ... ok
test builtin_registry::tests::source_registry_distinguishes_unported_from_unknown ... ok
test cast::tests::a_decimal_source_reads_the_packed_number_not_the_wall_clock_text ... ok
test cast::tests::a_numeric_zero_is_the_zero_time_not_null ... ok
test cast::tests::a_real_source_reads_the_packed_number ... ok
test cast::tests::a_string_cast_to_datetime_rounds_in_the_session_zone ... ok
test cast::tests::a_string_cast_to_timestamp_adjusts_dst_gap_and_warns ... ok
test cast::tests::a_string_source_is_unchanged ... ok
test cast::tests::an_integer_source_reads_the_packed_number ... ok
test cast::tests::cast_decimal_as_unsigned_keeps_the_upper_half_of_unsigned_bigint ... ok
test cast::tests::cast_real_as_unsigned_keeps_the_upper_half_of_unsigned_bigint ... ok
test cast::tests::cast_time_dispatches_every_supported_source_domain ... ok
test cast::tests::double_cast_warning_subject_stops_at_nul_like_go ... ok
test cast::tests::double_cast_warning_value_truncates_at_128_bytes_like_go ... ok
test cast::tests::duration_to_date_keeps_go_visible_date ... ok
test cast::tests::float32_unsigned_cast_reports_negative_overflow ... ok
test cast::tests::json_object_to_int_cast_warns_truncation_like_string ... ok
test cast::tests::real_unsigned_cast_reports_positive_overflow ... ok
test cast::tests::signed_string_overflow_keeps_go_complement_and_warning_semantics ... ok
test cast::tests::temporal_cast_preserves_value_and_zero_date_fields ... ok
test cast::tests::temporal_target_fsp_rounds_at_boundaries ... ok
test cast::tests::truncated_datetime_cast_keeps_the_value_and_warns ... ok
test collation_derive::display_name_source_tests::test_display_name ... ok
test collation_derive::go_tests::go_test_derive_collation ... ok
test collation_derive::go_tests::go_test_infer_collation ... ok
test collation_derive::go_tests::static_type_reads_share_metadata_and_keep_null_defaults ... ok
test column::tests::column_eval_preserves_hybrid_datums_from_rows ... ok
test column::tests::column_hash_equals_matches_source ... ok
test column::tests::column_virtual_expression_hash_equals_matches_source ... ok
test column::tests::correlated_column_clone_shares_the_outer_binding ... ok
test column::tests::correlated_column_decorrelates_and_is_correlated ... ok
test column::tests::correlated_column_eval_matches_source_datum_kinds ... ok
test column::tests::distinct_unique_ids_hash_differently ... ok
test column::tests::equality_is_by_unique_id ... ok
test column::tests::gc_column_expr_is_tidb_shard_matches_source ... ok
test column::tests::plain_column_is_not_correlated_or_const ... ok
test column::tests::resolve_indices_by_virtual_expr_prefers_exact_unique_id ... ok
test column::tests::test_col_info2_col ... ok
test column::tests::test_column2_expr ... ok
test column::tests::test_column_hash_code ... ok
test column::tests::test_in_column_array ... ok
test constant::tests::clone_is_deep ... ok
test constant::tests::const_level_reflects_deferred_and_param ... ok
test constant::tests::constant_hash_equals_matches_source ... ok
test constant::tests::distinct_literals_hash_differently ... ok
test constant::tests::literal_hash_code_is_flag_plus_value_encoding ... ok
test constant::tests::param_hash_code_is_flag_plus_order ... ok
test constant::tests::parameter_evaluates_the_current_context_value ... ok
test constant::tests::prepared_constant_reads_current_typed_value_not_saved_literal ... ok
test constant::tests::prepared_constants_never_supply_a_context_free_folded_value ... ok
test constant::tests::prepared_decimal_batch_specialization_does_not_use_saved_parameter ... ok
test constant::tests::prepared_deferred_constant_converts_current_value_without_mutation ... ok
test constant::tests::prepared_deferred_decimal_only_extends_declared_fraction ... ok
test constant::tests::prepared_folding_preserves_parameter_dependencies_in_lazy_functions ... ok
test constant::tests::prepared_overflow_reports_current_operands ... ok
test constant::tests::prepared_public_folding_keeps_nested_lazy_branches_live ... ok
test constant::tests::specific_constant_matches_source ... ok
test constant_fold::deferred_function_tests::benchmark_scope_keeps_its_subtree_unfolded ... ok
test constant_fold::deferred_function_tests::deferred_function_fold_re_evaluates_per_execution ... ok
test constant_fold::deferred_function_tests::folding_preserves_first_positive_subquery_reference ... ok
test constant_fold::deferred_function_tests::interval_scope_does_not_raise_child_warnings_during_fold ... ok
test constant_fold::deferred_function_tests::last_insert_id_argument_folds_and_publishes_during_construction ... ok
test constant_fold::deferred_function_tests::last_insert_id_requires_runtime_session_state ... ok
test constant_fold::deferred_function_tests::mixed_numeric_in_literals_stay_runtime_bound_for_warning_preservation ... ok
test constant_fold::deferred_function_tests::session_information_functions_require_runtime_context ... ok
test distsql_builtin::tests::every_encoder_signature_has_a_typed_decoder ... ok
test distsql_builtin::tests::protobuf_binary_and_utf8_signatures_stay_distinct ... ok
test distsql_builtin::tests::protobuf_cast_preserves_wire_type_without_sql_rewriting ... ok
test distsql_builtin::tests::protobuf_control_does_not_evaluate_the_unused_branch ... ok
test distsql_builtin::tests::protobuf_json_replace_reuses_the_selected_implementation_across_rows ... ok
test distsql_builtin::tests::protobuf_mod_signedness_comes_from_the_selected_signature ... ok
test distsql_builtin::tests::protobuf_signature_survives_display_name_changes ... ok
test evaluator::numeric_batch::tests::actual_nonvectorizable_program_does_not_query_global_flag_or_run_values ... ok
test evaluator::numeric_batch::tests::actual_suite_native_and_private_consumers_match_selected_numeric_results ... ok
test evaluator::numeric_batch::tests::complete_metadata_detachment_and_incoming_caps_precede_equality_and_effects ... ok
test evaluator::numeric_batch::tests::current_global_flag_is_read_once_per_invoke_and_never_row_fallback ... ok
test evaluator::numeric_batch::tests::documented1025_witness_refuses_without_tiling_or_leaf_effects ... ok
test evaluator::numeric_batch::tests::foreign_suite_decimal_or_control_cannot_do_work_before_private_refusal ... ok
test evaluator::numeric_batch::tests::kernel_sites_use_actual_selected_occurrence_after_complete_input_phase ... ok
test evaluator::numeric_batch::tests::malformed_empty_selection_schema_and_native_layout_are_not_skipped ... ok
test evaluator::numeric_batch::tests::materialization_counts_public_vector_and_selection_capacities ... ok
test evaluator::numeric_batch::tests::native_decimal_priority_and_leaf_admission_remain_unchanged ... ok
test evaluator::numeric_batch::tests::own_numeric_facts_preserve_source_ordinals_and_exact_declarations ... ok
test evaluator::numeric_batch::tests::selected_occurrences_not_physical_width_bound_virtual_constant_broadcasts ... ok
test evaluator::numeric_batch::tests::source_depth_and_retained_limits_are_resources_not_sql_null_or_retry ... ok
test evaluator::numeric_batch::tests::strict_native_kind_validation_precedes_erasure_and_preserves_input_site ... ok
test evaluator::numeric_batch::tests::warning_prefix_raw_reported_parity_and_fresh_retry_sites ... ok
test evaluator::numeric_batch::tests::whole_left_later_failure_suppresses_whole_right_earlier_failure ... ok
test evaluator::numeric_batch::tests::whole_right_failure_precedes_an_earlier_possible_parent_overflow ... ok
test evaluator::numeric_batch::tests::whole_source_closure_refuses_unproved_nodes_flags_and_pb_even_when_empty ... ok
test evaluator::tests::avoiding_column_evaluator_copies_without_transferring ... ok
test evaluator::tests::calculated_columns_finish_before_direct_owners_move ... ok
test evaluator::tests::constant_batch_error_preserves_input_owners_and_skips_empty_input ... ok
test evaluator::tests::constant_batch_preserves_deferred_rows_and_side_effect_ordering ... ok
test evaluator::tests::constant_batch_reads_current_parameter_once_per_nonempty_chunk ... ok
test evaluator::tests::decimal_revenue_expression_uses_the_general_expression_evaluator ... ok
test evaluator::tests::expression_error_does_not_move_a_direct_column_owner ... ok
test evaluator::tests::numeric_batch_casts_unsigned_arguments_before_arithmetic ... ok
test evaluator::tests::numeric_batch_does_not_suppress_nested_errors_on_null_rows ... ok
test evaluator::tests::numeric_batch_selection_signedness_and_preflight ... ok
test evaluator::tests::projection_decimal_arithmetic_matches_the_row_evaluator_cell_for_cell ... ok
test evaluator::tests::user_variable_side_effects_follow_select_list_order_for_each_row ... ok
test evaluator::tests::vector_filter_compares_decimals_column_wise ... ok
test evaluator::tests::vector_filter_compares_integer_columns_column_wise ... ok
test evaluator::tests::vector_filter_evaluates_not_and_isnull_column_wise ... ok
test evaluator::tests::vector_filter_reads_current_parameter_once_per_nonempty_chunk ... ok
test evaluator::tests::vectorizable_matches_user_variable_and_sequence_ordering_rules ... ok
test evaluator::tests::vectorized_filter_preserves_selection_and_null_mask ... ok
test expr_collation::tests::charset_helpers ... ok
test expr_collation::tests::coercibility_names ... ok
test expr_collation::tests::collation_hash_equals_matches_source ... ok
test expr_collation::tests::collation_info_clone_and_eq ... ok
test expr_collation::tests::collation_info_coercibility_lazy_init ... ok
test expr_collation::tests::repertoire_bit_values ... ok
test expr_util::builder::tests::build_cast_uses_the_dedicated_signature_name ... ok
test expr_util::builder::tests::new_function_routes_a_dedicated_cast_name_to_the_cast_builder ... ok
test expr_util::mview_schedule::tests::err_levels_follow_the_sql_mode ... ok
test expr_util::mview_schedule::tests::nil_time_and_missing_zone_boundaries ... ok
test expr_util::mview_schedule::tests::schedule_time_converts_under_the_given_zone ... ok
test expr_util::mview_schedule::tests::type_flags_follow_the_sql_mode ... ok
test expr_util::predicates::mutable_constant_tests::remove_mutable_const_keeps_null_and_saved_parameter_values ... ok
test expr_util::predicates::mutable_constant_tests::remove_mutable_const_preserves_go_error_value_and_traversal ... ok
test expr_util::push_not::native_cast_tests::lossless_cast_elimination_recognizes_native_signature_names ... ok
test expr_util::substitute::native_cast_tests::native_cast_substitution_folds_and_preserves_original_metadata ... ok
test expr_util::substitute::native_cast_tests::native_cast_substitution_preserves_explicit_charset ... ok
test expr_util::tests::get_func_arg_panics_on_an_out_of_range_function_index_like_go ... ok
test expr_util::tests::go_disable_parse_json_flag_4_expr ... ok
test expr_util::tests::go_filter_out_in_place ... ok
test expr_util::tests::go_get_str_int_from_constant ... ok
test expr_util::tests::go_get_uint64_from_constant ... ok
test expr_util::tests::go_pop_row_first_arg ... ok
test expr_util::tests::go_projection_benefits_from_pushed_down ... ok
test expr_util::tests::go_push_down_not_de_morgan ... ok
test expr_util::tests::go_push_down_not_double_negation ... ok
test expr_util::tests::go_push_down_not_wraps_non_predicate_in_is_true ... ok
test expr_util::tests::go_set_expr_column_in_operand ... ok
test expr_util::tests::go_substitute_cor_col_2_constant ... ok
test expr_util::tests::is_col_op_col_needs_two_columns ... ok
test expr_util::tests::real_function_builder_casts_comparison_arguments ... ok
test exprctx::tests::descriptor_list_is_aligned_with_its_keys ... ok
test exprctx::tests::empty_param_values_report_the_source_error ... ok
test exprctx::tests::optional_prop_key ... ok
test exprctx::tests::optional_prop_key_set ... ok
test exprctx::tests::optional_prop_key_set_with_unused_bits ... ok
test exprctx::tests::plan_column_ids_are_allocated_after_the_offset ... ok
test expression::tests::eval_constant_column_and_unsupported ... ok
test expression::tests::prepared_deferred_expression_receives_the_current_row ... ok
test expression::tests::scalar_expression_equality_is_recursive ... ok
test expression::tests::test_is_null_rejected_proof_modes ... ok
test expression::tests::test_null_reject_builtin_registry_snapshot ... ok
test expropt::tests::optional_eval_prop_providers ... ok
test expropt::tests::session_context_property_regression ... ok
test exprstatic::evalctx::tests::eval_ctx_load_system_vars ... ok
test exprstatic::evalctx::tests::make_eval_context_static_copies_every_field ... ok
test exprstatic::evalctx::tests::new_static_eval_ctx ... ok
test exprstatic::evalctx::tests::param_list ... ok
test exprstatic::evalctx::tests::static_eval_context_optional_props ... ok
test exprstatic::evalctx::tests::static_eval_ctx_current_time ... ok
test exprstatic::evalctx::tests::static_eval_ctx_warnings ... ok
test exprstatic::evalctx::tests::update_static_eval_context ... ok
test exprstatic::exprctx::tests::expr_ctx_column_id_allocator ... ok
test exprstatic::exprctx::tests::expr_ctx_load_system_vars ... ok
test exprstatic::exprctx::tests::make_expr_context_static_copies_every_field ... ok
test exprstatic::exprctx::tests::new_collation_mode_is_captured_per_context ... ok
test exprstatic::exprctx::tests::new_static_expr_ctx ... ok
test exprstatic::exprctx::tests::static_expr_ctx_apply_options ... ok
test field_name::tests::find_field_name_index_by_column_matches_first_normalized_name ... ok
test field_name::tests::find_field_name_matches_simple_rewriter_source_cases ... ok
test fts::tests::a_single_predicate_is_ifnull_over_ilike_with_an_escaped_pattern ... ok
test fts::tests::boolean_mode_composes_required_excluded_and_optional_terms ... ok
test fts::tests::build_fts_to_ilike_expression_from_builtin_go_cases ... ok
test fts::tests::build_fts_to_ilike_expression_rejects_the_unsupported_shapes ... ok
test fts::tests::escape_fts_like_pattern_cases ... ok
test fts::tests::escape_fts_like_pattern_preserves_multibyte ... ok
test fts::tests::natural_language_mode_ors_every_column_and_word ... ok
test fts::tests::parse_fts_boolean_search_string_cases ... ok
test fts::tests::parse_fts_search_term_cases ... ok
test fts::tests::validate_fts_search_string_for_like_fallback_cases ... ok
test func::cast_real_int_in_union_tests::cast_real_int_in_union_clamps_negatives_to_zero ... ok
test func::cast_real_int_in_union_tests::cast_real_int_in_union_keeps_non_negatives ... ok
test func::cast_real_to_decimal_in_union_tests::cast_real_to_decimal_in_union_clamps_negatives_to_zero ... ok
test func::cast_real_to_decimal_in_union_tests::cast_real_to_decimal_in_union_keeps_non_negatives_like_go ... ok
test func::tests::cast_decimal_in_union_clamps_negatives_to_zero ... ok
test func::tests::cast_decimal_in_union_keeps_positives ... ok
test func::tests::cast_real_in_union_clamps_negatives_to_zero ... ok
test func::tests::cast_real_in_union_keeps_non_negatives ... ok
test func::tests::test_insert_binary_sig ... ok
test go_flate::tests::compresses_like_go_zlib ... ok
test grouping::tests::grouping_source_vectors ... ok
test grouping::tests::metadata_validation_matches_source_guards ... ok
test infer_pushdown::tests::a_blacklist_row_is_lowercased_aliased_and_masked_as_go_does ... ok
test infer_pushdown::tests::a_store_set_refuses_only_when_it_covers_the_question ... ok
test infer_pushdown::tests::infer_pushdown_blacklist_checks_name_then_exact_signature ... ok
test infer_pushdown::tests::infer_pushdown_flash_cast_and_fts_boundaries_match_go ... ok
test infer_pushdown::tests::infer_pushdown_flash_signature_boundaries_match_go ... ok
test infer_pushdown::tests::infer_pushdown_store_masks_match_go_bit_positions ... ok
test infer_pushdown::tests::infer_pushdown_tidb_is_union_and_enum_is_numeric_cast_only ... ok
test infer_pushdown::tests::infer_pushdown_tikv_special_boundaries_match_go ... ok
test like::tests::binary_like_fast_path_matches_wildcards_and_escapes ... ok
test like::tests::ci_like_keeps_supplementary_unicode_runes_distinct ... ok
test like::tests::ci_like_source_vectors_cover_general_and_unicode_collations ... ok
test like::tests::ilike_source_vectors ... ok
test like::tests::ilike_zero_escape_lowers_ascii_without_disabling_wildcards ... ok
test like::tests::malformed_bytes_follow_the_selected_go_pattern_implementation ... ok
test like::tests::shared_like_regression_gb18030_binary_byte_units ... ok
test like::tests::shared_like_regression_gbk_binary_rune_identity ... ok
test like::tests::shared_like_regression_unicode_literal_spaces ... ok
test like::tests::shared_like_regression_wildcard_escape_at_end ... ok
test like::tests::zero_escape_byte_preserves_go_nul_escape_behavior ... ok
test math_fn::go_trig::tests::cot_one_matches_go_engine_value ... ok
test math_fn::go_trig::tests::large_arguments_reduce_like_go ... ok
test math_fn::go_trig::tests::matches_go_bit_for_bit_on_golden_vectors ... ok
test math_fn::tests::cot_preserves_go_overflow_after_string_coercion ... ok
test math_fn::tests::rand_dispatch_retains_constant_ast_and_function_identity ... ok
test math_fn::tests::rand_values_shares_the_ast_paths_identity_semantics ... ok
test math_fn::tests::real_math_signatures_coerce_mysql_string_prefixes ... ok
test memory_usage::tests::a_column_weighs_gos_empty_size_plus_its_type_and_name ... ok
test memory_usage::tests::a_function_charges_its_builtin_and_every_argument ... ok
test memory_usage::tests::a_schema_charges_its_columns_and_keys ... ok
test metabuild::tests::default_of_expr_ctx ... ok
test metabuild::tests::default_of_scalar_fields ... ok
test metabuild::tests::non_strict_context_uses_mode_none ... ok
test metabuild::tests::option_of_clustered_index_def_mode ... ok
test metabuild::tests::option_of_enable_auto_increment_in_generated ... ok
test metabuild::tests::option_of_expr_ctx ... ok
test metabuild::tests::option_of_info_schema ... ok
test metabuild::tests::option_of_pre_split_regions ... ok
test metabuild::tests::option_of_primary_key_required ... ok
test metabuild::tests::option_of_shard_row_id_bits ... ok
test metabuild::tests::option_of_suppress_too_long_index_err ... ok
test new_function::tests::a_non_constant_argument_blocks_folding ... ok
test new_function::tests::an_unknown_function_reports_1305_or_no_database ... ok
test new_function::tests::arithmetic_builder_infers_result_type_before_comparison_refinement ... ok
test new_function::tests::comparison_refinement_precedes_callback_and_all_folding_modes ... ok
test new_function::tests::construction_callback_preserves_replacement_metadata ... ok
test new_function::tests::construction_folds_constants_only_in_the_folding_modes ... ok
test new_function::tests::control_functions_skip_null_type_inference ... ok
test new_function::tests::dedicated_builder_names_are_refused_rather_than_built ... ok
test new_function::tests::folding_a_parameter_keeps_context_only_provenance ... ok
test new_function::tests::issue23309_null_arg_takes_the_column_type_without_the_not_null_flag ... ok
test new_function::tests::new_function_internal_swallows_the_error_as_none ... ok
test new_function::tests::null_inference_takes_the_last_non_null_argument_type ... ok
test new_function::tests::scalar_funcs_to_exprs_preserves_each_function ... ok
test new_function::tests::sysdate_becomes_now_when_the_session_says_so ... ok
test new_function::tests::the_init_callback_can_reject_the_built_function ... ok
test new_function::tests::type_infer_for_null_is_inert_without_both_a_null_and_a_type ... ok
test new_function::tests::wrong_argument_counts_are_rejected_by_name ... ok
test ops::integer_coerce::source_tests::no_unsigned_subtraction_forces_the_signed_value_domain ... ok
test ops::integer_coerce::source_tests::test_builtin_unary_minus_int_sig ... ok
test ops::tests::decimal_division_reports_codec_truncation_warning ... ok
test ops::tests::decimal_division_scale_and_rounding_match_go ... ok
test ops::tests::decimal_integer_division_small_coefficients_match_bounded_kernel ... ok
test ops::tests::decimal_mul_uses_bounded_mydecimal_semantics ... ok
test ops::tests::enum_and_set_compare_by_name_against_text_and_by_ordinal_against_numbers ... ok
test ops::tests::function_callers_reject_the_unclaimed_kinds_too ... ok
test ops::tests::int_vs_decimal_comparison_is_exact_not_lossy_through_f64 ... ok
test ops::tests::integer_division_matches_go_signedness_helpers ... ok
test ops::tests::integer_mod_preserves_go_dividend_sign_and_result_flag ... ok
test ops::tests::integer_plus_reports_overflow_like_go_instead_of_wrapping ... ok
test ops::tests::json_operands_compare_by_gos_json_type_precedence_instead_of_aborting ... ok
test ops::tests::mixed_string_number_comparisons_use_mysql_real_prefix ... ok
test ops::tests::signed_int_division_rejects_the_only_overflow_case ... ok
test ops::tests::signed_minus_and_mul_report_overflow_like_go ... ok
test ops::tests::string_to_real_coercion_raises_go_truncation_warnings ... ok
test ops::tests::test_decimal_err_overflow ... ok
test ops::tests::time_comparison_uses_statement_date_modes_and_warning_sink ... ok
test ops::tests::time_comparison_uses_statement_timezone_for_offset_text ... ok
test ops::tests::unary_minus_overflow_quotes_the_negated_value ... ok
test ops::tests::unclaimed_datum_kinds_report_an_error_instead_of_aborting_or_guessing ... ok
test ops::tests::unsigned_and_mixed_minus_match_go_overflow_check ... ok
test ops::tests::unsigned_and_mixed_mul_match_go_overflow_check ... ok
test ops::tests::vector_arithmetic_uses_the_source_elementwise_signatures ... ok
test ops::tests::vector_comparisons_use_the_vector_signature_and_text_cast ... ok
test pushdown_catalog::probe2::probe_nested_gt_plus ... ok
test pushdown_catalog::tests::a_constant_that_needs_a_cast_is_folded_before_lowering ... ok
test pushdown_catalog::tests::a_descriptor_that_disagrees_about_the_collation_refuses_the_push ... ok
test pushdown_catalog::tests::a_leaf_family_matches_go_column_to_pb ... ok
test pushdown_catalog::tests::a_name_tikv_does_not_evaluate_is_not_in_the_catalog ... ok
test pushdown_catalog::tests::a_nested_string_call_resolves_on_the_inner_calls_collation ... ok
test pushdown_catalog::tests::a_non_string_argument_in_a_string_slot_is_refused ... ok
test pushdown_catalog::tests::a_real_slot_wraps_an_integer_argument_in_the_cast_go_inserts ... ok
test pushdown_catalog::tests::a_string_leaf_carries_the_columns_own_collation_id ... ok
test pushdown_catalog::tests::atan_resolves_by_arity ... ok
test pushdown_catalog::tests::concrete_go_literal_kinds_keep_their_tipb_leaf_types ... ok
test pushdown_catalog::tests::conv_is_collation_blind_and_returns_the_connection_charset ... ok
test pushdown_catalog::tests::date_format_uses_the_format_argument_collation_and_width ... ok
test pushdown_catalog::tests::every_catalog_row_is_well_formed ... ok
test pushdown_catalog::tests::ifnull_string_column_literal_uses_go_signature_and_column_collation ... FAILED
test pushdown_catalog::tests::is_null_catalog_preserves_go_families_casts_and_boolean_width ... ok
test pushdown_catalog::tests::mod_resolves_the_signature_gos_switch_would ... ok
test pushdown_catalog::tests::only_the_families_go_flags_propagate_unsignedness ... ok
test pushdown_catalog::tests::round_keeps_its_argument_domain_and_refuses_the_frac_overload ... ok
test pushdown_catalog::tests::temporal_and_json_families_lower_with_go_signatures_and_casts ... ok
test pushdown_catalog::tests::the_first_arg_string_family_stamps_its_arguments_collation_on_the_result ... ok
test pushdown_catalog::tests::the_inserted_cast_carries_the_columns_signedness ... ok
test pushdown_catalog::tests::the_string_family_resolves_its_spelling_from_is_binary_str ... ok
test ranger_context::tests::context_detach ... ok
test regexp::tests::regexp_like_rejects_empty_invalid_pattern_and_match_type ... ok
test regexp::tests::regexp_like_source_scalar_rows ... ok
test regexp::tests::regexp_source_malformed_patterns ... ok
test rewriter::builtin_type_tests::a_string_literal_is_as_wide_as_its_bytes ... ok
test rewriter::builtin_type_tests::any_value_reports_its_argument_type ... ok
test rewriter::builtin_type_tests::go_captured_edge_case_values ... ok
test rewriter::builtin_type_tests::int_returning_builtins_carry_gos_flen_and_sign ... ok
test rewriter::builtin_type_tests::string_returning_builtins_carry_gos_flen_and_charset ... ok
test rewriter::builtin_type_tests::time_format_flen_follows_the_format_argument ... ok
test rewriter::builtin_type_tests::to_base64_flen_follows_the_argument ... ok
test rewriter::control_type::tests::a_datetime_result_takes_its_canonical_width ... ok
test rewriter::control_type::tests::a_decimal_branch_widens_the_integer_branchs_scale ... ok
test rewriter::control_type::tests::a_lone_enum_branch_reports_the_varchar_its_signature_returns ... ok
test rewriter::control_type::tests::an_enum_pair_reports_the_varchar_its_signature_returns ... ok
test rewriter::control_type::tests::an_integer_branch_beside_a_string_one_is_a_string_result ... ok
test rewriter::control_type::tests::every_branch_null_is_a_null_column ... ok
test rewriter::control_type::tests::one_typed_branch_beside_nulls_is_that_branch_exactly ... ok
test rewriter::control_type::tests::test_issue_46475 ... ok
test rewriter::control_type::tests::the_width_arm_is_chosen_by_the_aggregate_eval_type ... ok
test rewriter::control_type::tests::two_not_null_branches_do_not_make_an_if_not_null ... ok
test rewriter::literal_tests::binary_literal_types_match_tidb ... ok
test rewriter::literal_tests::decimal_literal_type_matches_tidb ... ok
test rewriter::literal_tests::integer_literal_signedness_matches_tidb ... ok
test rewriter::preparation_tests::structural_bigint_controls_feed_frozen_d1 ... ok
test rewriter::preparation_tests::structural_controls_never_call_value_hooks ... ok
test rewriter::preparation_tests::structural_explicit_signed_cast_ignores_forced_normal_fold ... ok
test rewriter::preparation_tests::structural_limits_and_rejected_syntax_do_not_evaluate ... ok
test rewriter::preparation_tests::structural_preparation_preserves_diagnostics_and_state ... ok
test rewriter::preparation_tests::structural_purpose_survives_nested_resolver_scopes ... ok
test rewriter::preparation_tests::structural_rejection_precedes_all_value_effects ... ok
test rewriter::preparation_tests::structural_reuses_declared_metadata_without_normalizing ... ok
test rewriter::result_type::crypto::tests::random_bytes_is_binary_var_string_1024 ... ok
test rewriter::result_type::tests::cast_binary_padding_gates_on_the_fixed_type_string_code ... ok
test rewriter::result_type::tests::cast_target_types_follow_go_parser_y_cast_rules ... ok
test rewriter::result_type::tests::ceil_floor_type_source_tests::decimal_result_domain_uses_declared_integer_width ... ok
test rewriter::result_type::tests::char_cast_target_carries_the_explicit_charset ... ok
test rewriter::result_type::tests::concat_flen_tests::concat_clamps_at_max_blob_width_the_way_go_does ... ok
test rewriter::result_type::tests::concat_flen_tests::concat_sums_the_string_cast_widths_go_sums ... ok
test rewriter::result_type::tests::concat_flen_tests::concat_ws_counts_the_separator_between_values_only ... ok
test rewriter::result_type::tests::go_string_flen_tests::a_text_argument_stays_var_string_in_go ... ok
test rewriter::result_type::tests::go_string_flen_tests::arg_zero_width_family_matches_go ... ok
test rewriter::result_type::tests::go_string_flen_tests::base64_matches_go ... ok
test rewriter::result_type::tests::go_string_flen_tests::char_matches_go ... ok
test rewriter::result_type::tests::go_string_flen_tests::concat_over_literals_matches_go ... ok
test rewriter::result_type::tests::go_string_flen_tests::elt_matches_go ... ok
test rewriter::result_type::tests::go_string_flen_tests::export_set_matches_go ... ok
test rewriter::result_type::tests::go_string_flen_tests::fixed_width_members_match_go ... ok
test rewriter::result_type::tests::go_string_flen_tests::hex_matches_go ... ok
test rewriter::result_type::tests::go_string_flen_tests::lpad_and_rpad_match_go ... ok
test rewriter::result_type::tests::go_string_flen_tests::make_set_matches_go ... ok
test rewriter::result_type::tests::go_string_flen_tests::quote_matches_go ... ok
test rewriter::result_type::tests::go_string_flen_tests::replace_matches_go ... ok
test rewriter::result_type::tests::go_string_flen_tests::string_builtins_returning_an_int_match_go ... ok
test rewriter::result_type::tests::go_string_flen_tests::the_promotion_thresholds_are_inclusive ... ok
test rewriter::result_type::tests::go_string_flen_tests::two_argument_trim_has_no_width_in_go ... ok
test rewriter::result_type::tests::go_string_flen_tests::unhex_matches_go ... ok
test rewriter::result_type::tests::info_source_tests::test_last_insert_id ... ok
test rewriter::result_type::tests::name_const_requires_the_source_literal_shapes ... ok
test rewriter::result_type::tests::pi_and_abs_keep_their_source_field_metadata ... ok
test rewriter::result_type::tests::round_truncate_type_source_tests::constant_decimal_scale_fixes_the_source_metadata ... ok
test rewriter::result_type::tests::round_truncate_type_source_tests::dynamic_decimal_scale_and_integer_domain_match_the_source_types ... ok
test rewriter::result_type::tests::temporal_casts_keep_native_result_types ... ok
test rewriter::result_type::tests::time_source_tests::date_reports_the_native_date_domain ... ok
test rewriter::result_type::tests::time_source_tests::test_time ... ok
test rewriter::result_type::tests::vector_result_type_tests::vector_builtin_result_domains_match_their_function_classes ... ok
test rewriter::tests::builtin_result_flens_match_go_getfunction ... ok
test rewriter::tests::concat_derives_binary_before_wrapping_gbk_string ... ok
test rewriter::tests::decimal_arithmetic_casts_an_integer_column_to_decimal ... ok
test rewriter::tests::explicit_cast_owns_folding_independently_of_parent_mode ... ok
test rewriter::tests::in_list_coerces_string_candidates_to_the_column_eval_type ... ok
test rewriter::tests::nested_planner_column_keeps_its_scalar_subquery_constant ... ok
test rewriter::tests::power_wraps_integer_expressions_as_real ... ok
test rewriter::tests::prepared_nested_planning_values_determine_parent_result_types ... ok
test rewriter::tests::prepared_rewriter_keeps_changing_string_in_members ... ok
test rewriter::tests::prepared_rewriter_keeps_parameter_dependent_implicit_real_casts ... ok
test rewriter::tests::prepared_rewriter_preserves_markers_under_lazy_nested_scopes ... ok
test rewriter::tests::prepared_rewriter_retains_distinct_markers_with_equal_initial_values ... ok
test rewriter::tests::rewrite_and_eval_arithmetic ... ok
test rewriter::tests::rewrite_and_eval_in_lists ... ok
test rewriter::tests::rewrite_and_eval_is_predicates ... ok
test rewriter::tests::rewrite_infers_compare_and_op_ret_types ... ok
test rewriter::tests::rewrite_literals ... ok
test rewriter::tests::unsupported_form_errors ... ok
test row::tests::invalid_temporal_comparison_returns_an_error_instead_of_panicking ... ok
test scalar_function::tests::args_and_static_type ... ok
test scalar_function::tests::binary_operator_names_delegate_to_the_opcode_authority ... ok
test scalar_function::tests::cast_hash_code_includes_eval_type_byte ... ok
test scalar_function::tests::concat_family_stops_at_the_packet_limit_before_later_arguments ... ok
test scalar_function::tests::const_level_matches_the_source_function_and_argument_rules ... ok
test scalar_function::tests::decimal_round_and_truncate_cap_dynamic_scale_by_the_result_type ... ok
test scalar_function::tests::different_functions_hash_differently ... ok
test scalar_function::tests::eval_bridges_values_only_builtins ... ok
test scalar_function::tests::eval_renders_binary_charset_column_as_json_opaque ... ok
test scalar_function::tests::extremum_over_typed_columns_keeps_the_winner_own_scale ... ok
test scalar_function::tests::fast_integer_gate_leaves_string_operands_on_the_ladder ... ok
test scalar_function::tests::fast_integer_path_answers_the_join_residual_shape ... ok
test scalar_function::tests::fast_integer_path_orders_mixed_signedness_by_value ... ok
test scalar_function::tests::fast_integer_path_propagates_null_like_the_ladder ... ok
test scalar_function::tests::fast_integer_path_reports_unsigned_subtraction_overflow ... ok
test scalar_function::tests::hash_code_is_flag_name_and_arg_codes ... ok
test scalar_function::tests::is_correlated_follows_args ... ok
test scalar_function::tests::logical_and_interval_skip_unreachable_warning_arguments ... ok
test scalar_function::tests::numeric_real_cast_fast_path_preserves_decimal_value_and_scale ... ok
test scalar_function::tests::rand_reuses_one_generator_per_node_for_a_constant_seed ... ok
test scalar_function::tests::rand_with_no_args_reads_the_running_generator ... ok
test scalar_function::tests::string_arithmetic_preserves_go_cast_and_batch_order ... ok
test scalar_function::tests::string_division_preserves_go_decimal_parser_diagnostics ... ok
test scalar_function::tests::string_in_prepares_collation_keys_for_strict_literals ... ok
test scalar_function::tests::string_in_raw_key_probe_preserves_go_collation_semantics ... ok
test scalar_function::tests::test_connection_id ... ok
test scalar_function::tests::test_current_role ... ok
test scalar_function::tests::test_current_user ... ok
test scalar_function::tests::test_tidb_version ... ok
test scalar_function::tests::tidb_is_ddl_owner_reports_the_missing_provider_like_go ... ok
test schema::tests::column_index_prefers_full_over_prefix ... ok
test schema::tests::columns_indices_all_or_nothing ... ok
test schema::tests::equal_and_merge ... ok
test schema::tests::extra_handle_column_detection ... ok
test schema::tests::index_contains_retrieve ... ok
test schema::tests::set_keys ... ok
test schema::tests::test_schema_clone ... ok
test schema::tests::test_schema_columns_by_indices ... ok
test schema::tests::test_schema_columns_indices ... ok
test schema::tests::test_schema_contains ... ok
test schema::tests::test_schema_is_unique_key ... ok
test schema::tests::test_schema_merge_schema ... ok
test schema::tests::test_schema_retrieve_column ... ok
test schema::tests::test_schema_string ... ok
test sessionexpr::tests::into_static_snapshots_the_session ... ok
test sessionexpr::tests::session_build_context ... ok
test sessionexpr::tests::session_eval_context_basic ... ok
test sessionexpr::tests::session_eval_context_current_time ... ok
test sessionexpr::tests::session_eval_context_opt_props ... ok
test sessionexpr::tests::session_eval_context_privilege_check ... ok
test simple_expr::tests::a_column_under_a_function_keeps_its_identity ... ok
test simple_expr::tests::build_expression_with_cast_expr_to ... ok
test simple_expr::tests::build_expression_with_input_schema_and_names ... ok
test simple_expr::tests::build_expression_with_table_info ... ok
test simple_expr::tests::build_expression_without_enough_columns ... ok
test simple_expr::tests::build_simple_expr_validates_schema_and_names ... ok
test simple_expr::tests::cast_as_char_estimates_unspecified_widths_like_go ... ok
test simple_expr::tests::cast_over_if_pushes_into_hybrid_branches_like_go ... ok
test simple_expr::tests::cast_target_not_null_follows_source_nullability_without_mutating_target ... ok
test simple_expr::tests::column_infos_to_columns_and_names_builds_virtual_expressions ... ok
test simple_expr::tests::compose_cnf_condition_and_extract_columns ... ok
test simple_expr::tests::compose_condition_is_balanced ... ok
test simple_expr::tests::extract_cor_columns_keeps_duplicates ... ok
test simple_expr::tests::format_bytes_and_nano_time_follow_the_go_unit_tables ... ok
test simple_expr::tests::info_functions_read_and_record_session_counts ... ok
test simple_expr::tests::parse_simple_expr_rejects_an_empty_string ... ok
test simple_expr::tests::resolve_indices_remaps_a_subset_schema ... ok
test simple_expr::tests::schema_name_resolver_binds_qualified_paths ... ok
test string_fn::bit_count_tests::bit_count_matches_go_source_vectors ... ok
test string_fn::case_convert_tests::enum_names_follow_the_selected_binary_or_unicode_signature ... ok
test string_fn::cast_in_union_tests::cast_unsigned_in_union_clamps_negatives_to_zero ... ok
test string_fn::cast_in_union_tests::cast_unsigned_in_union_keeps_non_negatives ... ok
test string_fn::concat_source_tests::concat_matches_go_source_scalar_rows ... ok
test string_fn::concat_source_tests::concat_ws_matches_go_source_scalar_rows ... ok
test string_fn::export_set_tests::export_set_is_reachable_through_the_values_dispatch ... ok
test string_fn::export_set_tests::export_set_matches_go_bit_order_and_arity_forms ... ok
test string_fn::export_set_tests::export_set_null_arguments_propagate_like_go ... ok
test string_fn::format_tests::format_rounds_half_away_from_zero_and_groups_thousands ... ok
test string_fn::from_base64_tests::malformed_padding_and_arity_return_null_or_error ... ok
test string_fn::from_base64_tests::source_vectors_and_binary_boundaries ... ok
test string_fn::hex_bit_column_tests::a_binary_literal_keeps_the_string_signature ... ok
test string_fn::hex_bit_column_tests::a_bit_value_is_hexed_as_a_number_and_a_blob_is_hexed_as_bytes ... ok
test string_packet::space_tests::max_allowed_packet_overflow_is_null_with_warning_1301 ... ok
test string_packet::space_tests::pad_truncates_and_counts_characters_like_go ... ok
test string_packet::space_tests::space_matches_go_source_scalar_vectors ... ok
test string_packet::to_base64_tests::to_base64_null_is_null ... ok
test string_packet::to_base64_tests::to_base64_source_max_allowed_packet_rows ... ok
test string_packet::to_base64_tests::to_base64_wraps_at_76_chars_like_go ... ok
test string_packet::weight_string_source_tests::test_ci_weight_string ... ok
test string_signature::tests::binary_charset_selects_the_byte_signature ... ok
test string_signature::tests::binary_collation_string_is_a_binary_signature ... ok
test string_signature::tests::enum_and_set_use_their_stored_charset_for_signature_selection ... ok
test string_signature::tests::malformed_utf8_groups_one_unit_per_bad_byte ... ok
test string_signature::tests::null_has_no_units ... ok
test string_signature::tests::slicing_clamps_and_keeps_charset ... ok
test tests::advisory_get_lock_integration_source::test_get_lock_call_semantics_table ... ok
test tests::advisory_get_lock_integration_source::test_get_lock_rejects_bad_names_with_3057 ... ok
test tests::aggregation_arithmetic_cast_source::cast_decimal_as_real_propagates_child_metadata ... ok
test tests::aggregation_arithmetic_cast_source::test_agg_func_2_pb ... ignored, go-parity-gap: agg_to_pb.go (AggFuncToPBExpr) is deliberately unported -- tidb-proto's select.proto projection carries none of the ~25 aggregate ExprType values, so PB round-trips cannot be modeled in this crate
test tests::aggregation_arithmetic_cast_source::test_agg_func_max_min_count_to_pb ... ignored, go-parity-gap: agg_to_pb.go (AggFuncToPBExpr) is deliberately unported; tidb-proto lacks aggregate ExprType members
test tests::aggregation_arithmetic_cast_source::test_agg_func_sum_int_to_pb ... ignored, go-parity-gap: agg_to_pb.go (AggFuncToPBExpr) is deliberately unported -- tidb-proto's select.proto projection lacks ExprType_SumInt
test tests::aggregation_arithmetic_cast_source::test_arithmetic_overflow_error_message_with_column_name ... ok
test tests::aggregation_arithmetic_cast_source::test_arithmetic_plus ... ok
test tests::aggregation_arithmetic_cast_source::test_avg ... ignored
test tests::aggregation_arithmetic_cast_source::test_avg_final_mode ... ignored
test tests::aggregation_arithmetic_cast_source::test_base_func_infer_max_min_count_ret_type ... ok
test tests::aggregation_arithmetic_cast_source::test_bit_and ... ignored
test tests::aggregation_arithmetic_cast_source::test_bit_or ... ignored
test tests::aggregation_arithmetic_cast_source::test_bit_xor ... ignored
test tests::aggregation_arithmetic_cast_source::test_cast_array_func ... ignored, go-parity-gap: ARRAY-typed field types (tp.SetArray(true)) and the cast-as-array function class are not ported; BuildCastFunctionWithCheck on an array target has no equivalent
test tests::aggregation_arithmetic_cast_source::test_cast_as_char_field_type ... ok
test tests::aggregation_arithmetic_cast_source::test_cast_binary_string_as_json_sig ... ok
test tests::aggregation_arithmetic_cast_source::test_cast_const_as_decimal_field_type ... ok
test tests::aggregation_arithmetic_cast_source::test_cast_duration_as_year_honors_concat_mode ... ok
test tests::aggregation_arithmetic_cast_source::test_cast_duration_as_year_yields_the_current_year ... ok
test tests::aggregation_arithmetic_cast_source::test_cast_func_sig_as_decimal ... ok
test tests::aggregation_arithmetic_cast_source::test_cast_func_sig_as_duration ... ok
test tests::aggregation_arithmetic_cast_source::test_cast_func_sig_as_int ... ok
test tests::aggregation_arithmetic_cast_source::test_cast_func_sig_as_real ... ok
test tests::aggregation_arithmetic_cast_source::test_cast_func_sig_as_string ... ok
test tests::aggregation_arithmetic_cast_source::test_cast_func_sig_as_string_truncates_at_flen ... ok
test tests::aggregation_arithmetic_cast_source::test_cast_func_sig_as_time ... ok
test tests::aggregation_arithmetic_cast_source::test_cast_func_sig_null_and_hybrid ... ok
test tests::aggregation_arithmetic_cast_source::test_cast_functions_bad_string_as_decimal_reads_zero_silently ... ok
test tests::aggregation_arithmetic_cast_source::test_cast_functions_bad_string_as_decimal_warns_1292 ... ok
test tests::aggregation_arithmetic_cast_source::test_cast_functions_char_and_binary ... ok
test tests::aggregation_arithmetic_cast_source::test_cast_functions_int_as_char_zero_width ... ok
test tests::aggregation_arithmetic_cast_source::test_cast_functions_neg_int_as_unsigned_warns_8031 ... ok
test tests::aggregation_arithmetic_cast_source::test_cast_functions_string_to_unsigned_and_signed ... ok
test tests::aggregation_arithmetic_cast_source::test_cast_functions_time_to_decimal_saturates ... ok
test tests::aggregation_arithmetic_cast_source::test_cast_functions_uint_to_wide_decimal ... ok
test tests::aggregation_arithmetic_cast_source::test_cast_int_as_int_vec ... ignored, go-parity-gap: the workspace has ONE row-based evaluator; Go's randomized vec-vs-scalar differential harness (vecEvalInt vs evalInt over genCastIntAsInt, plus the inUnion+unsigned variant) has no separate vectorized tier to compare against
test tests::aggregation_arithmetic_cast_source::test_cast_json_as_decimal_sig ... ok
test tests::aggregation_arithmetic_cast_source::test_cast_signed_to_bit_returns_zero_padded_bytes ... ok
test tests::aggregation_arithmetic_cast_source::test_cast_string_as_decimal_sig_with_unsigned_flag_in_union ... ok
test tests::aggregation_arithmetic_cast_source::test_check_agg_push_down_max_min_count ... ok
test tests::aggregation_arithmetic_cast_source::test_concat ... ignored
test tests::aggregation_arithmetic_cast_source::test_count ... ignored
test tests::aggregation_arithmetic_cast_source::test_decimal_err_overflow ... ok
test tests::aggregation_arithmetic_cast_source::test_distinct ... ignored, go-parity-gap: util.go's createDistinctChecker (the EVALUATOR half) is not ported in tidb-expr; the workspace's checker lives in the executor crates outside this batch's gate scope
test tests::aggregation_arithmetic_cast_source::test_first_row ... ignored
test tests::aggregation_arithmetic_cast_source::test_max_min ... ignored
test tests::aggregation_arithmetic_cast_source::test_max_min_count ... ignored
test tests::aggregation_arithmetic_cast_source::test_real_arithmetic_overflow_error_message ... ok
test tests::aggregation_arithmetic_cast_source::test_sum ... ignored
test tests::aggregation_arithmetic_cast_source::test_vectorized_builtin_arithmetic_func ... ok
test tests::aggregation_arithmetic_cast_source::test_vectorized_decimal_err_overflow ... ignored, go-parity-gap: the Rust owner has no separate vectorized evaluator tier (one row-based path covers both); scalar DECIMAL overflow expression text is pinned by test_decimal_err_overflow, while this vectorized-only differential remains unobservable
test tests::aggregation_arithmetic_cast_source::test_wrap_with_cast_as_duration ... ok
test tests::aggregation_arithmetic_cast_source::test_wrap_with_cast_as_json_passes_json_columns_through ... ok
test tests::aggregation_arithmetic_cast_source::test_wrap_with_cast_as_string ... ok
test tests::aggregation_arithmetic_cast_source::test_wrap_with_cast_as_string_binary_literal_warns_invalid_utf8 ... ok
test tests::aggregation_arithmetic_cast_source::test_wrap_with_cast_as_time ... ok
test tests::aggregation_arithmetic_cast_source::test_wrap_with_cast_as_types_classes_enum_row ... ok
test tests::aggregation_arithmetic_cast_source::test_wrap_with_cast_as_types_classes_numeric_rows ... ok
test tests::aggregation_arithmetic_cast_source::test_wrap_with_cast_as_types_classes_real_to_decimal_keeps_fraction ... ok
test tests::aggregation_arithmetic_cast_source::test_wrap_with_cast_as_types_classes_temporal_rows ... ok
test tests::aggregation_arithmetic_cast_source::test_wrap_with_cast_as_types_classes_uint_as_time ... ok
test tests::aggregation_arithmetic_cast_source::test_wrap_with_cast_as_types_classes_unsigned_extras ... ok
test tests::any_value_source_vectors_preserve_value_labels ... ok
test tests::arithmetic ... ok
test tests::ascii_source_vectors_preserve_first_byte_and_string_coercion ... ok
test tests::ast_integer_overflow_preserves_go_error_shape ... ok
test tests::avg ... ok
test tests::bin_follows_tidb_implicit_integer_coercion ... ok
test tests::binary_string_signature::case_pad_and_ord_keep_their_binary_answers ... ok
test tests::binary_string_signature::insert_selects_bytes_when_either_string_argument_is_binary ... ok
test tests::binary_string_signature::left_right_and_char_length_select_bytes_for_a_binary_argument ... ok
test tests::binary_string_signature::locate_and_instr_report_byte_offsets_for_a_binary_argument ... ok
test tests::binary_string_signature::locate_with_a_start_position_counts_pos_in_the_same_units ... ok
test tests::binary_string_signature::only_a_binary_derivation_switches_locate_to_bytes ... ok
test tests::binary_string_signature::reverse_selects_byte_order_for_a_binary_argument ... ok
test tests::binary_string_signature::substring_selects_bytes_for_a_binary_argument ... ok
test tests::binary_string_signature::utf8_and_case_insensitive_signatures_are_untouched ... ok
test tests::bit_length_source_vectors_preserve_utf8_byte_count ... ok
test tests::bitwise_and_div_by_zero ... ok
test tests::bitwise_and_unary_source_vectors_match_tidb ... ok
test tests::builtin_functions ... ok
test tests::builtin_info_json_math_source::abs ... ok
test tests::builtin_info_json_math_source::bench_mark ... ok
test tests::builtin_info_json_math_source::benchmark_vectorized_builtin_info_func ... ignored, skipped-reason: Go testing.B microbenchmark, excluded by the gate
test tests::builtin_info_json_math_source::benchmark_vectorized_builtin_json_func ... ignored, skipped-reason: Go testing.B microbenchmark, excluded by the gate
test tests::builtin_info_json_math_source::benchmark_vectorized_builtin_like_func ... ignored, skipped-reason: Go testing.B microbenchmark, excluded by the gate
test tests::builtin_info_json_math_source::ceil ... ok
test tests::builtin_info_json_math_source::charset ... ok
test tests::builtin_info_json_math_source::ci_like ... ok
test tests::builtin_info_json_math_source::coercibility ... ok
test tests::builtin_info_json_math_source::collation ... ok
test tests::builtin_info_json_math_source::connection_id ... ok
test tests::builtin_info_json_math_source::current_role ... ok
test tests::builtin_info_json_math_source::exp ... FAILED
test tests::builtin_info_json_math_source::floor ... ok
test tests::builtin_info_json_math_source::format_bytes ... ok
test tests::builtin_info_json_math_source::format_nano_time ... ok
test tests::builtin_info_json_math_source::json_array ... ok
test tests::builtin_info_json_math_source::json_array_append ... ok
test tests::builtin_info_json_math_source::json_array_insert ... ok
test tests::builtin_info_json_math_source::json_contains ... ok
test tests::builtin_info_json_math_source::json_contains_path ... ok
test tests::builtin_info_json_math_source::json_depth ... ok
test tests::builtin_info_json_math_source::json_extract ... ok
test tests::builtin_info_json_math_source::json_keys ... ok
test tests::builtin_info_json_math_source::json_length ... ok
test tests::builtin_info_json_math_source::json_member_of ... ok
test tests::builtin_info_json_math_source::json_merge ... ok
test tests::builtin_info_json_math_source::json_merge_patch ... ok
test tests::builtin_info_json_math_source::json_merge_preserve ... ok
test tests::builtin_info_json_math_source::json_modify_path_cache_replaces_context_only_paths ... ok
test tests::builtin_info_json_math_source::json_object ... ok
test tests::builtin_info_json_math_source::json_overlaps ... ok
test tests::builtin_info_json_math_source::json_pretty ... ok
test tests::builtin_info_json_math_source::json_quote ... ok
test tests::builtin_info_json_math_source::json_remove ... ok
test tests::builtin_info_json_math_source::json_schema_valid ... ok
test tests::builtin_info_json_math_source::json_schema_valid_cache ... ok
test tests::builtin_info_json_math_source::json_schema_valid_cache_replaces_context_only_schema ... ok
test tests::builtin_info_json_math_source::json_search ... ok
test tests::builtin_info_json_math_source::json_set_insert_replace ... ok
test tests::builtin_info_json_math_source::json_storage_free ... ok
test tests::builtin_info_json_math_source::json_storage_size ... ok
test tests::builtin_info_json_math_source::json_sum_crc32 ... ok
test tests::builtin_info_json_math_source::json_type ... ok
test tests::builtin_info_json_math_source::json_unquote ... ok
test tests::builtin_info_json_math_source::json_valid ... ok
test tests::builtin_info_json_math_source::last_insert_id ... ok
test tests::builtin_info_json_math_source::like ... ok
test tests::builtin_info_json_math_source::log ... ok
test tests::builtin_info_json_math_source::log10 ... ok
test tests::builtin_info_json_math_source::log2 ... ok
test tests::builtin_info_json_math_source::pow ... ok
test tests::builtin_info_json_math_source::rand ... ok
test tests::builtin_info_json_math_source::regexp ... ok
test tests::builtin_info_json_math_source::round ... ok
test tests::builtin_info_json_math_source::row_count ... ok
test tests::builtin_info_json_math_source::tidb_version ... ok
test tests::builtin_info_json_math_source::truncate ... ok
test tests::builtin_info_json_math_source::vectorized_builtin_info_func ... ok
test tests::builtin_info_json_math_source::vectorized_builtin_json_func ... ok
test tests::builtin_info_json_math_source::vectorized_builtin_like_func ... ok
test tests::builtin_info_json_math_source::version ... ok
test tests::builtin_math_misc_op_source::benchmark_vectorized_builtin_math_eval_one_vec ... ignored, skipped-reason: Go testing.B microbenchmark, excluded by the gate
test tests::builtin_math_misc_op_source::benchmark_vectorized_builtin_math_func ... ignored, skipped-reason: Go testing.B microbenchmark, excluded by the gate
test tests::builtin_math_misc_op_source::benchmark_vectorized_builtin_miscellaneous_eval_one_vec ... ignored, skipped-reason: Go testing.B microbenchmark, excluded by the gate
test tests::builtin_math_misc_op_source::benchmark_vectorized_builtin_miscellaneous_func ... ignored, skipped-reason: Go testing.B microbenchmark, excluded by the gate
test tests::builtin_math_misc_op_source::benchmark_vectorized_builtin_op_func ... ignored, skipped-reason: Go testing.B microbenchmark, excluded by the gate
test tests::builtin_math_misc_op_source::bit_count_source_table ... ok
test tests::builtin_math_misc_op_source::bit_neg_source_rows ... ok
test tests::builtin_math_misc_op_source::bit_or_bit_and_complete_tables ... ok
test tests::builtin_math_misc_op_source::bit_xor_parameter_count_boundaries ... ok
test tests::builtin_math_misc_op_source::builtin_unary_minus_int_sig_columns ... ok
test tests::builtin_math_misc_op_source::conv_digit_overflow_above_u64_errors_with_the_digits ... ok
test tests::builtin_math_misc_op_source::conv_source_table_type_and_valid_prefix_rows ... ok
test tests::builtin_math_misc_op_source::cot_zero_overflows_as_double_error ... ok
test tests::builtin_math_misc_op_source::crc32_gbk_charset_connection_rows ... ok
test tests::builtin_math_misc_op_source::is_true_or_false_full_signature_table ... ok
test tests::builtin_math_misc_op_source::logic_and_source_table ... ok
test tests::builtin_math_misc_op_source::logic_or_source_table ... ok
test tests::builtin_math_misc_op_source::logic_xor_source_table ... ok
test tests::builtin_math_misc_op_source::math_overflow_errors_render_the_source_expression ... ok
test tests::builtin_math_misc_op_source::math_string_coercion_raises_one_truncate_warning_each ... ok
test tests::builtin_math_misc_op_source::pi_is_the_exact_f64_constant ... ok
test tests::builtin_math_misc_op_source::shift_parameter_count_boundaries ... ok
test tests::builtin_math_misc_op_source::sleep_vectorized_incorrect_argument_levels ... ok
test tests::builtin_math_misc_op_source::sleep_vectorized_timing_strict_real_duration_and_kill_signal ... ignored, go-parity-gap: SQLKiller interruptibility and wall-clock duration bounds need real execution time absent from the value-tier ctx
test tests::builtin_math_misc_op_source::unary_minus_ret_type_flen_follows_go_sign_reservation ... ok
test tests::builtin_math_misc_op_source::unary_minus_source_table ... ok
test tests::builtin_math_misc_op_source::unary_not_every_input_domain ... ok
test tests::builtin_math_misc_op_source::uuid_generation_v1_v4_v7_shapes ... ok
test tests::builtin_math_misc_op_source::vectorized_builtin_math_eval_one_vec ... ok
test tests::builtin_math_misc_op_source::vectorized_builtin_math_func ... ok
test tests::builtin_math_misc_op_source::vectorized_builtin_math_func_for_rand ... ok
test tests::builtin_math_misc_op_source::vectorized_builtin_miscellaneous_eval_one_vec ... ok
test tests::builtin_math_misc_op_source::vectorized_builtin_miscellaneous_func ... ok
test tests::builtin_math_misc_op_source::vectorized_builtin_op_func ... FAILED
test tests::builtin_other_row_and_in_source_vectors ... ok
test tests::builtin_other_type_conversion_source_scalars ... ok
test tests::builtin_string_time_source::benchmark_vectorized_builtin_string_eval_one_vec ... ignored, skipped-reason: Go testing.B microbenchmark, excluded by the gate
test tests::builtin_string_time_source::benchmark_vectorized_builtin_string_eval_one_vec_2 ... ignored, skipped-reason: Go testing.B microbenchmark, excluded by the gate
test tests::builtin_string_time_source::benchmark_vectorized_builtin_string_func ... ignored, skipped-reason: Go testing.B microbenchmark, excluded by the gate
test tests::builtin_string_time_source::benchmark_vectorized_builtin_string_func_2 ... ignored, skipped-reason: Go testing.B microbenchmark, excluded by the gate
test tests::builtin_string_time_source::benchmark_vectorized_generated_builtin_string_eval_one_vec ... ignored, skipped-reason: Go testing.B microbenchmark, excluded by the gate
test tests::builtin_string_time_source::benchmark_vectorized_generated_builtin_string_func ... ignored, skipped-reason: Go testing.B microbenchmark, excluded by the gate
test tests::builtin_string_time_source::locate_with_position_matches_go_three_args_signature ... ok
test tests::builtin_string_time_source::test_add_sub_time_issue_56861_typed_tables ... ok
test tests::builtin_string_time_source::test_add_time_duration_operand_tables ... ok
test tests::builtin_string_time_source::test_add_time_sig_value_tables ... ok
test tests::builtin_string_time_source::test_builtin_func_cache_concurrency ... ok
test tests::builtin_string_time_source::test_builtin_func_cache_lifecycle ... ok
test tests::builtin_string_time_source::test_ci_weight_string_table ... ok
test tests::builtin_string_time_source::test_clock_parts_and_invalid_time_warning ... ok
test tests::builtin_string_time_source::test_current_date_current_time_utc_time_clocks ... ok
test tests::builtin_string_time_source::test_date_delimiter_table ... ok
test tests::builtin_string_time_source::test_date_format_zero_year_x_token ... ok
test tests::builtin_string_time_source::test_date_zero_value_mode_rows ... ok
test tests::builtin_string_time_source::test_day_of_month_zero_date_rows ... ok
test tests::builtin_string_time_source::test_elt ... ok
test tests::builtin_string_time_source::test_field ... ok
test tests::builtin_string_time_source::test_format_precision_side_truncate_warning_counts ... ok
test tests::builtin_string_time_source::test_format_values_and_number_side_truncate_warnings ... ok
test tests::builtin_string_time_source::test_format_with_locale ... ok
test tests::builtin_string_time_source::test_from_base64 ... ok
test tests::builtin_string_time_source::test_from_base64_sig ... ok
test tests::builtin_string_time_source::test_from_unixtime_real_uses_go_shortest_decimal_before_rounding ... ok
test tests::builtin_string_time_source::test_from_unixtime_utc_fixed ... ok
test tests::builtin_string_time_source::test_insert_binary_sig ... ok
test tests::builtin_string_time_source::test_insert_func_table ... ok
test tests::builtin_string_time_source::test_is_null_func ... ok
test tests::builtin_string_time_source::test_load_file ... ok
test tests::builtin_string_time_source::test_lock ... ok
test tests::builtin_string_time_source::test_lpad ... ok
test tests::builtin_string_time_source::test_make_set ... ok
test tests::builtin_string_time_source::test_now_utc_timestamp_fixed_clock ... ok
test tests::builtin_string_time_source::test_oct ... ok
test tests::builtin_string_time_source::test_ord_charset_table ... ok
test tests::builtin_string_time_source::test_quote ... ok
test tests::builtin_string_time_source::test_rpad ... ok
test tests::builtin_string_time_source::test_rpad_sig ... ok
test tests::builtin_string_time_source::test_string_right ... ok
test tests::builtin_string_time_source::test_sub_time_duration_operand_tables ... ok
test tests::builtin_string_time_source::test_sub_time_sig_value_tables ... ok
test tests::builtin_string_time_source::test_time_values_and_result_type ... ok
test tests::builtin_string_time_source::test_to_base64 ... ok
test tests::builtin_string_time_source::test_to_base64_gbk_session_rows ... ok
test tests::builtin_string_time_source::test_to_base64_sig_packet_boundaries ... ok
test tests::builtin_string_time_source::test_translate_tables ... ok
test tests::builtin_string_time_source::test_vectorized_builtin_string_eval_one_vec ... ok
test tests::builtin_string_time_source::test_vectorized_builtin_string_eval_one_vec_2 ... ok
test tests::builtin_string_time_source::test_vectorized_builtin_string_func ... ok
test tests::builtin_string_time_source::test_vectorized_builtin_string_func_2 ... ok
test tests::builtin_string_time_source::test_vectorized_generated_builtin_string_eval_one_vec ... ok
test tests::builtin_string_time_source::test_vectorized_generated_builtin_string_func ... ok
test tests::builtin_string_time_source::test_weight_string_binary_cut_warning ... ok
test tests::builtin_string_time_source::test_weight_string_forms ... ok
test tests::builtin_time_calendars_source::current_tso_reports_session_transaction_tso ... ok
test tests::builtin_time_calendars_source::date_arith_day_month_year_overflow_tables_match_master ... ok
test tests::builtin_time_calendars_source::maketime_integer_second_master_rows_overflow_garbage_and_null_arguments ... ok
test tests::builtin_time_calendars_source::period_invalid_period_reject_the_call ... ok
test tests::builtin_time_calendars_source::str_datetime_add_duration_warns_once_with_frozen_arg_text ... ok
test tests::builtin_time_calendars_source::tidb_bounded_staleness_safets_windows_and_monotonicity ... ok
test tests::builtin_time_calendars_source::tidb_parse_tso_logical_consecutive_tso_counters ... ok
test tests::builtin_time_calendars_source::tidb_parse_tso_master_vectors_under_utc ... ok
test tests::builtin_time_calendars_source::time_format_hour_family_rows_match_master ... ok
test tests::builtin_time_calendars_source::timestamp_add_delimited_rows_match_master ... ok
test tests::builtin_time_calendars_source::timestamp_add_numeric_date_arguments_match_master ... ok
test tests::builtin_time_calendars_source::timestamp_compact_string_rows_match_master ... ok
test tests::builtin_time_calendars_source::timestamp_delimited_argument_rows_match_master ... ok
test tests::builtin_time_calendars_source::timestamp_diff_flag_block_rows_stay_null ... ok
test tests::builtin_time_calendars_source::timestamp_float_rows_match_master ... ok
test tests::builtin_time_calendars_source::timestamp_fraction_only_decimal_rows_match_master ... ok
test tests::builtin_time_calendars_source::timestamp_numeric_integer_and_decimal_rows_match_master ... ok
test tests::builtin_time_calendars_source::unix_timestamp_compact_numeric_and_zero_date_rows_match_master ... ok
test tests::builtin_time_calendars_source::unix_timestamp_value_table_under_utc ... ok
test tests::builtin_time_calendars_source::utc_date_answers_the_utc_statement_date ... ok
test tests::builtin_time_calendars_source::with_time_zone_clock_builtins_render_the_session_zone ... ok
test tests::builtin_time_calendars_source::yearweek_source_rows_pin_zero_month_null_and_boundary_years ... ok
test tests::builtin_vectorized_time_infra_source::benchmark_mock_double_row_and_vec ... ignored, skipped-reason: Go testing.B microbenchmark, excluded by the gate
test tests::builtin_vectorized_time_infra_source::benchmark_vectorized_harnesses ... ignored, skipped-reason: Go testing.B microbenchmarks, excluded by the gate
test tests::builtin_vectorized_time_infra_source::double_evaluation_reproduces_the_projected_column_exactly ... ok
test tests::builtin_vectorized_time_infra_source::elementwise_plus_over_columns_matches_the_mock_contract ... ok
test tests::builtin_vectorized_time_infra_source::float32_col_vectorization ... ignored, go-parity-gap: FLOAT32 columnar storage (mysql.TypeFloat chunks) is not modeled; vector floats exist only as scalar datums
test tests::builtin_vectorized_time_infra_source::mock_vec_plus_int_parallel_allocator_race ... ignored, go-parity-gap: the enableAlloc result-buffer allocator (and therefore its concurrency-safety race) has no counterpart; elementwise correctness is pinned serially
test tests::builtin_vectorized_time_infra_source::row_based_filter_and_vectorized_filter_agree ... ignored, go-parity-gap: the rowBasedFilter/vectorizedFilter equivalence harness needs the missing VecEvalBool layer
test tests::builtin_vectorized_time_infra_source::vec_eval_bool_matches_row_eval_bool ... ignored, go-parity-gap: VecEvalBool/EvalBool selection machinery (selected/nulls buffers over expression conjunctions) is not modeled in this crate
test tests::builtin_vectorized_time_infra_source::vec_month_zero_dates_stay_warning_free_in_both_flag_modes ... ok
test tests::builtin_vectorized_time_infra_source::vectorized_builtin_vec_families_match_master_shapes ... ok
test tests::builtin_vectorized_time_infra_source::vectorized_check_predicates_over_constants_columns_and_correlated ... ok
test tests::builtin_vectorized_time_infra_source::vectorized_generated_time_unit_families_match_the_row_answers ... ok
test tests::builtin_vectorized_time_infra_source::vectorized_time_format_empty_format_returns_null ... ok
test tests::builtin_vectorized_time_infra_source::vectorized_time_harness_representative_cases_match_scalar_answers ... ok
test tests::char_length_public_eval_uses_source_field_type ... ok
test tests::char_length_rejects_unresolved_field_type_before_runtime_datum ... ok
test tests::char_length_source_vectors_preserve_utf8_rune_count_and_coercion ... ok
test tests::char_using_reaches_both_public_evaluators ... ok
test tests::collation_compare::compare_string_source_binary ... ok
test tests::collation_compare::compare_string_source_column_pairs_agree_with_scalar ... ok
test tests::collation_compare::compare_string_source_utf8_general_ci ... ok
test tests::collation_compare::compare_string_source_utf8_unicode_ci ... ok
test tests::collation_compare::compare_string_source_utf8mb4_0900_ai_ci ... ok
test tests::compare::compare_source_vector_promotes_real_and_decimal ... ok
test tests::compare::greatest_least_source_vector_stringifies_mixed_arguments ... ok
test tests::compare::greatest_least_source_vectors_compare_strings_as_time ... ok
test tests::compare::greatest_least_source_vectors_preserve_mixed_integer_result_domain ... ok
test tests::compare::greatest_least_source_vectors_use_the_derived_collation ... ok
test tests::compare::json_comparison_parses_an_explicit_cast_string_as_a_document ... ok
test tests::compare_control_source::ast_rewrite_refines_integer_constant_before_comparison_casts ... ok
test tests::compare_control_source::refine_exceptional_folds_are_not_modeled ... ignored, go-parity-gap: negative literal folding before context-free comparison casts
test tests::compare_control_source::test_case_when ... ok
test tests::compare_control_source::test_coalesce ... ok
test tests::compare_control_source::test_coalesce_fraction_promotion ... ok
test tests::compare_control_source::test_compare ... ok
test tests::compare_control_source::test_compare_function_with_refine ... ok
test tests::compare_control_source::test_greatest_least_func ... ok
test tests::compare_control_source::test_if_typed_conditions ... ok
test tests::compare_control_source::test_ifnull_typed_pairs ... ok
test tests::compare_control_source::test_interval_func ... ok
test tests::compare_control_source::test_issue46475 ... ok
test tests::compare_control_source::test_refine_args_with_cast_enum ... ok
test tests::compare_control_source::test_refine_args_with_nullable_column ... ok
test tests::compare_control_source::vectorized_builtin_compare_harness_gap ... ignored, go-parity-gap: no vectorized signature tier to differentiate against
test tests::compare_control_source::vectorized_generated_builtin_compare_harness_gap ... ignored, go-parity-gap: generated vec-vs-scalar differential without a vectorized tier
test tests::compare_control_source::vectorized_generated_builtin_control_harness_gap ... ignored, go-parity-gap: control-family vec differential without a vectorized tier; scalar If/CaseWhen halves live in control.rs and this module
test tests::compare_time_builtin_rows_source::test_compare_builtin_coalesce_rows ... ok
test tests::compare_time_builtin_rows_source::test_compare_builtin_decimal_uint_boundary_rows ... ok
test tests::compare_time_builtin_rows_source::test_compare_builtin_greatest_least_literal_rows ... ok
test tests::compare_time_builtin_rows_source::test_compare_builtin_interval_rows ... ok
test tests::compare_time_builtin_rows_source::test_compare_builtin_nullif_rows ... ok
test tests::compare_time_builtin_rows_source::test_compare_builtin_row_constructor_rows ... ok
test tests::compare_time_builtin_rows_source::test_time_builtin_date_year_makedate_literal_rows ... ok
test tests::comparisons ... ok
test tests::concat_signature_source_rows_preserve_scalar_results ... ok
test tests::concat_source_vectors_preserve_scalar_and_binary_coercion ... ok
test tests::concat_ws_source_vectors_preserve_separator_and_null_rules ... ok
test tests::constant_test_go_tables_source::constant_folding_charset_binary_result_matches_source ... ok
test tests::constant_test_go_tables_source::constant_folding_isnull_and_unary_not_reduce ... ok
test tests::constant_test_go_tables_source::constant_folding_keeps_rand_unfolded ... ok
test tests::constant_test_go_tables_source::constant_folding_operator_arguments_reduce_in_place ... ok
test tests::constant_test_go_tables_source::constant_folding_sees_through_internal_charset_transcodes ... ok
test tests::constant_test_go_tables_source::deferred_constant_clone_preserves_the_deferred_expression ... ok
test tests::constant_test_go_tables_source::null_reject_conditions_survive_both_fold_modes ... ok
test tests::constant_test_go_tables_source::test_constant_propagation ... ok
test tests::constant_test_go_tables_source::test_constant_propagation_for_outer_join ... ok
test tests::constant_test_go_tables_source::test_deferred_expr_not_null ... ignored, go-parity-gap: deferred-constant EvalXxx forwarding needs an error-valued/mock expression seam; evaluation is reported Unsupported today
test tests::constant_test_go_tables_source::test_deferred_param_not_null ... ignored, go-parity-gap: the eleven typed EvalInt/EvalReal/EvalDecimal/EvalString/EvalTime/EvalDuration/EvalJSON/EvalVectorFloat32 rows are not exposed as separate Rust evaluator APIs
test tests::constant_test_go_tables_source::test_get_type_thread_safe ... ok
test tests::constant_test_go_tables_source::vectorized_constant_deferred_forms_fill_like_literals ... ignored, go-parity-gap: Constant-with-DeferredExpr evaluation is unported; parameter-marker constants are evaluated through their live marker values
test tests::constant_test_go_tables_source::vectorized_constant_fills_whole_output_chunks ... ok
test tests::context_override_values_source::test_ctx_with_handle_truncate_err_level ... ok
test tests::control::case_when_source_vectors_preserve_lazy_truthiness ... ok
test tests::control::coalesce_source_vectors_preserve_first_non_null_value ... ok
test tests::control::if_source_vectors_use_wrapped_condition_and_lazy_branch ... ok
test tests::control::ifnull_source_vectors_preserve_first_non_null_value ... ok
test tests::convert_using_invalid_binary_literal_is_null_in_both_evaluators ... ok
test tests::convert_using_signature_source::convert_runtime_charset_mutation_gap ... ignored, go-parity-gap: no post-build FieldType mutation seam to reproduce wrongFunction.tp.SetCharset
test tests::convert_using_signature_source::convert_using_result_type_carries_target_charset_metadata ... ok
test tests::convert_using_signature_source::convert_using_unknown_charset_fails_before_evaluation ... ok
test tests::crypto_encryption_source::encoding_error_rows_follow_session_charset_conversion ... ok
test tests::crypto_encryption_source::test_aes_decrypt ... ok
test tests::crypto_encryption_source::test_aes_encrypt ... ok
test tests::crypto_encryption_source::test_compress_and_uncompress_length_framing ... ok
test tests::crypto_encryption_source::test_md5_hash ... ok
test tests::crypto_encryption_source::test_password ... ok
test tests::crypto_encryption_source::test_random_bytes ... ok
test tests::crypto_encryption_source::test_sha1_hash ... ok
test tests::crypto_encryption_source::test_sha2_hash ... ok
test tests::crypto_encryption_source::test_sql_decode ... ok
test tests::crypto_encryption_source::test_sql_encode ... ok
test tests::crypto_encryption_source::test_uncompress ... ok
test tests::crypto_encryption_source::test_uncompress_length ... ok
test tests::crypto_encryption_source::test_validate_password_strength ... ok
test tests::crypto_encryption_source::uncompress_memory_tracker_gaps ... ignored, go-parity-gap: Uncompress/inflate memory accounting runs on StmtCtx.MemTracker (mem.MemoryTracker + LogOnExceed), not modeled on tidb-expr's Columns
test tests::crypto_encryption_source::uncompress_overlong_declared_length_vectorized_gap ... ignored, go-parity-gap: no separate vectorized signature tier exists in tidb-expr to route this through f.vecEvalString; the value-level behavior is covered
test tests::crypto_encryption_source::uncompress_rejects_handcrafted_payload_larger_than_declared_length ... ok
test tests::crypto_encryption_source::uncompress_rejects_payload_deeper_than_declared_length ... ok
test tests::crypto_encryption_source::vectorized_builtin_encryption_harness_gap ... ignored, go-parity-gap: ENCRYPTION-family vec-vs-scalar differential without a vectorized tier
test tests::datetime::addtime_and_subtime_match_the_captured_session_answers ... ok
test tests::datetime::an_etdatetime_argument_is_cast_before_the_signature_runs ... ok
test tests::datetime::case_when ... ok
test tests::datetime::cast_and_convert ... ok
test tests::datetime::collate_expr ... ok
test tests::datetime::current_timestamp_time_zone_source ... ok
test tests::datetime::date_parts ... ok
test tests::datetime::extract ... ok
test tests::datetime::extract_matches_go_in_ast_and_chunk_paths ... ok
test tests::datetime::hour_minute_second ... ok
test tests::datetime::match_against_unsupported ... ok
test tests::datetime::now_current_timestamp ... ok
test tests::datetime::regexp_expr_eval ... ok
test tests::datetime::regexp_source_rows_through_dispatch ... ok
test tests::datetime::test_current_date ... ok
test tests::datetime::test_current_time ... ok
test tests::datetime::test_utc_date ... ok
test tests::datetime::test_utc_time ... ok
test tests::datetime::timestamp_and_timestampadd_match_the_captured_session_answers ... ok
test tests::datetime::timestamp_numeric_and_string_fraction_use_distinct_parsers ... ok
test tests::datetime::utc_timestamp_rounding ... ok
test tests::decimals ... ok
test tests::distsql_pb_roundtrip_gap_source::test_eval ... ignored, go-parity-gap: tipb.Expr.Eval (distsql_builtin.go exprEval) is unported; neither the datum-decoding nor the boolean-signature reconstruction exists in this crate
test tests::distsql_pb_roundtrip_gap_source::test_pb_to_expr ... ignored, go-parity-gap: PBToExpr decode-and-rebuild (distsql_builtin.go) is unported; tidb-expr has no tipb::Expr -> Expression decoder to feed truncated payloads
test tests::distsql_pb_roundtrip_gap_source::test_pb_to_expr_with_new_collation ... ignored, go-parity-gap: PBToExpr's collation-id <-> name table with negated new-collation encoding is unported
test tests::distsql_pb_roundtrip_gap_source::test_pb_to_scalar_func_expr ... ignored, go-parity-gap: PBToExpr's ScalarFuncSig registry lookup (including the RegexpSig family) is unported
test tests::elt_source_vectors_preserve_selector_and_result_coercion ... ok
test tests::etint_argument::a_negative_string_scale_still_shifts_left ... ok
test tests::etint_argument::a_non_integer_etint_argument_is_cast_before_the_signature_runs ... ok
test tests::etint_argument::every_hybrid_etint_argument_reads_as_its_ordinal ... ok
test tests::etint_argument::oct_is_signature_selected_and_not_a_member_of_the_layer ... ok
test tests::etint_argument::the_int_cast_boundary_is_the_ordinary_cast_as_signed ... ok
test tests::etint_argument::the_int_cast_raises_the_cast_s_own_1292 ... ok
test tests::etstring_argument::a_non_string_etstring_argument_is_cast_before_the_signature_runs ... ok
test tests::etstring_argument::an_etstring_argument_is_read_as_bytes_not_as_utf8 ... ok
test tests::etstring_argument::an_uncast_etstring_argument_is_refused_rather_than_re_derived ... ok
test tests::etstring_argument::elt_takes_its_result_charset_from_every_candidate ... ok
test tests::etstring_argument::field_reads_a_hybrid_by_its_own_eval_type ... ok
test tests::etstring_argument::the_field_mode_arms_are_measured_above_the_double_boundary ... ok
test tests::etstring_argument::the_masks_top_bit_covers_an_unbounded_argument_list ... ok
test tests::etstring_argument::the_space_scan_is_one_sided_and_byte_exact ... ok
test tests::etstring_argument::the_string_mask_positions_follow_the_argtps_tail ... ok
test tests::etstring_argument::the_string_typed_hybrids_take_the_early_return_and_bit_does_not ... ok
test tests::evaluator_binop::binop_bitop_source_table ... ok
test tests::evaluator_binop::binop_comparison_source_null_table ... ok
test tests::evaluator_binop::binop_comparison_source_table ... ok
test tests::evaluator_binop::binop_logic_source_table ... ok
test tests::evaluator_binop::binop_numeric_source_string_operand_rows ... ok
test tests::evaluator_binop::binop_numeric_source_table ... ok
test tests::evaluator_binop::binop_numeric_source_zero_divisor_table ... ok
test tests::evaluator_binop::division_by_zero_signal_exists ... ok
test tests::evaluator_binop::temporal_operand_takes_gos_numeric_context ... ok
test tests::evaluator_go_tables_source::extract_composite_units_over_fractional_strings_match_source ... ok
test tests::evaluator_go_tables_source::extract_master_unit_table_matches_source ... ok
test tests::evaluator_go_tables_source::mod_source_rows ... ok
test tests::evaluator_go_tables_source::sleep_errctx_levels_and_null_arguments_follow_the_caller ... ok
test tests::evaluator_go_tables_source::test_optional_prop ... ignored, go-parity-gap: GetOptionalEvalPropsForExpr/EvaluatorSuite.RequiredOptionalEvalProps aggregation is unported; tidb-expr tracks prop sets only on providers, not on expression trees
test tests::evaluator_go_tables_source::test_sleep_timing_and_kill_signal_halves ... ignored, go-parity-gap: SQLKiller.SendKillSignal interruptibility and the InInsertStmt kill path need real execution time absent from the value-tier ctx
test tests::evaluator_go_tables_source::unary_minus_hybrid_and_binary_literal_kinds_match_source ... ok
test tests::evaluator_go_tables_source::unary_minus_temporal_and_decimal_operands_match_source ... ok
test tests::evaluator_go_tables_source::unary_op_kind_rows_match_source ... ok
test tests::expr_to_pb_lowering_gap_source::test_arithmetical_func_2_pb ... ignored, go-parity-gap: arithmetic signature selection during PB lowering is unported
test tests::expr_to_pb_lowering_gap_source::test_bitwise_func_2_pb ... ignored, go-parity-gap: bitwise-function PB lowering is unported
test tests::expr_to_pb_lowering_gap_source::test_column_2_pb ... ignored, go-parity-gap: PushDownExprs + ExpressionsToPBList column-ref lowering with exact per-type FieldType serialization is unported
test tests::expr_to_pb_lowering_gap_source::test_compare_func_2_pb ... ignored, go-parity-gap: comparison signature assignment inside ExpressionsToPBList is unported; pb_predicate.rs covers only the separate int predicate builder
test tests::expr_to_pb_lowering_gap_source::test_constant_2_pb ... ignored, skipped-reason: upstream test self-skips via t.Skip("constant pb has changed"); no behavior assertion survives on master
test tests::expr_to_pb_lowering_gap_source::test_control_func_2_pb ... ignored, go-parity-gap: control-function PB lowering is unported
test tests::expr_to_pb_lowering_gap_source::test_date_func_2_pb ... ignored, go-parity-gap: date-function PB signature assignment is unported
test tests::expr_to_pb_lowering_gap_source::test_expr_only_push_down_to_flash ... ignored, go-parity-gap: store-scoped conversion entry points (ExpressionsToPBList vs only-flash) are unported
test tests::expr_to_pb_lowering_gap_source::test_expr_only_push_down_to_tikv ... ignored, go-parity-gap: store-scoped refusal for TiKV-only functions needs the unported dual-client converter
test tests::expr_to_pb_lowering_gap_source::test_expr_push_down_to_flash ... ignored, go-parity-gap: Flash-targeted ExpressionsToPBList lowering (client capability checks) is unported
test tests::expr_to_pb_lowering_gap_source::test_expr_push_down_to_tikv ... ignored, go-parity-gap: full TiKV ExpressionsToPBList lowering with signature-code serialization is unported
test tests::expr_to_pb_lowering_gap_source::test_group_by_item_2_pb ... ignored, go-parity-gap: GroupByItemToPB wrapper is unported
test tests::expr_to_pb_lowering_gap_source::test_json_push_down_to_flash ... ignored, go-parity-gap: ExpressionsToPBList plus the per-store Flash-only JSON admission walk are unported; infer_pushdown.rs models only scalar-name/sign policy
test tests::expr_to_pb_lowering_gap_source::test_like_func_2_pb ... ignored, go-parity-gap: LIKE's escape-subexpression PB wrapping is unported
test tests::expr_to_pb_lowering_gap_source::test_logical_func_2_pb ... ignored, go-parity-gap: logical-function PB lowering is unported
test tests::expr_to_pb_lowering_gap_source::test_metadata ... ignored, go-parity-gap: BuildCastFunction(In|4Union) metadata plumbing and PbConverter.ExprToPB byte serialization are unported
test tests::expr_to_pb_lowering_gap_source::test_new_collations_enabled ... ignored, go-parity-gap: new-collation negated-id wire encoding lives in the unported field-type-to-PB path
test tests::expr_to_pb_lowering_gap_source::test_other_func_2_pb ... ignored, go-parity-gap: other-function PB lowering (Coalesce/IsNull codes) is unported
test tests::expr_to_pb_lowering_gap_source::test_push_collation_down ... ignored, go-parity-gap: needs BOTH directions (ExpressionsToPBList + PBToExpr), neither ported
test tests::expr_to_pb_lowering_gap_source::test_sort_by_item_2_pb ... ignored, go-parity-gap: SortByItemToPB wrapper is unported
test tests::expr_to_pb_switcher_source::test_panic_if_pb_code_unspecified ... ignored, go-parity-gap: signatures carry no pbCode state in tidb-expr and the PanicIfPbCodeUnspecified failpoint is not modeled
test tests::expr_to_pb_switcher_source::test_projection_column_2_pb ... ignored, go-parity-gap: ExpressionsToPBList and ProjectionExpressionsToPBList are unported, so the TypeSet-rejected/Projection-accepted split cannot be pinned
test tests::expr_to_pb_switcher_source::test_push_down_switcher ... ignored, go-parity-gap: ExpressionsToPBList/PbConverter lowering and the PushDownTestSwitcher failpoint are unported; only policy-level admission (infer_pushdown.rs) exists
test tests::expression_null_const_source::test_const_level_case_table ... ok
test tests::expression_null_const_source::test_constant_core_invariants ... ok
test tests::expression_null_const_source::test_constant_decorrelate_and_propagate_type_fragments ... ok
test tests::expression_null_const_source::test_correlated_decorrelate_requires_schema - should panic ... ok
test tests::expression_null_const_source::test_is_binary_literal_kind_membership ... ok
test tests::expression_null_const_source::test_scalar_function_decorrelate_rebuilds_arguments ... ok
test tests::expression_with_null_source::evaluate_expr_with_null_folds_a_column_against_a_literal ... ok
test tests::expression_with_null_source::evaluate_expr_with_null_meets_rebuild_error ... ok
test tests::expression_with_null_source::evaluate_expr_with_null_neutralizes_only_schema_columns ... ok
test tests::expression_with_null_source::evaluate_expr_with_null_parameter_marker_and_json_flag_halves ... ignored, go-parity-gap: parameter-marker constants refuse evaluation in the fold path, and new_function("cast") refuses cast nodes, so neither Go's deferred Constant(lt(NULL, ?)) outcome nor the ParseToJSONFlag strip-and-persist walk can be reproduced
test tests::expression_with_null_source::parse_to_json_flag_is_the_documented_flag_bit ... ok
test tests::expression_with_null_source::the_walk_requires_the_folding_builder_to_reduce_rebuilt_nodes ... ok
test tests::field_mixed_arguments_select_one_real_signature ... ok
test tests::field_source_vectors_preserve_numeric_and_string_comparison_modes ... ok
test tests::filter_extract_dnf_source::test_filter_extract_from_dnf_case_table ... ok
test tests::find_in_set_lookup_source::find_in_set_const_only_in_context_value_rows ... ok
test tests::find_in_set_lookup_source::find_in_set_const_strlist_pad_space_lookup_value_rows ... ok
test tests::find_in_set_lookup_source::find_in_set_non_const_strlist_rows_evaluate_per_row ... ok
test tests::find_in_set_lookup_source::find_in_set_strlist_cache_lifecycle ... ok
test tests::floats ... ok
test tests::function_traits_source::test_illegal_functions_4_generated_columns_known_good_list ... ignored, go-parity-gap: IllegalFunctions4GeneratedColumns lives in tidb-executor::generated_column in this workspace, so tidb-expr cannot compare builtin_list() against it without a layering inversion
test tests::function_traits_source::unfoldable_functions_contains_sysdate ... ok
test tests::go_arithmetic_values::arithmetic_constant_casts_fold_before_evaluation_and_shape_result_metadata ... ok
test tests::go_arithmetic_values::go_test_arithmetic_divide ... ok
test tests::go_arithmetic_values::go_test_arithmetic_int_divide ... ok
test tests::go_arithmetic_values::go_test_arithmetic_minus ... ok
test tests::go_arithmetic_values::go_test_arithmetic_mod ... ok
test tests::go_arithmetic_values::go_test_arithmetic_mod_hybrid_operand_kinds ... ok
test tests::go_arithmetic_values::go_test_arithmetic_multiply ... ok
test tests::go_arithmetic_values::hybrid_arithmetic_preserves_null_and_selection_order ... ok
test tests::go_arithmetic_values::hybrid_arithmetic_uses_go_typed_numeric_arguments ... ok
test tests::go_arithmetic_values::json_cast_arithmetic_batches_preserve_go_operand_passes ... ok
test tests::go_arithmetic_values::json_cast_source_signatures_preserve_binary_types_in_both_modes ... ok
test tests::go_arithmetic_values::strict_scalar_decimal_precision_probes_preserve_runtime_evaluation ... ok
test tests::go_arithmetic_values::temporal_json_arithmetic_uses_go_numeric_casts ... ok
test tests::go_control_op_math_values::go_test_bit_neg ... ok
test tests::go_control_op_math_values::go_test_bit_ops ... ok
test tests::go_control_op_math_values::go_test_ceil_and_floor ... ok
test tests::go_control_op_math_values::go_test_if ... ok
test tests::go_control_op_math_values::go_test_ifnull ... ok
test tests::go_control_op_math_values::go_test_is_true_or_false ... ok
test tests::go_control_op_math_values::go_test_shifts ... ok
test tests::go_control_op_math_values::go_test_unary_not ... ok
test tests::go_string_values::go_test_insert ... ok
test tests::go_string_values::go_test_left_and_right ... ok
test tests::go_string_values::go_test_length_and_octet_length ... ok
test tests::go_string_values::go_test_ltrim_rtrim ... ok
test tests::go_string_values::go_test_repeat ... ok
test tests::go_string_values::go_test_upper ... ok
test tests::go_time_values::go_test_makedate ... ok
test tests::go_time_values::go_test_maketime ... ok
test tests::go_time_values::go_test_maketime_float_seconds_and_unsigned_hour ... ok
test tests::hash_group_key_codec_matrix_source::test_hash_group_key_row_keys_equal_encode_value ... ok
test tests::helper_current_timestamp_source::test_current_timestamp_time_zone_case_table ... ok
test tests::helper_current_timestamp_source::test_get_time_value_build_context_helper ... ok
test tests::helper_current_timestamp_source::test_is_current_timestamp_expr_predicate ... ok
test tests::helper_current_timestamp_source::test_timestamp_sysvar_renders_fixed_now_literal_rows ... ok
test tests::hex_and_bit_literals_are_binary_literals_in_a_numeric_context ... ok
test tests::hex_source_vectors_preserve_numeric_and_byte_signatures ... ok
test tests::ilike_info_cast_source::like_pattern_cache_reuses_only_within_context ... ok
test tests::ilike_info_cast_source::test_current_resource_group ... ok
test tests::ilike_info_cast_source::test_current_resource_group_ast_path ... ok
test tests::ilike_info_cast_source::test_current_user ... ok
test tests::ilike_info_cast_source::test_database ... ok
test tests::ilike_info_cast_source::test_embed_text_builtin ... ignored, go-parity-gap: EMBED_TEXT/inference module not transcreated (no NewFunction vector evaluation, deploymode, or EmbedFn registry)
test tests::ilike_info_cast_source::test_embed_text_builtin_null_and_errors ... ignored, go-parity-gap: EvalEmbedTextArgs* helpers not transcreated
test tests::ilike_info_cast_source::test_found_rows ... ok
test tests::ilike_info_cast_source::test_ilike ... ok
test tests::ilike_info_cast_source::test_user ... ok
test tests::ilike_info_cast_source::test_vectorized_cast_real_as_time ... ok
test tests::ilike_info_cast_source::vectorized_builtin_cast_harness_gap ... ignored, go-parity-gap: CAST vec-vs-scalar differentials need a vectorized tier
test tests::ilike_info_cast_source::vectorized_builtin_ilike_for_constants_gap ... ignored, go-parity-gap: const-mixed ILIKE chunk differential without a vectorized tier
test tests::ilike_info_cast_source::vectorized_builtin_ilike_harness_gap ... ignored, go-parity-gap: ILIKE vec-vs-scalar differential without a vectorized tier
test tests::ilike_info_cast_source::vectorized_cast_string_as_decimal_union_gap ... ignored, go-parity-gap: the vectorized string-to-DECIMAL inUnion signature remains unmodeled; scalar source-specific UNION casts are covered
test tests::ilike_uses_source_ascii_lowering_and_escape_rules ... ok
test tests::in_func_decimal_collation_source::generated_in_harness_int_string_decimal_arms_agree_across_tiers ... ok
test tests::in_func_decimal_collation_source::generated_in_harness_temporal_duration_json_arms ... ok
test tests::in_func_decimal_collation_source::in_decimal_across_scales_compares_numerically ... ok
test tests::in_func_decimal_collation_source::in_func_collation_row_general_ci_folds_case_and_accents ... ok
test tests::instr_source_vectors_preserve_string_coercion_and_nulls ... ok
test tests::is_true_and_false_source_vectors_use_numeric_prefix_truthiness ... ok
test tests::json_merge_patch_integration_source::test_builtin_func_json_merge_patch_in_column_table ... ok
test tests::json_merge_patch_integration_source::test_builtin_func_json_merge_patch_in_expression_table ... ok
test tests::json_schema_valid_rewrites_and_short_circuits_like_go ... ok
test tests::left_right_source_vectors_preserve_count_and_byte_boundaries ... ok
test tests::length_and_octet_length_source_vectors_count_evaluated_bytes ... ok
test tests::like_predicate ... ok
test tests::like_preserves_invalid_utf8_source_bytes ... ok
test tests::like_source_vectors_preserve_default_escape_semantics ... ok
test tests::logic_and_or_follow_tidb_source_tables ... ok
test tests::logic_xor_coerces_strings_and_preserves_three_valued_null ... ok
test tests::lower_upper_source_vectors_preserve_case_and_binary_boundaries ... ok
test tests::make_set_reads_unsigned_bits_too ... ok
test tests::make_set_source_vectors_preserve_signed_bit_masks ... ok
test tests::math::abs_signed_minimum_reports_overflow ... ok
test tests::math::abs_source_vectors_preserve_uint ... ok
test tests::math::ceil_floor ... ok
test tests::math::conv_matches_go_prefix_and_base_semantics ... ok
test tests::math::conv_reads_the_unsigned_base_domain ... ok
test tests::math::conv_reinterprets_binary_literals_through_base_two ... ok
test tests::math::crc32_matches_go_utf8_source_vectors ... ok
test tests::math::exp_matches_go_source_vectors_and_arity ... ok
test tests::math::log10_source_vectors ... ok
test tests::math::log2_source_vectors ... ok
test tests::math::log_source_vectors ... ok
test tests::math::math_functions ... ok
test tests::math::pow_source_vectors ... ok
test tests::math::real_signature_covers_non_numeric_argument_kinds ... ok
test tests::math::round_source_vectors ... ok
test tests::math::round_truncate ... ok
test tests::math::sign_matches_go_source_table ... ok
test tests::math::transcendental_source_vectors ... ok
test tests::math::trig_functions ... ok
test tests::math::truncate_source_vectors ... ok
test tests::oct_source_vectors_preserve_distinct_string_and_integer_signatures ... ok
test tests::operand_dispatch::a_column_decimal_against_a_constant_string_compares_as_decimal ... ok
test tests::operand_dispatch::a_decimal_bitwise_operand_saturates_the_way_gos_cast_does ... ok
test tests::operand_dispatch::a_duration_compares_as_a_duration_only_against_a_constant ... ok
test tests::operand_dispatch::an_unsigned_flag_selects_gos_unsigned_integer_signature ... ok
test tests::operand_dispatch::div_reads_unsignedness_from_the_field_type_not_the_datum_kind ... ok
test tests::operand_dispatch::unary_minus_promotes_to_decimal_only_for_a_constant ... ok
test tests::ord_source_vectors_preserve_utf8_and_binary_bytes ... ok
test tests::out_of_domain_is_unsupported ... ok
test tests::pad_source_vectors_preserve_unicode_empty_and_overflow_rules ... ok
test tests::predicates ... ok
test tests::quote_source_vectors_preserve_byte_exact_escaping ... ok
test tests::regexp_like::positional_regexp_source_vectors_reach_the_rewritten_evaluator ... ok
test tests::regexp_like::regexp_like_source_vectors_reach_the_rewritten_evaluator ... ok
test tests::regexp_vec_cache_source::regexp_and_other_vec_benchmark_gap ... ignored, go-parity-gap: testing.B benchmarks excluded from the gate
test tests::regexp_vec_cache_source::regexp_cache_identity_by_statement_context ... ok
test tests::regexp_vec_cache_source::regexp_constant_pattern_corpus_matches_scalar_evaluation ... ok
test tests::regexp_vec_cache_source::regexp_instr_vec_generator_matrix_agrees_across_tiers ... ok
test tests::regexp_vec_cache_source::regexp_like_vec_generator_matrix_agrees_across_tiers ... ok
test tests::regexp_vec_cache_source::regexp_replace_vec_generator_matrix_agrees_across_tiers ... ok
test tests::regexp_vec_cache_source::regexp_substr_vec_generator_matrix_agrees_across_tiers ... ok
test tests::repeat_source_vectors_preserve_uint_count_and_packet_boundary ... ok
test tests::replace_source_vectors_preserve_byte_coercion ... ok
test tests::reverse_source_vectors_preserve_scalar_string_coercion ... ok
test tests::right_and_rpad_sig_source_vectors_preserve_scalar_boundaries ... ok
test tests::scalar_function_semantics_source::grouping_construction_requires_metadata ... ok
test tests::scalar_function_semantics_source::new_values_func_sig_identity ... ignored, go-parity-gap: NewValuesFunc concrete builtinValuesIntSig identity and Repertoire() need the per-signature object model this crate replaced
test tests::scalar_function_semantics_source::test_column_substitute_grouping_cleans_hash_code ... ok
test tests::scalar_function_semantics_source::test_expression_semantic_equal ... ok
test tests::scalar_function_semantics_source::test_issue_23309 ... ok
test tests::scalar_function_semantics_source::test_scalar_funcs_2_exprs ... ignored, go-parity-gap: ScalarFuncs2Exprs widens []*ScalarFunction, a representation this name-keyed port does not have (args are Vec<Expression> directly)
test tests::scalar_function_semantics_source::test_scalar_function ... ok
test tests::scalar_function_semantics_source::test_scalar_function_equal_after_clean_hash_code ... ok
test tests::scalar_function_semantics_source::test_scalar_function_hash64_equals ... ok
test tests::setvar_getvar_values_getparam_source::getparam_function_evaluation_matches_plan_cache_values ... ok
test tests::setvar_getvar_values_getparam_source::getvar_reads_typed_session_value_by_signature_kind ... ok
test tests::setvar_getvar_values_getparam_source::getvar_time_variable_signature ... ok
test tests::setvar_getvar_values_getparam_source::setvar_from_column_snapshots_the_row_value ... ok
test tests::setvar_getvar_values_getparam_source::setvar_stores_session_value_and_returns_it ... ok
test tests::setvar_getvar_values_getparam_source::type_conversion_read_one_stored_int_through_decimal_and_real_signatures ... ok
test tests::setvar_getvar_values_getparam_source::values_function_reads_the_current_insert_row ... ok
test tests::setvar_getvar_values_getparam_source::vectorized_builtin_other_func_representable_arms ... ok
test tests::strcmp_source_vectors_preserve_coercion_and_nulls ... ok
test tests::string_functions ... ok
test tests::substring_index_source_vectors_preserve_count_and_bytes ... ok
test tests::three_valued_logic ... ok
test tests::translate_is_reachable_from_the_chunk_tier ... ok
test tests::trim_source_vectors_preserve_direction_and_whole_remstr ... ok
test tests::unary_minus_source_vectors_preserve_uint_overflow_domain ... ok
test tests::unhex_source_vectors_preserve_odd_digit_left_padding ... ok
test tests::util_filter_condition_source::test_filter_keeps_exactly_the_predicate_matches ... ok
test tests::vectorizable_and_chunk_eval_source::duration_constructor_argument_order_is_pinned ... ok
test tests::vectorizable_and_chunk_eval_source::test_eval_expr_column_projected_through_both_modes_agrees ... ok
test tests::vectorizable_and_chunk_eval_source::test_expression_memory_usage ... ok
test tests::vectorizable_and_chunk_eval_source::test_vectorizable_over_go_expression_table ... ok
test tests::vectorized_filter_consider_null_gap_source::benchmark_float32_col_row ... ignored, skipped-reason: Go testing.B microbenchmark; float32 columnar storage is additionally unmodeled in this crate
test tests::vectorized_filter_consider_null_gap_source::benchmark_float32_col_vec ... ignored, skipped-reason: Go testing.B microbenchmark; float32 columnar storage is additionally unmodeled in this crate
test tests::vectorized_filter_consider_null_gap_source::test_vectorized_filter_consider_null ... ignored, go-parity-gap: VecEvalBool/rowBasedFilter/vectorizedFilter selection machinery (builtin_vectorized.go) is unported
test tests::weight_string_and_load_file_source_vectors ... ok
test tikv::lineage::tests::actual_sql_types_flags_and_literal_provenance_are_not_retagged ... ok
test tikv::lineage::tests::all_node_native_closure_refuses_pb_and_unproved_shapes_even_when_dead ... ok
test tikv::lineage::tests::complete_metadata_is_detached_and_no_shallow_output_type_escapes ... ok
test tikv::lineage::tests::demanded_failure_and_late_materialization_refusal_keep_existing_prefix ... ok
test tikv::lineage::tests::every_admitted_control_matches_native_datum_row_path ... ok
test tikv::lineage::tests::ids_require_complete_unique_single_namespace_producers ... ok
test tikv::lineage::tests::lazy_reads_selection_occurrences_and_native_chunk_selection_are_preserved ... ok
test tikv::lineage::tests::materialization_meters_source_offsets_bitmap_ids_and_live_native_output ... ok
test tikv::lineage::tests::materialization_rejects_foreign_unknown_predicate_and_false_null_records ... ok
test tikv::lineage::tests::native_binary_and_blob_columns_are_string_not_binary_literals_or_bytes ... ok
test tikv::lineage::tests::retained_native_string_vec_capacity_is_measured_without_copy_or_retag ... ok
test tikv::lineage::tests::same_demanded_read_checks_kind_and_collation_before_erasure ... ok
test tikv::lineage::tests::selected_null_generated_null_and_boolean_own_ids_do_not_collapse ... ok
test tikv::lineage::tests::selection_preserves_string_bytes_collation_and_invalid_utf8_identity ... ok
test tikv::lineage::tests::source_and_incoming_metadata_caps_precede_projection_snapshots_and_equality ... ok
test tikv::lineage::tests::sparse_ids_preorder_facts_and_actual_control_signature ... ok
test tikv::lineage::tests::unsigned_bits_survive_value_selection_but_predicate_rejection_is_transitive ... ok
test tikv::lineage::tests::workers_share_only_immutable_spec_and_keep_native_result_ownership ... ok
test tikv::ordinary::diagnostics::tests::pb_plus_keeps_own_rendering_and_operand_fallback_distinct ... ok
test tikv::ordinary::diagnostics::tests::plus_diagnostic_plan_is_bound_to_its_prepared_spec ... ok
test tikv::ordinary::diagnostics::tests::plus_rendering_is_iterative_and_byte_bounded ... ok
test tikv::ordinary::diagnostics::tests::pure_overflow_view_preserves_raw_error_and_legacy_paths ... ok
test tikv::ordinary::diagnostics::tests::reported_endpoints_do_not_repair_nonmonotone_or_panic_state ... ok
test tikv::ordinary::diagnostics::tests::reported_endpoints_include_all_normal_exit_paths ... ok
test tikv::ordinary::diagnostics::tests::reported_endpoints_use_live_receiver_not_configured_cap ... ok
test tikv::ordinary::diagnostics::tests::reported_input_is_a_leaf_not_an_enclosing_plus ... ok
test tikv::ordinary::diagnostics::tests::reported_plus_joins_exact_inner_call_and_row ... ok
test tikv::ordinary::diagnostics::tests::reported_plus_uses_typed_code_only_after_join ... ok
test tikv::ordinary::tests::pb_null_literal_is_not_retagged ... ok
test tikv::ordinary::tests::pb_plus_requires_actual_ingestion_and_original_tree ... ok
test tikv::ordinary::tests::plus_caller_coexists_with_frozen_d1_d2 ... ok
test tikv::ordinary::tests::plus_closed_domain_never_reaches_native_hooks ... ok
test tikv::ordinary::tests::plus_computed_outputs_own_detached_metadata ... ok
test tikv::ordinary::tests::plus_native_kind_is_checked_before_bridge ... ok
test tikv::ordinary::tests::plus_profile_snapshot_and_limits_are_checked ... ok
test tikv::ordinary::tests::plus_row_demand_preserves_error_prefix ... ok
test tikv::ordinary::tests::plus_selections_and_bindings_are_occurrence_local ... ok
test tikv::ordinary::tests::typed_plus_uses_exact_203_and_all_node_preorder ... ok
test tikv::tests::all_int_controls_have_strict_demand ... ok
test tikv::tests::control_tree_admission_is_closed ... ok
test tikv::tests::deep_seed_prepare_eval_drop_and_limits ... ok
test tikv::tests::demanded_input_only_and_local_error_retained ... ok
test tikv::tests::full_metadata_is_detached_and_collation_state_is_retained ... ok
test tikv::tests::immutable_spec_has_independent_worker_programs ... ok
test tikv::tests::lossy_metadata_and_unsigned_wire_are_not_normalized ... ok
test tikv::tests::pb_identity_and_wire_metadata_survive_lowering ... ok
test tikv::tests::pb_literal_transport_is_exact_and_stale_values_are_rejected ... ok
test tikv::tests::pb_origin_metadata_cannot_mutate_a_published_spec_or_relowering ... ok
test tikv::tests::pb_stale_or_missing_origin_is_not_guessed ... ok
test tikv::tests::physical_rows_and_occurrences ... ok
test tikv::tests::resource_error_is_not_replayed_or_stringified ... ok
test tikv::tests::schema_and_layout_rejected_before_reads ... ok
test tikv::tests::signature_factoring_keeps_remote_admission_separate ... ok
test tikv::tests::sql_bigint_controls_use_local_rpn ... ok
test time_fn::add_sub::sysdate_source_tests::sysdate_is_now_uses_the_statement_clock_and_now_rounding ... ok
test time_fn::add_sub::sysdate_source_tests::test_sys_date ... ok
test time_fn::calendar::clock_source_tests::test_clock_time_parts ... ok
test time_fn::calendar::composite_extract_tests::composite_extracts_concatenate_fields_like_go ... ok
test time_fn::calendar::date_add_microsecond_tests::an_interval_amount_too_large_to_compute_is_null_rather_than_an_overflow ... ok
test time_fn::calendar::date_add_microsecond_tests::microsecond_preserves_six_digit_results ... ok
test time_fn::calendar::date_add_microsecond_tests::test_get_interval_from_decimal ... ok
test time_fn::calendar::week_tests::week_of_year_matches_go_for_boundary_dates ... ok
test time_fn::clock_source_tests::clock_fsp_above_max_reports_coded_1426 ... ok
test time_fn::clock_source_tests::test_clock ... ok
test time_fn::convert_tz::tests::goeval_pinned_nulls ... ok
test time_fn::convert_tz::tests::goeval_pinned_vectors ... ok
test time_fn::convert_tz::tests::test_convert_tz ... ok
test time_fn::duration_parse::source_tests::test_is_duration ... ok
test time_fn::session_tz::tests::from_unixtime_goeval_vectors ... ok
test time_fn::session_tz::tests::tidb_parse_tso_goeval_vectors ... ok
test time_fn::session_tz::tests::unix_timestamp_goeval_vectors ... ok
test time_fn::session_tz::tests::unix_timestamp_in_a_daylight_saving_gap_answers_the_transition ... ok
test time_fn::tests::calendar_part_source_vectors ... ok
test time_fn::tests::current_clock_null_fsp_follows_each_go_signature ... ok
test time_fn::tests::current_time_truncates_to_microseconds_before_fsp_rounding ... ok
test time_fn::tests::date_diff_source_vectors ... ok
test time_fn::tests::date_format_negative_week_year_uses_go_uint32_sentinel ... ok
test time_fn::tests::date_format_source_vectors ... ok
test time_fn::tests::dayname_source_vectors ... ok
test time_fn::tests::from_days_source_vectors ... ok
test time_fn::tests::get_format_table ... ok
test time_fn::tests::go_time_vectors_cover_duration_scale_and_clamp ... ok
test time_fn::tests::go_week_vectors_cover_year_boundaries ... ok
test time_fn::tests::last_day_source_vectors ... ok
test time_fn::tests::month_and_monthname_source_vectors ... ok
test time_fn::tests::period_arithmetic_matches_go_vectors_and_null_ordering ... ok
test time_fn::tests::period_arithmetic_retains_go_unsigned_wrapping ... ok
test time_fn::tests::quarter_source_vectors ... ok
test time_fn::tests::sec_to_time_source_vectors ... ok
test time_fn::tests::str_to_date_day_of_month_follows_allow_invalid_dates ... ok
test time_fn::tests::str_to_date_duration_signature_ignores_no_zero_date ... ok
test time_fn::tests::str_to_date_exhausted_tokens_preserve_go_meridiem_fix_state ... ok
test time_fn::tests::str_to_date_partial_formats_follow_no_zero_date ... FAILED
test time_fn::tests::str_to_date_punctuation_token_uses_go_unicode_categories ... ok
test time_fn::tests::str_to_date_source_vectors ... ok
test time_fn::tests::test_week_without_mode_sig ... ok
test time_fn::tests::tidb_parse_tso_logical_vectors ... ok
test time_fn::tests::time_diff_source_vectors ... ok
test time_fn::tests::time_to_sec_source_vectors ... ok
test time_fn::tests::timestamp_diff_source_vectors ... ok
test time_fn::tests::to_days_source_vectors ... ok
test time_fn::tests::to_seconds_source_vectors ... ok
test time_fn::tests::week_of_year_source_vectors ... ok
test time_fn::tests::week_source_vectors ... ok
test time_fn::tests::zero_datetime_column_matches_recorded_tidb ... ok
test time_literal::tests::date_literal_uses_the_statement_sql_mode ... ok
test time_literal::tests::literal_gates_and_fraction_follow_the_recording ... ok
test time_literal::tests::the_fractional_carry_rounds_in_the_session_zone ... ok
test time_literal::tests::the_literal_reports_gos_own_temporal_type ... ok
test user_vars::tests::clones_are_independent ... ok
test user_vars::tests::handles_share_one_store ... ok
test user_vars::tests::only_unset_folds_case ... ok
test user_vars::tests::values_and_types_are_independent ... ok

failures:

---- pushdown_catalog::tests::ifnull_string_column_literal_uses_go_signature_and_column_collation stdout ----

thread 'pushdown_catalog::tests::ifnull_string_column_literal_uses_go_signature_and_column_collation' (3112) panicked at crates/tidb-expr/src/pushdown_catalog.rs:3077:9:
assertion failed: build_call("ifnull", vec![literal, column]).is_none()

---- tests::builtin_info_json_math_source::exp stdout ----

thread 'tests::builtin_info_json_math_source::exp' (3374) panicked at crates/tidb-expr/src/tests/builtin_info_json_math_source.rs:1881:5:
assertion failed: matches!(math_call("EXP", &[Datum::Real(100_000.0)]),
    Err(EvalError::FloatOverflow))

---- tests::builtin_math_misc_op_source::vectorized_builtin_op_func stdout ----

thread 'tests::builtin_math_misc_op_source::vectorized_builtin_op_func' (3468) panicked at crates/tidb-datatype/src/duration.rs:211:55:
nonnegative duration FSP: TryFromIntError(NegOverflow)

---- time_fn::tests::str_to_date_partial_formats_follow_no_zero_date stdout ----

thread 'time_fn::tests::str_to_date_partial_formats_follow_no_zero_date' (3949) panicked at crates/tidb-expr/src/time_fn/tests.rs:888:9:
assertion `left == right` failed: STR_TO_DATE("01", "%d") without NO_ZERO_DATE
  left: Null
 right: String(StringDatum { bytes: [48, 48, 48, 48, 45, 48, 48, 45, 48, 49], collation: Utf8Mb4Bin })


failures:
    pushdown_catalog::tests::ifnull_string_column_literal_uses_go_signature_and_column_collation
    tests::builtin_info_json_math_source::exp
    tests::builtin_math_misc_op_source::vectorized_builtin_op_func
    time_fn::tests::str_to_date_partial_formats_follow_no_zero_date

test result: FAILED. 1310 passed; 4 failed; 93 ignored; 0 measured; 0 filtered out; finished in 10.24s

error: test failed, to rerun pass `-p tidb-expr --lib`
