warning: feature `core_intrinsics` is declared but not used
  --> /home/agent/tidb/expression-unification/tikv/components/tikv_alloc/src/lib.rs:88:12
   |
88 | #![feature(core_intrinsics)]
   |            ^^^^^^^^^^^^^^^
   |
   = note: `#[warn(unused_features)]` (part of `#[warn(unused)]`) on by default

warning: `tikv_alloc` (lib) generated 1 warning
warning: use of deprecated macro `::slog::slog_debug`: Use fully qualified macro slog::warn!(...) instead
   --> /home/agent/tidb/expression-unification/tikv/components/tikv_util/src/log.rs:77:5
    |
 77 |     ::slog_global::debug!($($args)+)
    |     ^^^^^^^^^^^^^^^^^^^^^^^^^^^^^^^^
    |
   ::: /home/agent/tidb/expression-unification/tikv/components/tikv_util/src/codec/bytes.rs:112:13
    |
112 |             debug!("failed to decode bytes' length: {:?}", e);
    |             ------------------------------------------------- in this macro invocation
    |
    = note: `#[warn(deprecated)]` on by default
    = note: this warning originates in the macro `::slog_global::debug` which comes from the expansion of the macro `debug` (in Nightly builds, run with -Z macro-backtrace for more info)

warning: use of deprecated macro `::slog::slog_info`: Use fully qualified macro slog::info!(...) instead
    --> /home/agent/tidb/expression-unification/tikv/components/tikv_util/src/log.rs:71:5
     |
  71 |     ::slog_global::info!($($args)+)
     |     ^^^^^^^^^^^^^^^^^^^^^^^^^^^^^^^
     |
    ::: /home/agent/tidb/expression-unification/tikv/components/tikv_util/src/config.rs:1050:9
     |
1050 |         info!("kernel parameters"; "param" => param, "value" => got);
     |         ------------------------------------------------------------ in this macro invocation
     |
     = note: this warning originates in the macro `::slog_global::info` which comes from the expansion of the macro `info` (in Nightly builds, run with -Z macro-backtrace for more info)

warning: use of deprecated macro `::slog::slog_info`: Use fully qualified macro slog::info!(...) instead
    --> /home/agent/tidb/expression-unification/tikv/components/tikv_util/src/log.rs:71:5
     |
  71 |     ::slog_global::info!($($args)+)
     |     ^^^^^^^^^^^^^^^^^^^^^^^^^^^^^^^
     |
    ::: /home/agent/tidb/expression-unification/tikv/components/tikv_util/src/config.rs:1237:9
     |
1237 |         info!("data dir"; "data_path" => data_path, "mount_fs" => ?fs_info);
     |         ------------------------------------------------------------------- in this macro invocation
     |
     = note: this warning originates in the macro `::slog_global::info` which comes from the expansion of the macro `info` (in Nightly builds, run with -Z macro-backtrace for more info)

warning: use of deprecated macro `::slog::slog_warn`: Use fully qualified macro slog::warn!(...) instead
    --> /home/agent/tidb/expression-unification/tikv/components/tikv_util/src/log.rs:65:5
     |
  65 |     ::slog_global::warn!($($args)+)
     |     ^^^^^^^^^^^^^^^^^^^^^^^^^^^^^^^
     |
    ::: /home/agent/tidb/expression-unification/tikv/components/tikv_util/src/config.rs:1240:13
     |
1240 |             warn!("not on SSD device"; "data_path" => data_path);
     |             ---------------------------------------------------- in this macro invocation
     |
     = note: this warning originates in the macro `::slog_global::warn` which comes from the expansion of the macro `warn` (in Nightly builds, run with -Z macro-backtrace for more info)

warning: use of deprecated macro `::slog::slog_warn`: Use fully qualified macro slog::warn!(...) instead
    --> /home/agent/tidb/expression-unification/tikv/components/tikv_util/src/log.rs:65:5
     |
  65 |       ::slog_global::warn!($($args)+)
     |       ^^^^^^^^^^^^^^^^^^^^^^^^^^^^^^^
     |
    ::: /home/agent/tidb/expression-unification/tikv/components/tikv_util/src/config.rs:1494:21
     |
1494 | /                     slow_log!(
1495 | |                         t.saturating_elapsed(),
1496 | |                         "{} tracker get updated value",
1497 | |                         self.tag
1498 | |                     );
     | |_____________________- in this macro invocation
     |
     = note: this warning originates in the macro `::slog_global::warn` which comes from the expansion of the macro `slow_log` (in Nightly builds, run with -Z macro-backtrace for more info)

warning: use of deprecated macro `::slog::slog_info`: Use fully qualified macro slog::info!(...) instead
    --> /home/agent/tidb/expression-unification/tikv/components/tikv_util/src/log.rs:71:5
     |
  71 |     ::slog_global::info!($($args)+)
     |     ^^^^^^^^^^^^^^^^^^^^^^^^^^^^^^^
     |
    ::: /home/agent/tidb/expression-unification/tikv/components/tikv_util/src/config.rs:1897:17
     |
1897 |                 info!("Removing directory"; "path" => %path.display());
     |                 ------------------------------------------------------ in this macro invocation
     |
     = note: this warning originates in the macro `::slog_global::info` which comes from the expansion of the macro `info` (in Nightly builds, run with -Z macro-backtrace for more info)

warning: use of deprecated macro `::slog::slog_info`: Use fully qualified macro slog::info!(...) instead
    --> /home/agent/tidb/expression-unification/tikv/components/tikv_util/src/log.rs:71:5
     |
  71 |     ::slog_global::info!($($args)+)
     |     ^^^^^^^^^^^^^^^^^^^^^^^^^^^^^^^
     |
    ::: /home/agent/tidb/expression-unification/tikv/components/tikv_util/src/config.rs:1902:17
     |
1902 |                 info!("Removing file"; "path" => %path.display());
     |                 ------------------------------------------------- in this macro invocation
     |
     = note: this warning originates in the macro `::slog_global::info` which comes from the expansion of the macro `info` (in Nightly builds, run with -Z macro-backtrace for more info)

warning: use of deprecated macro `::slog::slog_info`: Use fully qualified macro slog::info!(...) instead
    --> /home/agent/tidb/expression-unification/tikv/components/tikv_util/src/log.rs:71:5
     |
  71 |     ::slog_global::info!($($args)+)
     |     ^^^^^^^^^^^^^^^^^^^^^^^^^^^^^^^
     |
    ::: /home/agent/tidb/expression-unification/tikv/components/tikv_util/src/config.rs:1912:13
     |
1912 |             info!("Path not exists"; "path" => %remove_path.display());
     |             ---------------------------------------------------------- in this macro invocation
     |
     = note: this warning originates in the macro `::slog_global::info` which comes from the expansion of the macro `info` (in Nightly builds, run with -Z macro-backtrace for more info)

warning: use of deprecated macro `::slog::slog_info`: Use fully qualified macro slog::info!(...) instead
    --> /home/agent/tidb/expression-unification/tikv/components/tikv_util/src/log.rs:71:5
     |
  71 |     ::slog_global::info!($($args)+)
     |     ^^^^^^^^^^^^^^^^^^^^^^^^^^^^^^^
     |
    ::: /home/agent/tidb/expression-unification/tikv/components/tikv_util/src/config.rs:1916:13
     |
1916 |             info!("Path is not a directory, so remove directly"; "path" => %remove_path.display());
     |             -------------------------------------------------------------------------------------- in this macro invocation
     |
     = note: this warning originates in the macro `::slog_global::info` which comes from the expansion of the macro `info` (in Nightly builds, run with -Z macro-backtrace for more info)

warning: use of deprecated macro `::slog::slog_info`: Use fully qualified macro slog::info!(...) instead
    --> /home/agent/tidb/expression-unification/tikv/components/tikv_util/src/log.rs:71:5
     |
  71 |     ::slog_global::info!($($args)+)
     |     ^^^^^^^^^^^^^^^^^^^^^^^^^^^^^^^
     |
    ::: /home/agent/tidb/expression-unification/tikv/components/tikv_util/src/config.rs:1921:13
     |
1921 | ...   info!("Removing directory as retain path is not under remove path"; "retain path" => %retain_path.display(), "remove path" => %remove_path.display());
     |       ----------------------------------------------------------------------------------------------------------------------------------------------------- in this macro invocation
     |
     = note: this warning originates in the macro `::slog_global::info` which comes from the expansion of the macro `info` (in Nightly builds, run with -Z macro-backtrace for more info)

warning: use of deprecated macro `::slog::slog_warn`: Use fully qualified macro slog::warn!(...) instead
  --> /home/agent/tidb/expression-unification/tikv/components/tikv_util/src/log.rs:65:5
   |
65 |     ::slog_global::warn!($($args)+)
   |     ^^^^^^^^^^^^^^^^^^^^^^^^^^^^^^^
   |
  ::: /home/agent/tidb/expression-unification/tikv/components/tikv_util/src/future.rs:34:13
   |
34 |             warn!("paired_future_callback: Failed to send result to the future rx, discarded.");
   |             ----------------------------------------------------------------------------------- in this macro invocation
   |
   = note: this warning originates in the macro `::slog_global::warn` which comes from the expansion of the macro `warn` (in Nightly builds, run with -Z macro-backtrace for more info)

warning: use of deprecated macro `::slog::slog_warn`: Use fully qualified macro slog::warn!(...) instead
  --> /home/agent/tidb/expression-unification/tikv/components/tikv_util/src/log.rs:65:5
   |
65 |     ::slog_global::warn!($($args)+)
   |     ^^^^^^^^^^^^^^^^^^^^^^^^^^^^^^^
   |
  ::: /home/agent/tidb/expression-unification/tikv/components/tikv_util/src/future.rs:51:17
   |
51 |                 warn!("paired_future_callback: Failed to send result to the future rx, discarded.");
   |                 ----------------------------------------------------------------------------------- in this macro invocation
   |
   = note: this warning originates in the macro `::slog_global::warn` which comes from the expansion of the macro `warn` (in Nightly builds, run with -Z macro-backtrace for more info)

warning: use of deprecated macro `::slog::slog_warn`: Use fully qualified macro slog::warn!(...) instead
  --> /home/agent/tidb/expression-unification/tikv/components/tikv_util/src/log.rs:65:5
   |
65 |     ::slog_global::warn!($($args)+)
   |     ^^^^^^^^^^^^^^^^^^^^^^^^^^^^^^^
   |
  ::: /home/agent/tidb/expression-unification/tikv/components/tikv_util/src/future.rs:77:22
   |
77 |         .map_err(|e| warn!("stream with buffer send error"; "error" => %e))
   |                      ----------------------------------------------------- in this macro invocation
   |
   = note: this warning originates in the macro `::slog_global::warn` which comes from the expansion of the macro `warn` (in Nightly builds, run with -Z macro-backtrace for more info)

warning: use of deprecated macro `::slog::slog_error`: Use fully qualified macro slog::crit!(...) instead
   --> /home/agent/tidb/expression-unification/tikv/components/tikv_util/src/log.rs:35:9
    |
 35 |         ::slog_global::error!($($args)+)
    |         ^^^^^^^^^^^^^^^^^^^^^^^^^^^^^^^^
    |
   ::: /home/agent/tidb/expression-unification/tikv/components/tikv_util/src/logger/file_log.rs:294:37
    |
294 |                 .unwrap_or_else(|e| error!("achieve log: {:?} failed, err: {}", log.f.path(), e));
    |                                     ------------------------------------------------------------ in this macro invocation
    |
    = note: this warning originates in the macro `::slog_global::error` which comes from the expansion of the macro `error` (in Nightly builds, run with -Z macro-backtrace for more info)

warning: use of deprecated macro `slog_o`: Use fully qualified macro slog::o!(...) instead
   --> /home/agent/tidb/expression-unification/tikv/components/tikv_util/src/logger/mod.rs:109:36
    |
109 |         (slog::Logger::root(drain, slog_o!()), Some(guard))
    |                                    ^^^^^^

warning: use of deprecated macro `slog_o`: Use fully qualified macro slog::o!(...) instead
   --> /home/agent/tidb/expression-unification/tikv/components/tikv_util/src/logger/mod.rs:113:36
    |
113 |         (slog::Logger::root(drain, slog_o!()), None)
    |                                    ^^^^^^

warning: use of deprecated macro `slog_o`: Use fully qualified macro slog::o!(...) instead
   --> /home/agent/tidb/expression-unification/tikv/components/tikv_util/src/logger/mod.rs:237:24
    |
237 |         .add_key_value(slog_o!(
    |                        ^^^^^^

warning: use of deprecated macro `slog_o`: Use fully qualified macro slog::o!(...) instead
   --> /home/agent/tidb/expression-unification/tikv/components/tikv_util/src/logger/mod.rs:251:31
    |
251 |         builder.add_key_value(slog_o!("time" => FnValue(|_| chrono::Local::now().format(TIMESTAMP_FORMAT).to_string()),)).build()
    |                               ^^^^^^

warning: use of deprecated macro `slog::slog_crit`: Use fully qualified macro slog::crit!(...) instead
   --> /home/agent/tidb/expression-unification/tikv/components/tikv_util/src/logger/mod.rs:452:13
    |
452 |             slog::slog_crit!(
    |             ^^^^^^^^^^^^^^^

warning: use of deprecated macro `slog_o`: Use fully qualified macro slog::o!(...) instead
   --> /home/agent/tidb/expression-unification/tikv/components/tikv_util/src/logger/mod.rs:451:66
    |
451 |             let fatal_logger = slog::Logger::root(fatal_drainer, slog_o!());
    |                                                                  ^^^^^^

warning: use of deprecated macro `::slog::slog_warn`: Use fully qualified macro slog::warn!(...) instead
   --> /home/agent/tidb/expression-unification/tikv/components/tikv_util/src/log.rs:65:5
    |
 65 |     ::slog_global::warn!($($args)+)
    |     ^^^^^^^^^^^^^^^^^^^^^^^^^^^^^^^
    |
   ::: /home/agent/tidb/expression-unification/tikv/components/tikv_util/src/memory.rs:286:13
    |
286 |             warn!("bytes size exceeds the max memory alloc size, force alloc is ignored"; "bytes" => bytes);
    |             ----------------------------------------------------------------------------------------------- in this macro invocation
    |
    = note: this warning originates in the macro `::slog_global::warn` which comes from the expansion of the macro `warn` (in Nightly builds, run with -Z macro-backtrace for more info)

warning: use of deprecated macro `::slog::slog_warn`: Use fully qualified macro slog::warn!(...) instead
   --> /home/agent/tidb/expression-unification/tikv/components/tikv_util/src/log.rs:65:5
    |
 65 |     ::slog_global::warn!($($args)+)
    |     ^^^^^^^^^^^^^^^^^^^^^^^^^^^^^^^
    |
   ::: /home/agent/tidb/expression-unification/tikv/components/tikv_util/src/memory.rs:311:13
    |
311 |             warn!("bytes size exceeds the max memory alloc size, free is ignored"; "bytes" => bytes);
    |             ---------------------------------------------------------------------------------------- in this macro invocation
    |
    = note: this warning originates in the macro `::slog_global::warn` which comes from the expansion of the macro `warn` (in Nightly builds, run with -Z macro-backtrace for more info)

warning: use of deprecated macro `::slog::slog_warn`: Use fully qualified macro slog::warn!(...) instead
  --> /home/agent/tidb/expression-unification/tikv/components/tikv_util/src/log.rs:65:5
   |
65 |     ::slog_global::warn!($($args)+)
   |     ^^^^^^^^^^^^^^^^^^^^^^^^^^^^^^^
   |
  ::: /home/agent/tidb/expression-unification/tikv/components/tikv_util/src/metrics/mod.rs:50:13
   |
50 |             warn!("prometheus encoding error"; "err" => ?e);
   |             ----------------------------------------------- in this macro invocation
   |
   = note: this warning originates in the macro `::slog_global::warn` which comes from the expansion of the macro `warn` (in Nightly builds, run with -Z macro-backtrace for more info)

warning: use of deprecated macro `::slog::slog_warn`: Use fully qualified macro slog::warn!(...) instead
  --> /home/agent/tidb/expression-unification/tikv/components/tikv_util/src/log.rs:65:5
   |
65 |     ::slog_global::warn!($($args)+)
   |     ^^^^^^^^^^^^^^^^^^^^^^^^^^^^^^^
   |
  ::: /home/agent/tidb/expression-unification/tikv/components/tikv_util/src/metrics/mod.rs:68:17
   |
68 |                 warn!("prometheus encoding error"; "err" => ?e);
   |                 ----------------------------------------------- in this macro invocation
   |
   = note: this warning originates in the macro `::slog_global::warn` which comes from the expansion of the macro `warn` (in Nightly builds, run with -Z macro-backtrace for more info)

warning: use of deprecated macro `::slog::slog_error`: Use fully qualified macro slog::crit!(...) instead
  --> /home/agent/tidb/expression-unification/tikv/components/tikv_util/src/log.rs:35:9
   |
35 |         ::slog_global::error!($($args)+)
   |         ^^^^^^^^^^^^^^^^^^^^^^^^^^^^^^^^
   |
  ::: /home/agent/tidb/expression-unification/tikv/components/tikv_util/src/resizable_threadpool.rs:52:17
   |
52 |                 error!("Daemon runtime has been dropped. Task will be ignored.");
   |                 ---------------------------------------------------------------- in this macro invocation
   |
   = note: this warning originates in the macro `::slog_global::error` which comes from the expansion of the macro `error` (in Nightly builds, run with -Z macro-backtrace for more info)

warning: use of deprecated macro `::slog::slog_error`: Use fully qualified macro slog::crit!(...) instead
  --> /home/agent/tidb/expression-unification/tikv/components/tikv_util/src/log.rs:35:9
   |
35 |         ::slog_global::error!($($args)+)
   |         ^^^^^^^^^^^^^^^^^^^^^^^^^^^^^^^^
   |
  ::: /home/agent/tidb/expression-unification/tikv/components/tikv_util/src/resizable_threadpool.rs:76:17
   |
76 |                 error!("Daemon runtime has been dropped. Task will be ignored.");
   |                 ---------------------------------------------------------------- in this macro invocation
   |
   = note: this warning originates in the macro `::slog_global::error` which comes from the expansion of the macro `error` (in Nightly builds, run with -Z macro-backtrace for more info)

warning: use of deprecated macro `::slog::slog_info`: Use fully qualified macro slog::info!(...) instead
   --> /home/agent/tidb/expression-unification/tikv/components/tikv_util/src/log.rs:71:5
    |
 71 |       ::slog_global::info!($($args)+)
    |       ^^^^^^^^^^^^^^^^^^^^^^^^^^^^^^^
    |
   ::: /home/agent/tidb/expression-unification/tikv/components/tikv_util/src/resizable_threadpool.rs:191:9
    |
191 | /         info!(
192 | |             "Resizing thread pool";
193 | |             "thread_name" => &thread_name,
194 | |             "new_size" => new_size
195 | |         );
    | |_________- in this macro invocation
    |
    = note: this warning originates in the macro `::slog_global::info` which comes from the expansion of the macro `info` (in Nightly builds, run with -Z macro-backtrace for more info)

warning: use of deprecated macro `::slog::slog_warn`: Use fully qualified macro slog::warn!(...) instead
   --> /home/agent/tidb/expression-unification/tikv/components/tikv_util/src/log.rs:65:5
    |
 65 |     ::slog_global::warn!($($args)+)
    |     ^^^^^^^^^^^^^^^^^^^^^^^^^^^^^^^
    |
   ::: /home/agent/tidb/expression-unification/tikv/components/tikv_util/src/sys/cgroup.rs:103:17
    |
103 |                 warn!("cgroup memory controller found but not mounted.");
    |                 -------------------------------------------------------- in this macro invocation
    |
    = note: this warning originates in the macro `::slog_global::warn` which comes from the expansion of the macro `warn` (in Nightly builds, run with -Z macro-backtrace for more info)

warning: use of deprecated macro `::slog::slog_warn`: Use fully qualified macro slog::warn!(...) instead
   --> /home/agent/tidb/expression-unification/tikv/components/tikv_util/src/log.rs:65:5
    |
 65 |     ::slog_global::warn!($($args)+)
    |     ^^^^^^^^^^^^^^^^^^^^^^^^^^^^^^^
    |
   ::: /home/agent/tidb/expression-unification/tikv/components/tikv_util/src/sys/cgroup.rs:120:17
    |
120 |                 warn!("cgroup cpuset controller found but not mounted.");
    |                 -------------------------------------------------------- in this macro invocation
    |
    = note: this warning originates in the macro `::slog_global::warn` which comes from the expansion of the macro `warn` (in Nightly builds, run with -Z macro-backtrace for more info)

warning: use of deprecated macro `::slog::slog_warn`: Use fully qualified macro slog::warn!(...) instead
   --> /home/agent/tidb/expression-unification/tikv/components/tikv_util/src/log.rs:65:5
    |
 65 |     ::slog_global::warn!($($args)+)
    |     ^^^^^^^^^^^^^^^^^^^^^^^^^^^^^^^
    |
   ::: /home/agent/tidb/expression-unification/tikv/components/tikv_util/src/sys/cgroup.rs:148:17
    |
148 |                 warn!("cgroup cpu controller found but not mounted.");
    |                 ----------------------------------------------------- in this macro invocation
    |
    = note: this warning originates in the macro `::slog_global::warn` which comes from the expansion of the macro `warn` (in Nightly builds, run with -Z macro-backtrace for more info)

warning: use of deprecated macro `::slog::slog_warn`: Use fully qualified macro slog::warn!(...) instead
   --> /home/agent/tidb/expression-unification/tikv/components/tikv_util/src/log.rs:65:5
    |
 65 |     ::slog_global::warn!($($args)+)
    |     ^^^^^^^^^^^^^^^^^^^^^^^^^^^^^^^
    |
   ::: /home/agent/tidb/expression-unification/tikv/components/tikv_util/src/sys/cgroup.rs:204:9
    |
204 |         warn!("fail to parse cgroup v1: {}", line);
    |         ------------------------------------------ in this macro invocation
    |
    = note: this warning originates in the macro `::slog_global::warn` which comes from the expansion of the macro `warn` (in Nightly builds, run with -Z macro-backtrace for more info)

warning: use of deprecated macro `::slog::slog_warn`: Use fully qualified macro slog::warn!(...) instead
   --> /home/agent/tidb/expression-unification/tikv/components/tikv_util/src/log.rs:65:5
    |
 65 |       ::slog_global::warn!($($args)+)
    |       ^^^^^^^^^^^^^^^^^^^^^^^^^^^^^^^
    |
   ::: /home/agent/tidb/expression-unification/tikv/components/tikv_util/src/sys/cgroup.rs:214:9
    |
214 | /         warn!(
215 | |             "cgroup v2 should only have one subsystem, got {}",
216 | |             subsystems.len()
217 | |         );
    | |_________- in this macro invocation
    |
    = note: this warning originates in the macro `::slog_global::warn` which comes from the expansion of the macro `warn` (in Nightly builds, run with -Z macro-backtrace for more info)

warning: use of deprecated macro `::slog::slog_warn`: Use fully qualified macro slog::warn!(...) instead
   --> /home/agent/tidb/expression-unification/tikv/components/tikv_util/src/log.rs:65:5
    |
 65 |       ::slog_global::warn!($($args)+)
    |       ^^^^^^^^^^^^^^^^^^^^^^^^^^^^^^^
    |
   ::: /home/agent/tidb/expression-unification/tikv/components/tikv_util/src/sys/cgroup.rs:219:9
    |
219 | /         warn!(
220 | |             "unexpected cgroup v2 subsystem name: {}",
221 | |             subsystems.keys().next().unwrap()
222 | |         );
    | |_________- in this macro invocation
    |
    = note: this warning originates in the macro `::slog_global::warn` which comes from the expansion of the macro `warn` (in Nightly builds, run with -Z macro-backtrace for more info)

warning: use of deprecated macro `::slog::slog_warn`: Use fully qualified macro slog::warn!(...) instead
   --> /home/agent/tidb/expression-unification/tikv/components/tikv_util/src/log.rs:65:5
    |
 65 |     ::slog_global::warn!($($args)+)
    |     ^^^^^^^^^^^^^^^^^^^^^^^^^^^^^^^
    |
   ::: /home/agent/tidb/expression-unification/tikv/components/tikv_util/src/sys/cgroup.rs:231:13
    |
231 |             warn!("fail to get mountinfo: {}", e);
    |             ------------------------------------- in this macro invocation
    |
    = note: this warning originates in the macro `::slog_global::warn` which comes from the expansion of the macro `warn` (in Nightly builds, run with -Z macro-backtrace for more info)

warning: use of deprecated macro `::slog::slog_warn`: Use fully qualified macro slog::warn!(...) instead
   --> /home/agent/tidb/expression-unification/tikv/components/tikv_util/src/log.rs:65:5
    |
 65 |     ::slog_global::warn!($($args)+)
    |     ^^^^^^^^^^^^^^^^^^^^^^^^^^^^^^^
    |
   ::: /home/agent/tidb/expression-unification/tikv/components/tikv_util/src/sys/cgroup.rs:255:13
    |
255 |             warn!("fail to get mountinfo: {}", e);
    |             ------------------------------------- in this macro invocation
    |
    = note: this warning originates in the macro `::slog_global::warn` which comes from the expansion of the macro `warn` (in Nightly builds, run with -Z macro-backtrace for more info)

warning: use of deprecated macro `::slog::slog_warn`: Use fully qualified macro slog::warn!(...) instead
   --> /home/agent/tidb/expression-unification/tikv/components/tikv_util/src/log.rs:65:5
    |
 65 |       ::slog_global::warn!($($args)+)
    |       ^^^^^^^^^^^^^^^^^^^^^^^^^^^^^^^
    |
   ::: /home/agent/tidb/expression-unification/tikv/components/tikv_util/src/sys/cgroup.rs:268:13
    |
268 | /             warn!(
269 | |                 "Found multiple cgroup2 mountinfos, dropping {} {}",
270 | |                 root,
271 | |                 mount_point.display()
272 | |             );
    | |_____________- in this macro invocation
    |
    = note: this warning originates in the macro `::slog_global::warn` which comes from the expansion of the macro `warn` (in Nightly builds, run with -Z macro-backtrace for more info)

warning: use of deprecated macro `::slog::slog_warn`: Use fully qualified macro slog::warn!(...) instead
   --> /home/agent/tidb/expression-unification/tikv/components/tikv_util/src/log.rs:65:5
    |
 65 |       ::slog_global::warn!($($args)+)
    |       ^^^^^^^^^^^^^^^^^^^^^^^^^^^^^^^
    |
   ::: /home/agent/tidb/expression-unification/tikv/components/tikv_util/src/sys/cgroup.rs:291:5
    |
291 | /     warn!(
292 | |         "fail to build cgroup path";
293 | |         "path" => %path,
294 | |         "root" => %root,
295 | |         "mount_point" => %mount_point.display()
296 | |     );
    | |_____- in this macro invocation
    |
    = note: this warning originates in the macro `::slog_global::warn` which comes from the expansion of the macro `warn` (in Nightly builds, run with -Z macro-backtrace for more info)

warning: use of deprecated macro `::slog::slog_warn`: Use fully qualified macro slog::warn!(...) instead
   --> /home/agent/tidb/expression-unification/tikv/components/tikv_util/src/log.rs:65:5
    |
 65 |     ::slog_global::warn!($($args)+)
    |     ^^^^^^^^^^^^^^^^^^^^^^^^^^^^^^^
    |
   ::: /home/agent/tidb/expression-unification/tikv/components/tikv_util/src/sys/cgroup.rs:303:26
    |
303 |             .map_err(|e| warn!("fail to parse memory max"; "line" => %line, "err" => %e))
    |                          --------------------------------------------------------------- in this macro invocation
    |
    = note: this warning originates in the macro `::slog_global::warn` which comes from the expansion of the macro `warn` (in Nightly builds, run with -Z macro-backtrace for more info)

warning: use of deprecated macro `::slog::slog_warn`: Use fully qualified macro slog::warn!(...) instead
   --> /home/agent/tidb/expression-unification/tikv/components/tikv_util/src/log.rs:65:5
    |
 65 |     ::slog_global::warn!($($args)+)
    |     ^^^^^^^^^^^^^^^^^^^^^^^^^^^^^^^
    |
   ::: /home/agent/tidb/expression-unification/tikv/components/tikv_util/src/sys/cgroup.rs:333:9
    |
333 |         warn!("fail to parse cpu cores: {}", v);
    |         --------------------------------------- in this macro invocation
    |
    = note: this warning originates in the macro `::slog_global::warn` which comes from the expansion of the macro `warn` (in Nightly builds, run with -Z macro-backtrace for more info)

warning: use of deprecated macro `::slog::slog_warn`: Use fully qualified macro slog::warn!(...) instead
   --> /home/agent/tidb/expression-unification/tikv/components/tikv_util/src/log.rs:65:5
    |
 65 |     ::slog_global::warn!($($args)+)
    |     ^^^^^^^^^^^^^^^^^^^^^^^^^^^^^^^
    |
   ::: /home/agent/tidb/expression-unification/tikv/components/tikv_util/src/sys/cgroup.rs:350:9
    |
350 |         warn!("fail to parse cpu quota v2: {}", line);
    |         --------------------------------------------- in this macro invocation
    |
    = note: this warning originates in the macro `::slog_global::warn` which comes from the expansion of the macro `warn` (in Nightly builds, run with -Z macro-backtrace for more info)

warning: use of deprecated macro `::slog::slog_warn`: Use fully qualified macro slog::warn!(...) instead
   --> /home/agent/tidb/expression-unification/tikv/components/tikv_util/src/log.rs:65:5
    |
 65 |     ::slog_global::warn!($($args)+)
    |     ^^^^^^^^^^^^^^^^^^^^^^^^^^^^^^^
    |
   ::: /home/agent/tidb/expression-unification/tikv/components/tikv_util/src/sys/cgroup.rs:367:5
    |
367 |     warn!("fail to parse cpu quota v1: {}, {}", line1, line2);
    |     --------------------------------------------------------- in this macro invocation
    |
    = note: this warning originates in the macro `::slog_global::warn` which comes from the expansion of the macro `warn` (in Nightly builds, run with -Z macro-backtrace for more info)

warning: use of deprecated macro `::slog::slog_error`: Use fully qualified macro slog::crit!(...) instead
  --> /home/agent/tidb/expression-unification/tikv/components/tikv_util/src/log.rs:35:9
   |
35 |         ::slog_global::error!($($args)+)
   |         ^^^^^^^^^^^^^^^^^^^^^^^^^^^^^^^^
   |
  ::: /home/agent/tidb/expression-unification/tikv/components/tikv_util/src/sys/thread.rs:97:25
   |
97 |                         error!("read task failed"; "pid" => pid, "err" => ?e);
   |                         ----------------------------------------------------- in this macro invocation
   |
   = note: this warning originates in the macro `::slog_global::error` which comes from the expansion of the macro `error` (in Nightly builds, run with -Z macro-backtrace for more info)

warning: use of deprecated macro `::slog::slog_error`: Use fully qualified macro slog::crit!(...) instead
   --> /home/agent/tidb/expression-unification/tikv/components/tikv_util/src/log.rs:35:9
    |
 35 |         ::slog_global::error!($($args)+)
    |         ^^^^^^^^^^^^^^^^^^^^^^^^^^^^^^^^
    |
   ::: /home/agent/tidb/expression-unification/tikv/components/tikv_util/src/sys/thread.rs:106:29
    |
106 | ...                   error!("read task failed"; "pid" => pid, "err" => ?e);
    |                       ----------------------------------------------------- in this macro invocation
    |
    = note: this warning originates in the macro `::slog_global::error` which comes from the expansion of the macro `error` (in Nightly builds, run with -Z macro-backtrace for more info)

warning: use of deprecated macro `::slog::slog_error`: Use fully qualified macro slog::crit!(...) instead
   --> /home/agent/tidb/expression-unification/tikv/components/tikv_util/src/log.rs:35:9
    |
 35 |         ::slog_global::error!($($args)+)
    |         ^^^^^^^^^^^^^^^^^^^^^^^^^^^^^^^^
    |
   ::: /home/agent/tidb/expression-unification/tikv/components/tikv_util/src/sys/thread.rs:111:25
    |
111 |                         error!("read task failed"; "pid" => pid);
    |                         ---------------------------------------- in this macro invocation
    |
    = note: this warning originates in the macro `::slog_global::error` which comes from the expansion of the macro `error` (in Nightly builds, run with -Z macro-backtrace for more info)

warning: use of deprecated macro `::slog::slog_debug`: Use fully qualified macro slog::warn!(...) instead
   --> /home/agent/tidb/expression-unification/tikv/components/tikv_util/src/log.rs:77:5
    |
 77 |     ::slog_global::debug!($($args)+)
    |     ^^^^^^^^^^^^^^^^^^^^^^^^^^^^^^^^
    |
   ::: /home/agent/tidb/expression-unification/tikv/components/tikv_util/src/sys/thread.rs:415:9
    |
415 |         debug!("tid {} thread name is {}", tid, name);
    |         --------------------------------------------- in this macro invocation
    |
    = note: this warning originates in the macro `::slog_global::debug` which comes from the expansion of the macro `debug` (in Nightly builds, run with -Z macro-backtrace for more info)

warning: use of deprecated macro `::slog::slog_info`: Use fully qualified macro slog::info!(...) instead
   --> /home/agent/tidb/expression-unification/tikv/components/tikv_util/src/log.rs:71:5
    |
 71 |       ::slog_global::info!($($args)+)
    |       ^^^^^^^^^^^^^^^^^^^^^^^^^^^^^^^
    |
   ::: /home/agent/tidb/expression-unification/tikv/components/tikv_util/src/sys/mod.rs:125:9
    |
125 | /         info!(
126 | |             "cgroup quota: memory={:?}, cpu={:?}, cores={:?}",
127 | |             SELF_CGROUP.memory_limit_in_bytes(),
128 | |             SELF_CGROUP.cpu_quota(),
129 | |             SELF_CGROUP.cpuset_cores(),
130 | |         );
    | |_________- in this macro invocation
    |
    = note: this warning originates in the macro `::slog_global::info` which comes from the expansion of the macro `info` (in Nightly builds, run with -Z macro-backtrace for more info)

warning: use of deprecated macro `::slog::slog_info`: Use fully qualified macro slog::info!(...) instead
   --> /home/agent/tidb/expression-unification/tikv/components/tikv_util/src/log.rs:71:5
    |
 71 |       ::slog_global::info!($($args)+)
    |       ^^^^^^^^^^^^^^^^^^^^^^^^^^^^^^^
    |
   ::: /home/agent/tidb/expression-unification/tikv/components/tikv_util/src/sys/mod.rs:132:9
    |
132 | /         info!(
133 | |             "memory limit in bytes: {}, cpu cores quota: {}",
134 | |             Self::memory_limit_in_bytes(),
135 | |             Self::cpu_cores_quota()
136 | |         );
    | |_________- in this macro invocation
    |
    = note: this warning originates in the macro `::slog_global::info` which comes from the expansion of the macro `info` (in Nightly builds, run with -Z macro-backtrace for more info)

warning: use of deprecated macro `::slog::slog_warn`: Use fully qualified macro slog::warn!(...) instead
   --> /home/agent/tidb/expression-unification/tikv/components/tikv_util/src/log.rs:65:5
    |
 65 |     ::slog_global::warn!($($args)+)
    |     ^^^^^^^^^^^^^^^^^^^^^^^^^^^^^^^
    |
   ::: /home/agent/tidb/expression-unification/tikv/components/tikv_util/src/sys/mod.rs:254:13
    |
254 |             warn!("Get mount point error for path {}, {}", path1.display(), e1);
    |             ------------------------------------------------------------------- in this macro invocation
    |
    = note: this warning originates in the macro `::slog_global::warn` which comes from the expansion of the macro `warn` (in Nightly builds, run with -Z macro-backtrace for more info)

warning: use of deprecated macro `::slog::slog_warn`: Use fully qualified macro slog::warn!(...) instead
   --> /home/agent/tidb/expression-unification/tikv/components/tikv_util/src/log.rs:65:5
    |
 65 |     ::slog_global::warn!($($args)+)
    |     ^^^^^^^^^^^^^^^^^^^^^^^^^^^^^^^
    |
   ::: /home/agent/tidb/expression-unification/tikv/components/tikv_util/src/sys/mod.rs:258:13
    |
258 |             warn!("Get mount point error for path {}, {}", path2.display(), e2);
    |             ------------------------------------------------------------------- in this macro invocation
    |
    = note: this warning originates in the macro `::slog_global::warn` which comes from the expansion of the macro `warn` (in Nightly builds, run with -Z macro-backtrace for more info)

warning: use of deprecated macro `::slog::slog_warn`: Use fully qualified macro slog::warn!(...) instead
   --> /home/agent/tidb/expression-unification/tikv/components/tikv_util/src/log.rs:65:5
    |
 65 |     ::slog_global::warn!($($args)+)
    |     ^^^^^^^^^^^^^^^^^^^^^^^^^^^^^^^
    |
   ::: /home/agent/tidb/expression-unification/tikv/components/tikv_util/src/sys/mod.rs:262:13
    |
262 |             warn!("No mount point for {}", path1.display());
    |             ----------------------------------------------- in this macro invocation
    |
    = note: this warning originates in the macro `::slog_global::warn` which comes from the expansion of the macro `warn` (in Nightly builds, run with -Z macro-backtrace for more info)

warning: use of deprecated macro `::slog::slog_warn`: Use fully qualified macro slog::warn!(...) instead
   --> /home/agent/tidb/expression-unification/tikv/components/tikv_util/src/log.rs:65:5
    |
 65 |     ::slog_global::warn!($($args)+)
    |     ^^^^^^^^^^^^^^^^^^^^^^^^^^^^^^^
    |
   ::: /home/agent/tidb/expression-unification/tikv/components/tikv_util/src/sys/mod.rs:266:13
    |
266 |             warn!("No mount point for {}", path2.display());
    |             ----------------------------------------------- in this macro invocation
    |
    = note: this warning originates in the macro `::slog_global::warn` which comes from the expansion of the macro `warn` (in Nightly builds, run with -Z macro-backtrace for more info)

warning: use of deprecated macro `::slog::slog_warn`: Use fully qualified macro slog::warn!(...) instead
   --> /home/agent/tidb/expression-unification/tikv/components/tikv_util/src/log.rs:65:5
    |
 65 |     ::slog_global::warn!($($args)+)
    |     ^^^^^^^^^^^^^^^^^^^^^^^^^^^^^^^
    |
   ::: /home/agent/tidb/expression-unification/tikv/components/tikv_util/src/sys/mod.rs:287:17
    |
287 |                 warn!("fail to read mounts line, error {}", e);
    |                 ---------------------------------------------- in this macro invocation
    |
    = note: this warning originates in the macro `::slog_global::warn` which comes from the expansion of the macro `warn` (in Nightly builds, run with -Z macro-backtrace for more info)

warning: use of deprecated macro `::slog::slog_error`: Use fully qualified macro slog::crit!(...) instead
  --> /home/agent/tidb/expression-unification/tikv/components/tikv_util/src/log.rs:35:9
   |
35 |         ::slog_global::error!($($args)+)
   |         ^^^^^^^^^^^^^^^^^^^^^^^^^^^^^^^^
   |
  ::: /home/agent/tidb/expression-unification/tikv/components/tikv_util/src/thread_group.rs:50:13
   |
50 |             safe_panic!("group properties is not set");
   |             ------------------------------------------ in this macro invocation
   |
   = note: this warning originates in the macro `::slog_global::error` which comes from the expansion of the macro `safe_panic` (in Nightly builds, run with -Z macro-backtrace for more info)

warning: use of deprecated macro `::slog::slog_error`: Use fully qualified macro slog::crit!(...) instead
   --> /home/agent/tidb/expression-unification/tikv/components/tikv_util/src/log.rs:35:9
    |
 35 |           ::slog_global::error!($($args)+)
    |           ^^^^^^^^^^^^^^^^^^^^^^^^^^^^^^^^
    |
   ::: /home/agent/tidb/expression-unification/tikv/components/tikv_util/src/time.rs:249:25
    |
249 | /                         error!(
250 | |                             "system time jumped back";
251 | |                             "before" => ?before,
252 | |                             "after" => ?after,
253 | |                             "err" => ?e,
254 | |                         );
    | |_________________________- in this macro invocation
    |
    = note: this warning originates in the macro `::slog_global::error` which comes from the expansion of the macro `error` (in Nightly builds, run with -Z macro-backtrace for more info)

warning: use of deprecated macro `::slog::slog_error`: Use fully qualified macro slog::crit!(...) instead
   --> /home/agent/tidb/expression-unification/tikv/components/tikv_util/src/log.rs:35:9
    |
 35 |         ::slog_global::error!($($args)+)
    |         ^^^^^^^^^^^^^^^^^^^^^^^^^^^^^^^^
    |
   ::: /home/agent/tidb/expression-unification/tikv/components/tikv_util/src/time.rs:282:13
    |
282 |             error!("send quit message for time monitor worker failed"; "err" => ?e);
    |             ----------------------------------------------------------------------- in this macro invocation
    |
    = note: this warning originates in the macro `::slog_global::error` which comes from the expansion of the macro `error` (in Nightly builds, run with -Z macro-backtrace for more info)

warning: use of deprecated macro `::slog::slog_error`: Use fully qualified macro slog::crit!(...) instead
   --> /home/agent/tidb/expression-unification/tikv/components/tikv_util/src/log.rs:35:9
    |
 35 |         ::slog_global::error!($($args)+)
    |         ^^^^^^^^^^^^^^^^^^^^^^^^^^^^^^^^
    |
   ::: /home/agent/tidb/expression-unification/tikv/components/tikv_util/src/time.rs:287:13
    |
287 |             error!("join time monitor worker failed"; "err" => ?e);
    |             ------------------------------------------------------ in this macro invocation
    |
    = note: this warning originates in the macro `::slog_global::error` which comes from the expansion of the macro `error` (in Nightly builds, run with -Z macro-backtrace for more info)

warning: use of deprecated macro `::slog::slog_error`: Use fully qualified macro slog::crit!(...) instead
   --> /home/agent/tidb/expression-unification/tikv/components/tikv_util/src/log.rs:35:9
    |
 35 |           ::slog_global::error!($($args)+)
    |           ^^^^^^^^^^^^^^^^^^^^^^^^^^^^^^^^
    |
   ::: /home/agent/tidb/expression-unification/tikv/components/tikv_util/src/time.rs:461:13
    |
461 | /             error!(
462 | |                 "monotonic time jumped back, {:.3} -> {:.3}",
463 | |                 earlier.sec as f64 + f64::from(earlier.nsec) / NANOSECONDS_PER_SECOND as f64,
464 | |                 later.sec as f64 + f64::from(later.nsec) / NANOSECONDS_PER_SECOND as f64
465 | |             );
    | |_____________- in this macro invocation
    |
    = note: this warning originates in the macro `::slog_global::error` which comes from the expansion of the macro `error` (in Nightly builds, run with -Z macro-backtrace for more info)

warning: use of deprecated macro `::slog::slog_debug`: Use fully qualified macro slog::warn!(...) instead
   --> /home/agent/tidb/expression-unification/tikv/components/tikv_util/src/log.rs:77:5
    |
 77 |       ::slog_global::debug!($($args)+)
    |       ^^^^^^^^^^^^^^^^^^^^^^^^^^^^^^^^
    |
   ::: /home/agent/tidb/expression-unification/tikv/components/tikv_util/src/time.rs:487:13
    |
487 | /             debug!(
488 | |                 "coarse time jumped back, {:.3} -> {:.3}",
489 | |                 earlier.sec as f64 + f64::from(earlier.nsec) / NANOSECONDS_PER_SECOND as f64,
490 | |                 later.sec as f64 + f64::from(later.nsec) / NANOSECONDS_PER_SECOND as f64
491 | |             );
    | |_____________- in this macro invocation
    |
    = note: this warning originates in the macro `::slog_global::debug` which comes from the expansion of the macro `debug` (in Nightly builds, run with -Z macro-backtrace for more info)

warning: use of deprecated macro `::slog::slog_debug`: Use fully qualified macro slog::warn!(...) instead
   --> /home/agent/tidb/expression-unification/tikv/components/tikv_util/src/log.rs:77:5
    |
 77 |       ::slog_global::debug!($($args)+)
    |       ^^^^^^^^^^^^^^^^^^^^^^^^^^^^^^^^
    |
   ::: /home/agent/tidb/expression-unification/tikv/components/tikv_util/src/time.rs:645:9
    |
645 | /         debug!("setup duration for spinning one round: {}ns", unsafe {
646 | |             DEFAULT_DURATION_SPIN_ONE_ROUND
647 | |         });
    | |__________- in this macro invocation
    |
    = note: this warning originates in the macro `::slog_global::debug` which comes from the expansion of the macro `debug` (in Nightly builds, run with -Z macro-backtrace for more info)

warning: use of deprecated macro `::slog::slog_debug`: Use fully qualified macro slog::warn!(...) instead
  --> /home/agent/tidb/expression-unification/tikv/components/tikv_util/src/log.rs:77:5
   |
77 |     ::slog_global::debug!($($args)+)
   |     ^^^^^^^^^^^^^^^^^^^^^^^^^^^^^^^^
   |
  ::: /home/agent/tidb/expression-unification/tikv/components/tikv_util/src/worker/future.rs:72:9
   |
72 |         debug!("scheduling task {}", task);
   |         ---------------------------------- in this macro invocation
   |
   = note: this warning originates in the macro `::slog_global::debug` which comes from the expansion of the macro `debug` (in Nightly builds, run with -Z macro-backtrace for more info)

warning: use of deprecated macro `::slog::slog_info`: Use fully qualified macro slog::info!(...) instead
   --> /home/agent/tidb/expression-unification/tikv/components/tikv_util/src/log.rs:71:5
    |
 71 |     ::slog_global::info!($($args)+)
    |     ^^^^^^^^^^^^^^^^^^^^^^^^^^^^^^^
    |
   ::: /home/agent/tidb/expression-unification/tikv/components/tikv_util/src/worker/future.rs:148:9
    |
148 |         info!("starting working thread"; "worker" => &self.scheduler.name);
    |         ------------------------------------------------------------------ in this macro invocation
    |
    = note: this warning originates in the macro `::slog_global::info` which comes from the expansion of the macro `info` (in Nightly builds, run with -Z macro-backtrace for more info)

warning: use of deprecated macro `::slog::slog_warn`: Use fully qualified macro slog::warn!(...) instead
   --> /home/agent/tidb/expression-unification/tikv/components/tikv_util/src/log.rs:65:5
    |
 65 |     ::slog_global::warn!($($args)+)
    |     ^^^^^^^^^^^^^^^^^^^^^^^^^^^^^^^
    |
   ::: /home/agent/tidb/expression-unification/tikv/components/tikv_util/src/worker/future.rs:150:13
    |
150 |             warn!("worker has been started"; "worker" => &self.scheduler.name);
    |             ------------------------------------------------------------------ in this macro invocation
    |
    = note: this warning originates in the macro `::slog_global::warn` which comes from the expansion of the macro `warn` (in Nightly builds, run with -Z macro-backtrace for more info)

warning: use of deprecated macro `::slog::slog_info`: Use fully qualified macro slog::info!(...) instead
   --> /home/agent/tidb/expression-unification/tikv/components/tikv_util/src/log.rs:71:5
    |
 71 |     ::slog_global::info!($($args)+)
    |     ^^^^^^^^^^^^^^^^^^^^^^^^^^^^^^^
    |
   ::: /home/agent/tidb/expression-unification/tikv/components/tikv_util/src/worker/future.rs:191:9
    |
191 |         info!("stoping worker"; "worker" => &self.scheduler.name);
    |         --------------------------------------------------------- in this macro invocation
    |
    = note: this warning originates in the macro `::slog_global::info` which comes from the expansion of the macro `info` (in Nightly builds, run with -Z macro-backtrace for more info)

warning: use of deprecated macro `::slog::slog_warn`: Use fully qualified macro slog::warn!(...) instead
   --> /home/agent/tidb/expression-unification/tikv/components/tikv_util/src/log.rs:65:5
    |
 65 |     ::slog_global::warn!($($args)+)
    |     ^^^^^^^^^^^^^^^^^^^^^^^^^^^^^^^
    |
   ::: /home/agent/tidb/expression-unification/tikv/components/tikv_util/src/worker/future.rs:194:13
    |
194 |             warn!("failed to stop worker thread"; "err" => ?e);
    |             -------------------------------------------------- in this macro invocation
    |
    = note: this warning originates in the macro `::slog_global::warn` which comes from the expansion of the macro `warn` (in Nightly builds, run with -Z macro-backtrace for more info)

warning: use of deprecated macro `::slog::slog_debug`: Use fully qualified macro slog::warn!(...) instead
   --> /home/agent/tidb/expression-unification/tikv/components/tikv_util/src/log.rs:77:5
    |
 77 |     ::slog_global::debug!($($args)+)
    |     ^^^^^^^^^^^^^^^^^^^^^^^^^^^^^^^^
    |
   ::: /home/agent/tidb/expression-unification/tikv/components/tikv_util/src/worker/pool.rs:146:9
    |
146 |         debug!("scheduling task {}", task);
    |         ---------------------------------- in this macro invocation
    |
    = note: this warning originates in the macro `::slog_global::debug` which comes from the expansion of the macro `debug` (in Nightly builds, run with -Z macro-backtrace for more info)

warning: use of deprecated macro `::slog::slog_error`: Use fully qualified macro slog::crit!(...) instead
   --> /home/agent/tidb/expression-unification/tikv/components/tikv_util/src/log.rs:35:9
    |
 35 |         ::slog_global::error!($($args)+)
    |         ^^^^^^^^^^^^^^^^^^^^^^^^^^^^^^^^
    |
   ::: /home/agent/tidb/expression-unification/tikv/components/tikv_util/src/lib.rs:458:13
    |
458 |             safe_panic!("resource leak detected: {}.", self.tag);
    |             ---------------------------------------------------- in this macro invocation
    |
    = note: this warning originates in the macro `::slog_global::error` which comes from the expansion of the macro `safe_panic` (in Nightly builds, run with -Z macro-backtrace for more info)

warning: use of deprecated macro `::slog::slog_crit`: Use fully qualified macro slog::crit!(...) instead
   --> /home/agent/tidb/expression-unification/tikv/components/tikv_util/src/log.rs:6:5
    |
  6 |       ::slog_global::crit!($($args)+)
    |       ^^^^^^^^^^^^^^^^^^^^^^^^^^^^^^^
    |
   ::: /home/agent/tidb/expression-unification/tikv/components/tikv_util/src/lib.rs:563:13
    |
563 | /             crit!("{}", msg;
564 | |                 "thread_name" => name,
565 | |                 "location" => loc.unwrap_or_else(|| "<unknown>".to_owned()),
566 | |                 "backtrace" => format_args!("{:?}", bt),
567 | |             );
    | |_____________- in this macro invocation
    |
    = note: this warning originates in the macro `::slog_global::crit` which comes from the expansion of the macro `crit` (in Nightly builds, run with -Z macro-backtrace for more info)

warning: use of deprecated macro `::slog::slog_crit`: Use fully qualified macro slog::crit!(...) instead
   --> /home/agent/tidb/expression-unification/tikv/components/tikv_util/src/log.rs:6:5
    |
  6 |       ::slog_global::crit!($($args)+)
    |       ^^^^^^^^^^^^^^^^^^^^^^^^^^^^^^^
    |
   ::: /home/agent/tidb/expression-unification/tikv/components/tikv_util/src/lib.rs:569:13
    |
569 | /             crit!("{}", msg;
570 | |                 "thread_name" => name,
571 | |                 "location" => loc.unwrap_or_else(|| "<unknown>".to_owned()),
572 | |                 "backtrace" => format_args!("{:?}", bt),
573 | |                 "context" => context,
574 | |             );
    | |_____________- in this macro invocation
    |
    = note: this warning originates in the macro `::slog_global::crit` which comes from the expansion of the macro `crit` (in Nightly builds, run with -Z macro-backtrace for more info)

warning: use of deprecated macro `::slog::slog_warn`: Use fully qualified macro slog::warn!(...) instead
   --> /home/agent/tidb/expression-unification/tikv/components/tikv_util/src/log.rs:65:5
    |
 65 |     ::slog_global::warn!($($args)+)
    |     ^^^^^^^^^^^^^^^^^^^^^^^^^^^^^^^
    |
   ::: /home/agent/tidb/expression-unification/tikv/components/tikv_util/src/lib.rs:619:9
    |
619 |         warn!("environment variable `TZ` is missing, using `/etc/localtime`");
    |         --------------------------------------------------------------------- in this macro invocation
    |
    = note: this warning originates in the macro `::slog_global::warn` which comes from the expansion of the macro `warn` (in Nightly builds, run with -Z macro-backtrace for more info)

warning: use of deprecated macro `::slog::slog_info`: Use fully qualified macro slog::info!(...) instead
   --> /home/agent/tidb/expression-unification/tikv/components/tikv_util/src/log.rs:71:5
    |
 71 |       ::slog_global::info!($($args)+)
    |       ^^^^^^^^^^^^^^^^^^^^^^^^^^^^^^^
    |
   ::: /home/agent/tidb/expression-unification/tikv/components/tikv_util/src/lib.rs:623:9
    |
623 | /         info!(
624 | |             "environment variable is present";
625 | |             "GRPC_POLL_STRATEGY" => var
626 | |         );
    | |_________- in this macro invocation
    |
    = note: this warning originates in the macro `::slog_global::info` which comes from the expansion of the macro `info` (in Nightly builds, run with -Z macro-backtrace for more info)

warning: use of deprecated macro `::slog::slog_info`: Use fully qualified macro slog::info!(...) instead
   --> /home/agent/tidb/expression-unification/tikv/components/tikv_util/src/log.rs:71:5
    |
 71 |       ::slog_global::info!($($args)+)
    |       ^^^^^^^^^^^^^^^^^^^^^^^^^^^^^^^
    |
   ::: /home/agent/tidb/expression-unification/tikv/components/tikv_util/src/lib.rs:631:13
    |
631 | /             info!("environment variable is present";
632 | |                 *proxy => var
633 | |             );
    | |_____________- in this macro invocation
    |
    = note: this warning originates in the macro `::slog_global::info` which comes from the expansion of the macro `info` (in Nightly builds, run with -Z macro-backtrace for more info)

warning: use of deprecated macro `slog::slog_o`: Use fully qualified macro slog::o!(...) instead
  --> /home/agent/tidb/expression-unification/tikv/components/tikv_util/src/logger/mod.rs:20:77
   |
20 | use slog::{self, Drain, FnValue, KV, Key, OwnedKVList, PushFnValue, Record, slog_o};
   |                                                                             ^^^^^^

warning: feature `box_patterns` is declared but not used
 --> /home/agent/tidb/expression-unification/tikv/components/tikv_util/src/lib.rs:5:12
  |
5 | #![feature(box_patterns)]
  |            ^^^^^^^^^^^^
  |
  = note: `#[warn(unused_features)]` (part of `#[warn(unused)]`) on by default

warning: `tikv_util` (lib) generated 73 warnings
warning: feature `test` is declared but not used
 --> /home/agent/tidb/expression-unification/tikv/components/cloud/src/lib.rs:6:12
  |
6 | #![feature(test)]
  |            ^^^^
  |
  = note: `#[warn(unused_features)]` (part of `#[warn(unused)]`) on by default

warning: use of deprecated macro `::slog::slog_warn`: Use fully qualified macro slog::warn!(...) instead
  --> /home/agent/tidb/expression-unification/tikv/components/crypto/src/fips.rs:32:9
   |
32 |         slog_global::warn!("OpenSSL FIPS mode is disabled unexpectedly");
   |         ^^^^^^^^^^^^^^^^^^^^^^^^^^^^^^^^^^^^^^^^^^^^^^^^^^^^^^^^^^^^^^^^
   |
   = note: `#[warn(deprecated)]` on by default
   = note: this warning originates in the macro `slog_global::warn` (in Nightly builds, run with -Z macro-backtrace for more info)

warning: use of deprecated macro `::slog::slog_info`: Use fully qualified macro slog::info!(...) instead
  --> /home/agent/tidb/expression-unification/tikv/components/crypto/src/fips.rs:45:9
   |
45 |         slog_global::info!("OpenSSL FIPS mode is disabled");
   |         ^^^^^^^^^^^^^^^^^^^^^^^^^^^^^^^^^^^^^^^^^^^^^^^^^^^
   |
   = note: this warning originates in the macro `slog_global::info` (in Nightly builds, run with -Z macro-backtrace for more info)

warning: use of deprecated macro `::slog::slog_info`: Use fully qualified macro slog::info!(...) instead
  --> /home/agent/tidb/expression-unification/tikv/components/crypto/src/fips.rs:47:9
   |
47 |         slog_global::info!("OpenSSL FIPS mode is enabled"; "openssl_major_version" => ver);
   |         ^^^^^^^^^^^^^^^^^^^^^^^^^^^^^^^^^^^^^^^^^^^^^^^^^^^^^^^^^^^^^^^^^^^^^^^^^^^^^^^^^^
   |
   = note: this warning originates in the macro `slog_global::info` (in Nightly builds, run with -Z macro-backtrace for more info)

warning: `cloud` (lib) generated 1 warning
warning: `crypto` (lib) generated 3 warnings
warning: feature `test` is declared but not used
 --> /home/agent/tidb/expression-unification/tikv/components/file_system/src/lib.rs:3:12
  |
3 | #![feature(test)]
  |            ^^^^
  |
  = note: `#[warn(unused_features)]` (part of `#[warn(unused)]`) on by default

warning: `file_system` (lib) generated 1 warning
warning: use of deprecated macro `::slog::slog_error`: Use fully qualified macro slog::crit!(...) instead
  --> /home/agent/tidb/expression-unification/tikv/components/encryption/src/encrypted_file/mod.rs:75:17
   |
75 | /                 error!(
76 | |                     "EncryptedFile::write open failed";
77 | |                     "path" => %tmp_path.display(),
78 | |                     "error" => %e,
79 | |                 );
   | |_________________^
   |
   = note: `#[warn(deprecated)]` on by default
   = note: this warning originates in the macro `error` (in Nightly builds, run with -Z macro-backtrace for more info)

warning: use of deprecated macro `::slog::slog_info`: Use fully qualified macro slog::info!(...) instead
   --> /home/agent/tidb/expression-unification/tikv/components/encryption/src/file_dict_file.rs:143:13
    |
143 | /             info!(
144 | |                 "installing new dictionary file";
145 | |                 "name" => tmp_path.display(),
146 | |                 "old_size" => self.file_size,
147 | |                 "new_size" => new_size,
148 | |             );
    | |_____________^
    |
    = note: this warning originates in the macro `::slog_global::info` which comes from the expansion of the macro `info` (in Nightly builds, run with -Z macro-backtrace for more info)

warning: use of deprecated macro `::slog::slog_warn`: Use fully qualified macro slog::warn!(...) instead
   --> /home/agent/tidb/expression-unification/tikv/components/encryption/src/file_dict_file.rs:208:29
    |
208 | / ...                   warn!(
209 | | ...                       "{:?} occurred and the last complete filename is {}",
210 | | ...                       e, last_record_name
211 | | ...                   );
    | |_______________________^
    |
    = note: this warning originates in the macro `::slog_global::warn` which comes from the expansion of the macro `warn` (in Nightly builds, run with -Z macro-backtrace for more info)

warning: use of deprecated macro `::slog::slog_warn`: Use fully qualified macro slog::warn!(...) instead
   --> /home/agent/tidb/expression-unification/tikv/components/encryption/src/file_dict_file.rs:336:13
    |
336 | /             warn!(
337 | |                 "file corrupted! record header size is too small, discarded the tail record";
338 | |                 "size" => remained.len(),
339 | |             );
    | |_____________^
    |
    = note: this warning originates in the macro `::slog_global::warn` which comes from the expansion of the macro `warn` (in Nightly builds, run with -Z macro-backtrace for more info)

warning: use of deprecated macro `::slog::slog_warn`: Use fully qualified macro slog::warn!(...) instead
   --> /home/agent/tidb/expression-unification/tikv/components/encryption/src/file_dict_file.rs:350:13
    |
350 | /             warn!(
351 | |                 "file corrupted! record content size is too small, discarded the tail record";
352 | |                 "content_size" => remained.len(),
353 | |                 "expected_name_length" => name_len,
354 | |                 "expected_content_length" =>info_len,
355 | |             );
    | |_____________^
    |
    = note: this warning originates in the macro `::slog_global::warn` which comes from the expansion of the macro `warn` (in Nightly builds, run with -Z macro-backtrace for more info)

warning: use of deprecated macro `::slog::slog_warn`: Use fully qualified macro slog::warn!(...) instead
   --> /home/agent/tidb/expression-unification/tikv/components/encryption/src/file_dict_file.rs:367:17
    |
367 | /                 warn!(
368 | |                     "file corrupted! crc32 mismatch, discarded the tail record";
369 | |                     "expected_crc32" => crc32,
370 | |                     "checksum_crc32" => crc32_checksum,
371 | |                 );
    | |_________________^
    |
    = note: this warning originates in the macro `::slog_global::warn` which comes from the expansion of the macro `warn` (in Nightly builds, run with -Z macro-backtrace for more info)

warning: use of deprecated macro `::slog::slog_info`: Use fully qualified macro slog::info!(...) instead
   --> /home/agent/tidb/expression-unification/tikv/components/encryption/src/manager/mod.rs:107:17
    |
107 |                 info!("encryption: found both of key dictionary and file dictionary.");
    |                 ^^^^^^^^^^^^^^^^^^^^^^^^^^^^^^^^^^^^^^^^^^^^^^^^^^^^^^^^^^^^^^^^^^^^^^
    |
    = note: this warning originates in the macro `::slog_global::info` which comes from the expansion of the macro `info` (in Nightly builds, run with -Z macro-backtrace for more info)

warning: use of deprecated macro `::slog::slog_info`: Use fully qualified macro slog::info!(...) instead
   --> /home/agent/tidb/expression-unification/tikv/components/encryption/src/manager/mod.rs:130:17
    |
130 |                 info!("encryption: none of key dictionary and file dictionary are found.");
    |                 ^^^^^^^^^^^^^^^^^^^^^^^^^^^^^^^^^^^^^^^^^^^^^^^^^^^^^^^^^^^^^^^^^^^^^^^^^^
    |
    = note: this warning originates in the macro `::slog_global::info` which comes from the expansion of the macro `info` (in Nightly builds, run with -Z macro-backtrace for more info)

warning: use of deprecated macro `::slog::slog_info`: Use fully qualified macro slog::info!(...) instead
   --> /home/agent/tidb/expression-unification/tikv/components/encryption/src/manager/mod.rs:137:17
    |
137 |                 info!("encryption: file dict is empty and none of key dictionary are found.");
    |                 ^^^^^^^^^^^^^^^^^^^^^^^^^^^^^^^^^^^^^^^^^^^^^^^^^^^^^^^^^^^^^^^^^^^^^^^^^^^^^
    |
    = note: this warning originates in the macro `::slog_global::info` which comes from the expansion of the macro `info` (in Nightly builds, run with -Z macro-backtrace for more info)

warning: use of deprecated macro `::slog::slog_error`: Use fully qualified macro slog::crit!(...) instead
   --> /home/agent/tidb/expression-unification/tikv/components/encryption/src/manager/mod.rs:143:21
    |
143 |                     error!("encryption: failed to load key dictionary.");
    |                     ^^^^^^^^^^^^^^^^^^^^^^^^^^^^^^^^^^^^^^^^^^^^^^^^^^^^
    |
    = note: this warning originates in the macro `::slog_global::error` which comes from the expansion of the macro `error` (in Nightly builds, run with -Z macro-backtrace for more info)

warning: use of deprecated macro `::slog::slog_error`: Use fully qualified macro slog::crit!(...) instead
   --> /home/agent/tidb/expression-unification/tikv/components/encryption/src/manager/mod.rs:146:21
    |
146 |                     error!("encryption: failed to load file dictionary.");
    |                     ^^^^^^^^^^^^^^^^^^^^^^^^^^^^^^^^^^^^^^^^^^^^^^^^^^^^^
    |
    = note: this warning originates in the macro `::slog_global::error` which comes from the expansion of the macro `error` (in Nightly builds, run with -Z macro-backtrace for more info)

warning: use of deprecated macro `::slog::slog_debug`: Use fully qualified macro slog::warn!(...) instead
   --> /home/agent/tidb/expression-unification/tikv/components/encryption/src/manager/mod.rs:224:13
    |
224 | /             debug!("new encrypted file";
225 | |                   "fname" => fname,
226 | |                   "method" => format!("{:?}", method),
227 | |                   "iv" => hex::encode(iv.as_slice()));
    | |_____________________________________________________^
    |
    = note: this warning originates in the macro `::slog_global::debug` which comes from the expansion of the macro `debug` (in Nightly builds, run with -Z macro-backtrace for more info)

warning: use of deprecated macro `::slog::slog_debug`: Use fully qualified macro slog::warn!(...) instead
   --> /home/agent/tidb/expression-unification/tikv/components/encryption/src/manager/mod.rs:229:13
    |
229 |             debug!("new plaintext file"; "fname" => fname);
    |             ^^^^^^^^^^^^^^^^^^^^^^^^^^^^^^^^^^^^^^^^^^^^^^
    |
    = note: this warning originates in the macro `::slog_global::debug` which comes from the expansion of the macro `debug` (in Nightly builds, run with -Z macro-backtrace for more info)

warning: use of deprecated macro `::slog::slog_info`: Use fully qualified macro slog::info!(...) instead
   --> /home/agent/tidb/expression-unification/tikv/components/encryption/src/manager/mod.rs:248:21
    |
248 |                     info!("delete untracked plaintext file"; "fname" => fname);
    |                     ^^^^^^^^^^^^^^^^^^^^^^^^^^^^^^^^^^^^^^^^^^^^^^^^^^^^^^^^^^
    |
    = note: this warning originates in the macro `::slog_global::info` which comes from the expansion of the macro `info` (in Nightly builds, run with -Z macro-backtrace for more info)

warning: use of deprecated macro `::slog::slog_debug`: Use fully qualified macro slog::warn!(...) instead
   --> /home/agent/tidb/expression-unification/tikv/components/encryption/src/manager/mod.rs:257:13
    |
257 |             debug!("delete encrypted file"; "fname" => fname);
    |             ^^^^^^^^^^^^^^^^^^^^^^^^^^^^^^^^^^^^^^^^^^^^^^^^^
    |
    = note: this warning originates in the macro `::slog_global::debug` which comes from the expansion of the macro `debug` (in Nightly builds, run with -Z macro-backtrace for more info)

warning: use of deprecated macro `::slog::slog_debug`: Use fully qualified macro slog::warn!(...) instead
   --> /home/agent/tidb/expression-unification/tikv/components/encryption/src/manager/mod.rs:259:13
    |
259 |             debug!("delete plaintext file"; "fname" => fname);
    |             ^^^^^^^^^^^^^^^^^^^^^^^^^^^^^^^^^^^^^^^^^^^^^^^^^
    |
    = note: this warning originates in the macro `::slog_global::debug` which comes from the expansion of the macro `debug` (in Nightly builds, run with -Z macro-backtrace for more info)

warning: use of deprecated macro `::slog::slog_info`: Use fully qualified macro slog::info!(...) instead
   --> /home/agent/tidb/expression-unification/tikv/components/encryption/src/manager/mod.rs:272:21
    |
272 |                     info!("link untracked plaintext file"; "src" => src_fname, "dst" => dst_fname);
    |                     ^^^^^^^^^^^^^^^^^^^^^^^^^^^^^^^^^^^^^^^^^^^^^^^^^^^^^^^^^^^^^^^^^^^^^^^^^^^^^^
    |
    = note: this warning originates in the macro `::slog_global::info` which comes from the expansion of the macro `info` (in Nightly builds, run with -Z macro-backtrace for more info)

warning: use of deprecated macro `::slog::slog_info`: Use fully qualified macro slog::info!(...) instead
   --> /home/agent/tidb/expression-unification/tikv/components/encryption/src/manager/mod.rs:289:13
    |
289 |             info!("link encrypted file"; "src" => src_fname, "dst" => dst_fname);
    |             ^^^^^^^^^^^^^^^^^^^^^^^^^^^^^^^^^^^^^^^^^^^^^^^^^^^^^^^^^^^^^^^^^^^^
    |
    = note: this warning originates in the macro `::slog_global::info` which comes from the expansion of the macro `info` (in Nightly builds, run with -Z macro-backtrace for more info)

warning: use of deprecated macro `::slog::slog_info`: Use fully qualified macro slog::info!(...) instead
   --> /home/agent/tidb/expression-unification/tikv/components/encryption/src/manager/mod.rs:291:13
    |
291 |             info!("link plaintext file"; "src" => src_fname, "dst" => dst_fname);
    |             ^^^^^^^^^^^^^^^^^^^^^^^^^^^^^^^^^^^^^^^^^^^^^^^^^^^^^^^^^^^^^^^^^^^^
    |
    = note: this warning originates in the macro `::slog_global::info` which comes from the expansion of the macro `info` (in Nightly builds, run with -Z macro-backtrace for more info)

warning: use of deprecated macro `::slog::slog_info`: Use fully qualified macro slog::info!(...) instead
   --> /home/agent/tidb/expression-unification/tikv/components/encryption/src/manager/mod.rs:297:9
    |
297 |         info!("encryption: rotate data key."; "key_id" => key_id);
    |         ^^^^^^^^^^^^^^^^^^^^^^^^^^^^^^^^^^^^^^^^^^^^^^^^^^^^^^^^^
    |
    = note: this warning originates in the macro `::slog_global::info` which comes from the expansion of the macro `info` (in Nightly builds, run with -Z macro-backtrace for more info)

warning: use of deprecated macro `::slog::slog_debug`: Use fully qualified macro slog::warn!(...) instead
   --> /home/agent/tidb/expression-unification/tikv/components/encryption/src/manager/mod.rs:334:29
    |
334 | / ...                   debug!("current data key creation time is within rotation period";
335 | | ...                       "now" => ?now, "creation_time" => ?creation_time);
    | |___________________________________________________________________________^
    |
    = note: this warning originates in the macro `::slog_global::debug` which comes from the expansion of the macro `debug` (in Nightly builds, run with -Z macro-backtrace for more info)

warning: use of deprecated macro `::slog::slog_warn`: Use fully qualified macro slog::warn!(...) instead
   --> /home/agent/tidb/expression-unification/tikv/components/encryption/src/manager/mod.rs:340:25
    |
340 | /                         warn!("data key rotate duraion overflow, generate a new data key";
341 | |                             "now" => ?now, "creation_time" => ?creation_time, "error" => ?e);
    | |____________________________________________________________________________________________^
    |
    = note: this warning originates in the macro `::slog_global::warn` which comes from the expansion of the macro `warn` (in Nightly builds, run with -Z macro-backtrace for more info)

warning: use of deprecated macro `::slog::slog_info`: Use fully qualified macro slog::info!(...) instead
   --> /home/agent/tidb/expression-unification/tikv/components/encryption/src/manager/mod.rs:393:9
    |
393 | /         info!(
394 | |             "Clean stale file information in file dictionary: {:?}",
395 | |             fname
396 | |         );
    | |_________^
    |
    = note: this warning originates in the macro `::slog_global::info` which comes from the expansion of the macro `info` (in Nightly builds, run with -Z macro-backtrace for more info)

warning: use of deprecated macro `::slog::slog_info`: Use fully qualified macro slog::info!(...) instead
   --> /home/agent/tidb/expression-unification/tikv/components/encryption/src/manager/mod.rs:422:17
    |
422 |                 info!("Try to rotate data key, current method:{:?}", method);
    |                 ^^^^^^^^^^^^^^^^^^^^^^^^^^^^^^^^^^^^^^^^^^^^^^^^^^^^^^^^^^^^
    |
    = note: this warning originates in the macro `::slog_global::info` which comes from the expansion of the macro `info` (in Nightly builds, run with -Z macro-backtrace for more info)

warning: use of deprecated macro `::slog::slog_info`: Use fully qualified macro slog::info!(...) instead
   --> /home/agent/tidb/expression-unification/tikv/components/encryption/src/manager/mod.rs:429:25
    |
429 |                         info!("Key rotate worker has been cancelled.");
    |                         ^^^^^^^^^^^^^^^^^^^^^^^^^^^^^^^^^^^^^^^^^^^^^^
    |
    = note: this warning originates in the macro `::slog_global::info` which comes from the expansion of the macro `info` (in Nightly builds, run with -Z macro-backtrace for more info)

warning: use of deprecated macro `::slog::slog_info`: Use fully qualified macro slog::info!(...) instead
   --> /home/agent/tidb/expression-unification/tikv/components/encryption/src/manager/mod.rs:549:17
    |
549 |                 info!("encryption is disabled.");
    |                 ^^^^^^^^^^^^^^^^^^^^^^^^^^^^^^^^
    |
    = note: this warning originates in the macro `::slog_global::info` which comes from the expansion of the macro `info` (in Nightly builds, run with -Z macro-backtrace for more info)

warning: use of deprecated macro `::slog::slog_info`: Use fully qualified macro slog::info!(...) instead
   --> /home/agent/tidb/expression-unification/tikv/components/encryption/src/manager/mod.rs:554:17
    |
554 |                 info!("encryption is being enabled. method = {:?}", args.method);
    |                 ^^^^^^^^^^^^^^^^^^^^^^^^^^^^^^^^^^^^^^^^^^^^^^^^^^^^^^^^^^^^^^^^
    |
    = note: this warning originates in the macro `::slog_global::info` which comes from the expansion of the macro `info` (in Nightly builds, run with -Z macro-backtrace for more info)

warning: use of deprecated macro `::slog::slog_info`: Use fully qualified macro slog::info!(...) instead
   --> /home/agent/tidb/expression-unification/tikv/components/encryption/src/manager/mod.rs:564:17
    |
564 |                 info!("encryption is enabled. method = {:?}", args.method);
    |                 ^^^^^^^^^^^^^^^^^^^^^^^^^^^^^^^^^^^^^^^^^^^^^^^^^^^^^^^^^^
    |
    = note: this warning originates in the macro `::slog_global::info` which comes from the expansion of the macro `info` (in Nightly builds, run with -Z macro-backtrace for more info)

warning: use of deprecated macro `::slog::slog_warn`: Use fully qualified macro slog::warn!(...) instead
   --> /home/agent/tidb/expression-unification/tikv/components/encryption/src/manager/mod.rs:581:9
    |
581 | /         warn!(
582 | |             "failed to open encryption metadata using master key. \
583 | |                 could be master key being rotated. \
584 | |                 current master key: {:?}, previous master key: {:?}",
585 | |             master_key, previous_master_key
586 | |         );
    | |_________^
    |
    = note: this warning originates in the macro `::slog_global::warn` which comes from the expansion of the macro `warn` (in Nightly builds, run with -Z macro-backtrace for more info)

warning: use of deprecated macro `::slog::slog_info`: Use fully qualified macro slog::info!(...) instead
   --> /home/agent/tidb/expression-unification/tikv/components/encryption/src/manager/mod.rs:609:9
    |
609 |         info!("encryption: persisted result after replace master key.");
    |         ^^^^^^^^^^^^^^^^^^^^^^^^^^^^^^^^^^^^^^^^^^^^^^^^^^^^^^^^^^^^^^^
    |
    = note: this warning originates in the macro `::slog_global::info` which comes from the expansion of the macro `info` (in Nightly builds, run with -Z macro-backtrace for more info)

warning: use of deprecated macro `::slog::slog_info`: Use fully qualified macro slog::info!(...) instead
   --> /home/agent/tidb/expression-unification/tikv/components/encryption/src/manager/mod.rs:852:13
    |
852 |             info!("failed to terminate background rotation, are we shutting down?"; "err" => %e);
    |             ^^^^^^^^^^^^^^^^^^^^^^^^^^^^^^^^^^^^^^^^^^^^^^^^^^^^^^^^^^^^^^^^^^^^^^^^^^^^^^^^^^^^
    |
    = note: this warning originates in the macro `::slog_global::info` which comes from the expansion of the macro `info` (in Nightly builds, run with -Z macro-backtrace for more info)

warning: use of deprecated macro `::slog::slog_info`: Use fully qualified macro slog::info!(...) instead
   --> /home/agent/tidb/expression-unification/tikv/components/encryption/src/manager/mod.rs:855:13
    |
855 |             info!("failed to join background rotation, are we shutting down?"; "err" => ?e);
    |             ^^^^^^^^^^^^^^^^^^^^^^^^^^^^^^^^^^^^^^^^^^^^^^^^^^^^^^^^^^^^^^^^^^^^^^^^^^^^^^^
    |
    = note: this warning originates in the macro `::slog_global::info` which comes from the expansion of the macro `info` (in Nightly builds, run with -Z macro-backtrace for more info)

warning: use of deprecated macro `::slog::slog_warn`: Use fully qualified macro slog::warn!(...) instead
   --> /home/agent/tidb/expression-unification/tikv/components/encryption/src/manager/mod.rs:961:13
    |
961 |             warn!("fail to remove encryption metadata after renaming file"; "err" => ?e);
    |             ^^^^^^^^^^^^^^^^^^^^^^^^^^^^^^^^^^^^^^^^^^^^^^^^^^^^^^^^^^^^^^^^^^^^^^^^^^^^
    |
    = note: this warning originates in the macro `::slog_global::warn` which comes from the expansion of the macro `warn` (in Nightly builds, run with -Z macro-backtrace for more info)

warning: use of deprecated macro `::slog::slog_info`: Use fully qualified macro slog::info!(...) instead
    --> /home/agent/tidb/expression-unification/tikv/components/encryption/src/manager/mod.rs:1025:25
     |
1025 |                         info!("generate new ID for imported key"; "id" => id, "fname" => fname);
     |                         ^^^^^^^^^^^^^^^^^^^^^^^^^^^^^^^^^^^^^^^^^^^^^^^^^^^^^^^^^^^^^^^^^^^^^^^
     |
     = note: this warning originates in the macro `::slog_global::info` which comes from the expansion of the macro `info` (in Nightly builds, run with -Z macro-backtrace for more info)

warning: use of deprecated macro `::slog::slog_warn`: Use fully qualified macro slog::warn!(...) instead
    --> /home/agent/tidb/expression-unification/tikv/components/encryption/src/manager/mod.rs:1054:21
     |
1054 |                     warn!("overwriting existing unused encryption key"; "fname" => fname);
     |                     ^^^^^^^^^^^^^^^^^^^^^^^^^^^^^^^^^^^^^^^^^^^^^^^^^^^^^^^^^^^^^^^^^^^^^
     |
     = note: this warning originates in the macro `::slog_global::warn` which comes from the expansion of the macro `warn` (in Nightly builds, run with -Z macro-backtrace for more info)

warning: use of deprecated macro `::slog::slog_info`: Use fully qualified macro slog::info!(...) instead
    --> /home/agent/tidb/expression-unification/tikv/components/encryption/src/manager/mod.rs:1087:13
     |
1087 |             info!("rollback imported file encryption info"; "sample_fname" => fname);
     |             ^^^^^^^^^^^^^^^^^^^^^^^^^^^^^^^^^^^^^^^^^^^^^^^^^^^^^^^^^^^^^^^^^^^^^^^^
     |
     = note: this warning originates in the macro `::slog_global::info` which comes from the expansion of the macro `info` (in Nightly builds, run with -Z macro-backtrace for more info)

warning: use of deprecated macro `::slog::slog_info`: Use fully qualified macro slog::info!(...) instead
    --> /home/agent/tidb/expression-unification/tikv/components/encryption/src/manager/mod.rs:1103:17
     |
1103 |                 info!("rollback one imported data key"; "key_id" => key_id);
     |                 ^^^^^^^^^^^^^^^^^^^^^^^^^^^^^^^^^^^^^^^^^^^^^^^^^^^^^^^^^^^
     |
     = note: this warning originates in the macro `::slog_global::info` which comes from the expansion of the macro `info` (in Nightly builds, run with -Z macro-backtrace for more info)

warning: use of deprecated macro `::slog::slog_warn`: Use fully qualified macro slog::warn!(...) instead
    --> /home/agent/tidb/expression-unification/tikv/components/encryption/src/manager/mod.rs:1126:13
     |
1126 |             warn!("failed to rollback imported data keys"; "err" => ?e);
     |             ^^^^^^^^^^^^^^^^^^^^^^^^^^^^^^^^^^^^^^^^^^^^^^^^^^^^^^^^^^^
     |
     = note: this warning originates in the macro `::slog_global::warn` which comes from the expansion of the macro `warn` (in Nightly builds, run with -Z macro-backtrace for more info)

warning: use of deprecated macro `::slog::slog_error`: Use fully qualified macro slog::crit!(...) instead
   --> /home/agent/tidb/expression-unification/tikv/components/encryption/src/master_key/mod.rs:245:5
    |
245 |     error!("{}", err_msg);
    |     ^^^^^^^^^^^^^^^^^^^^^
    |
    = note: this warning originates in the macro `::slog_global::error` which comes from the expansion of the macro `error` (in Nightly builds, run with -Z macro-backtrace for more info)

warning: feature `box_patterns` is declared but not used
 --> /home/agent/tidb/expression-unification/tikv/components/txn_types/src/lib.rs:3:12
  |
3 | #![feature(box_patterns)]
  |            ^^^^^^^^^^^^
  |
  = note: `#[warn(unused_features)]` (part of `#[warn(unused)]`) on by default

warning: `encryption` (lib) generated 39 warnings
warning: `txn_types` (lib) generated 1 warning
warning: use of deprecated macro `::slog::slog_warn`: Use fully qualified macro slog::warn!(...) instead
   --> /home/agent/tidb/expression-unification/tikv/components/engine_traits/src/flush.rs:240:13
    |
240 | /             warn!(
241 | |                 "heavy work in on_memtable_sealed, the code should be reviewed";
242 | |             );
    | |_____________^
    |
    = note: `#[warn(deprecated)]` on by default
    = note: this warning originates in the macro `warn` (in Nightly builds, run with -Z macro-backtrace for more info)

warning: use of deprecated macro `::slog::slog_info`: Use fully qualified macro slog::info!(...) instead
   --> /home/agent/tidb/expression-unification/tikv/components/engine_traits/src/flush.rs:260:17
    |
260 | /                 info!(
261 | |                     "flush complete reorder found";
262 | |                     "flushed" => flushed,
263 | |                     "largest_seqno" => largest_seqno,
264 | |                     "file_no" => file_no,
265 | |                     "cf" => cf
266 | |                 );
    | |_________________^
    |
    = note: this warning originates in the macro `info` (in Nightly builds, run with -Z macro-backtrace for more info)

warning: `engine_traits` (lib) generated 2 warnings
warning: unused macro definition: `word_cnt`
   --> /home/agent/tidb/expression-unification/tikv/components/tidb_query_datatype/src/codec/mysql/decimal.rs:468:14
    |
468 | macro_rules! word_cnt {
    |              ^^^^^^^^
    |
    = note: `#[warn(unused_macros)]` (part of `#[warn(unused)]`) on by default

warning: use of deprecated macro `::slog::slog_error`: Use fully qualified macro slog::crit!(...) instead
    --> /home/agent/tidb/expression-unification/tikv/components/tidb_query_datatype/src/codec/mysql/decimal.rs:3612:13
     |
3612 | /             error!(
3613 | |                 "encode decimal overflow";
3614 | |                 "source_int_digits" => d.int_cnt,
3615 | |                 "source_storage_frac" => d.frac_cnt,
...    |
3620 | |                 "frac" => frac,
3621 | |             );
     | |_____________^
     |
     = note: `#[warn(deprecated)]` on by default
     = note: this warning originates in the macro `::slog_global::error` which comes from the expansion of the macro `error` (in Nightly builds, run with -Z macro-backtrace for more info)

warning: use of deprecated macro `::slog::slog_warn`: Use fully qualified macro slog::warn!(...) instead
    --> /home/agent/tidb/expression-unification/tikv/components/tidb_query_datatype/src/codec/mysql/decimal.rs:3632:13
     |
3632 | /             warn!(
3633 | |                 "encode decimal truncated";
3634 | |                 "source_int_digits" => d.int_cnt,
3635 | |                 "source_storage_frac" => d.frac_cnt,
...    |
3640 | |                 "frac" => frac,
3641 | |             );
     | |_____________^
     |
     = note: this warning originates in the macro `::slog_global::warn` which comes from the expansion of the macro `warn` (in Nightly builds, run with -Z macro-backtrace for more info)

warning: use of deprecated constant `std::f64::EPSILON`: replaced by the `EPSILON` associated constant on `f64`
  --> /home/agent/tidb/expression-unification/tikv/components/tidb_query_datatype/src/codec/mysql/json/comparison.rs:24:29
   |
24 |     if (x - y).abs() < f64::EPSILON {
   |                             ^^^^^^^

warning: the feature `bool_to_result` has been stable since 1.98.0 and no longer requires an attribute to enable
  --> /home/agent/tidb/expression-unification/tikv/components/tidb_query_datatype/src/lib.rs:11:12
   |
11 | #![feature(bool_to_result)]
   |            ^^^^^^^^^^^^^^
   |
   = note: `#[warn(stable_features)]` on by default

warning: variant `Mysql` is never constructed
   --> /home/agent/tidb/expression-unification/tikv/components/tidb_query_datatype/src/codec/mysql/decimal.rs:185:5
    |
183 | enum DecimalParsePolicy {
    |      ------------------ variant in this enum
184 |     Legacy(usize),
185 |     Mysql(usize),
    |     ^^^^^
    |
    = note: `DecimalParsePolicy` has derived impls for the traits `Debug` and `Clone`, but these are intentionally ignored during dead code analysis
    = note: `#[warn(dead_code)]` (part of `#[warn(unused)]`) on by default

warning: variant `RetainedQuotient` is never constructed
   --> /home/agent/tidb/expression-unification/tikv/components/tidb_query_datatype/src/codec/mysql/decimal.rs:988:5
    |
986 | enum DivisionRequest {
    |      --------------- variant in this enum
987 |     MysqlQuotient { frac_incr: usize },
988 |     RetainedQuotient { frac_words: usize },
    |     ^^^^^^^^^^^^^^^^
    |
    = note: `DivisionRequest` has derived impls for the traits `Debug` and `Clone`, but these are intentionally ignored during dead code analysis

warning: multiple associated items are never used
    --> /home/agent/tidb/expression-unification/tikv/components/tidb_query_datatype/src/codec/mysql/decimal.rs:1678:8
     |
1658 | impl Decimal {
     | ------------ associated items in this implementation
...
1678 |     fn try_from_words(parts: DecimalWordsRef<'_>) -> Result<Self> {
     |        ^^^^^^^^^^^^^^
...
1984 |     fn try_add_exact(&self, rhs: &Self) -> Result<Self> {
     |        ^^^^^^^^^^^^^
...
1993 |     fn try_sub_exact(&self, rhs: &Self) -> Result<Self> {
     |        ^^^^^^^^^^^^^
...
2002 |     fn try_mul_exact(&self, rhs: &Self) -> Result<Self> {
     |        ^^^^^^^^^^^^^
...
2008 |     fn try_div_rem_exact(&self, rhs: &Self) -> Result<Option<(Self, Self)>> {
     |        ^^^^^^^^^^^^^^^^^
...
2031 |     fn try_div_round_exact(&self, count: i64, result_scale: u32) -> Result<Option<Self>> {
     |        ^^^^^^^^^^^^^^^^^^^
...
3068 |     fn parse_mysql(s: &[u8]) -> Result<DecimalParseOutcome> {
     |        ^^^^^^^^^^^
...
3072 |     fn try_from_literal(text: &str) -> Result<Self> {
     |        ^^^^^^^^^^^^^^^^

warning: feature `proc_macro_hygiene` is declared but not used
 --> /home/agent/tidb/expression-unification/tikv/components/tidb_query_datatype/src/lib.rs:5:12
  |
5 | #![feature(proc_macro_hygiene)]
  |            ^^^^^^^^^^^^^^^^^^
  |
  = note: `#[warn(unused_features)]` (part of `#[warn(unused)]`) on by default

warning: feature `test` is declared but not used
 --> /home/agent/tidb/expression-unification/tikv/components/tidb_query_datatype/src/lib.rs:7:12
  |
7 | #![feature(test)]
  |            ^^^^

warning: feature `str_internals` is declared but not used
 --> /home/agent/tidb/expression-unification/tikv/components/tidb_query_datatype/src/lib.rs:9:12
  |
9 | #![feature(str_internals)]
  |            ^^^^^^^^^^^^^

warning: `tidb_query_datatype` (lib) generated 11 warnings
warning: missing documentation for a method
   --> crates/tidb-datatype/src/decimal/mod.rs:596:5
    |
596 |     pub fn coefficient_i128(&self) -> Option<(i128, u32)> {
    |     ^^^^^^^^^^^^^^^^^^^^^^^^^^^^^^^^^^^^^^^^^^^^^^^^^^^^^
    |
    = note: requested on the command line with `-W missing-docs`

warning: missing documentation for a function
   --> crates/tidb-datatype/src/charset.rs:692:1
    |
692 | pub fn get_charset_info(charset: &str) -> Result<CharsetInfo, CharsetError> {
    | ^^^^^^^^^^^^^^^^^^^^^^^^^^^^^^^^^^^^^^^^^^^^^^^^^^^^^^^^^^^^^^^^^^^^^^^^^^^

warning: `tidb-datatype` (lib) generated 2 warnings
warning: unused import: `restore_cast_type_kw`
  --> crates/tidb-ast/src/expr/restore.rs:18:38
   |
18 | use super::cast::{restore_cast_type, restore_cast_type_kw, restore_typed_literal};
   |                                      ^^^^^^^^^^^^^^^^^^^^
   |
   = note: `#[warn(unused_imports)]` (part of `#[warn(unused)]`) on by default

warning: variable does not need to be mutable
   --> crates/tidb-ast/src/expr/cast.rs:304:9
    |
304 |     let mut kw = |name: &str, out: &mut String| {
    |         ----^^
    |         |
    |         help: remove this `mut`
    |
    = note: `#[warn(unused_mut)]` (part of `#[warn(unused)]`) on by default

warning: missing documentation for a variant
   --> crates/tidb-ast/src/stmt/ddl.rs:190:5
    |
190 |     AlterView(Box<crate::ddl::AlterViewStmt>),
    |     ^^^^^^^^^
    |
    = note: requested on the command line with `-W missing-docs`

warning: `tidb-ast` (lib) generated 3 warnings (run `cargo fix --lib -p tidb-ast` to apply 2 suggestions)
warning: unused import: `crate::parse`
    --> crates/tidb-parser/src/pipes_probe_test.rs:2:5
     |
   2 | use crate::parse;
     |     ^^^^^^^^^^^^
     |
help: if this is a test module, consider adding a `#[cfg(test)]` to the containing module
    --> crates/tidb-parser/src/lib.rs:1813:1
     |
1813 | mod pipes_probe_test;
     | ^^^^^^^^^^^^^^^^^^^^^
     = note: `#[warn(unused_imports)]` (part of `#[warn(unused)]`) on by default

warning: unused import: `Stmt`
    --> crates/tidb-parser/src/pipes_probe_test.rs:3:22
     |
   3 | use tidb_ast::{Expr, Stmt};
     |                      ^^^^
     |
help: if this is a test module, consider adding a `#[cfg(test)]` to the containing module
    --> crates/tidb-parser/src/lib.rs:1813:1
     |
1813 | mod pipes_probe_test;
     | ^^^^^^^^^^^^^^^^^^^^^

warning: function `is_alias_excluded_keyword` is never used
    --> crates/tidb-parser/src/select.rs:1326:4
     |
1326 | fn is_alias_excluded_keyword(name: &str) -> bool {
     |    ^^^^^^^^^^^^^^^^^^^^^^^^^
     |
     = note: `#[warn(dead_code)]` (part of `#[warn(unused)]`) on by default

warning: function `shape` is never used
 --> crates/tidb-parser/src/pipes_probe_test.rs:5:4
  |
5 | fn shape(expr: &Expr) -> String {
  |    ^^^^^

warning: `tidb-parser` (lib) generated 4 warnings (run `cargo fix --lib -p tidb-parser` to apply 2 suggestions)
warning: variable does not need to be mutable
   --> crates/tidb-model/src/placement.rs:152:13
    |
152 |         let mut push_string = |out: &mut String, item: &str, value: &str| {
    |             ----^^^^^^^^^^^
    |             |
    |             help: remove this `mut`
    |
    = note: `#[warn(unused_mut)]` (part of `#[warn(unused)]`) on by default

warning: variable does not need to be mutable
   --> crates/tidb-model/src/placement.rs:166:13
    |
166 |         let mut push_int = |out: &mut String, item: &str, value: u64| {
    |             ----^^^^^^^^
    |             |
    |             help: remove this `mut`

warning: `tidb-model` (lib) generated 2 warnings (run `cargo fix --lib -p tidb-model` to apply 2 suggestions)
warning: trait `RegionRetryState` is more private than the item `PlanBuilder<PdC, RetryableMultiRegion<P, PdC, R>, Targetted>`
   --> third_party/tikv-client-rs/src/request/plan_builder.rs:969:1
    |
969 | / impl<PdC, P, R> PlanBuilder<PdC, RetryableMultiRegion<P, PdC, R>, Targetted>
970 | | where
971 | |     PdC: PdClient,
972 | |     P: Plan + Shardable,
973 | |     P::Result: HasKeyErrors + HasRegionError,
974 | |     R: RegionRetryState,
    | |________________________^ implementation `PlanBuilder<PdC, RetryableMultiRegion<P, PdC, R>, Targetted>` is reachable at visibility `pub`
    |
note: but trait `RegionRetryState` is only usable at visibility `pub(crate)`
   --> third_party/tikv-client-rs/src/request/plan.rs:686:1
    |
686 | pub(crate) trait RegionRetryState: Clone + Send + Sync + 'static {
    | ^^^^^^^^^^^^^^^^^^^^^^^^^^^^^^^^^^^^^^^^^^^^^^^^^^^^^^^^^^^^^^^^
    = note: `#[warn(private_bounds)]` on by default

warning: `tikv-client` (lib) generated 1 warning
warning: missing documentation for a struct field
  --> crates/tidb-codec/src/join_keys.rs:50:13
   |
50 |     Fixed { data: &'a [u8], width: usize },
   |             ^^^^^^^^^^^^^^
   |
   = note: requested on the command line with `-W missing-docs`

warning: missing documentation for a struct field
  --> crates/tidb-codec/src/join_keys.rs:50:29
   |
50 |     Fixed { data: &'a [u8], width: usize },
   |                             ^^^^^^^^^^^^

warning: missing documentation for a struct field
  --> crates/tidb-codec/src/join_keys.rs:52:16
   |
52 |     Variable { data: &'a [u8], offsets: &'a [i64] },
   |                ^^^^^^^^^^^^^^

warning: missing documentation for a struct field
  --> crates/tidb-codec/src/join_keys.rs:52:32
   |
52 |     Variable { data: &'a [u8], offsets: &'a [i64] },
   |                                ^^^^^^^^^^^^^^^^^^

warning: `tidb-codec` (lib) generated 4 warnings
warning: unused import: `SystemTime`
  --> crates/tidb-log/src/log.rs:19:36
   |
19 | use std::time::{Duration, Instant, SystemTime};
   |                                    ^^^^^^^^^^
   |
   = note: `#[warn(unused_imports)]` (part of `#[warn(unused)]`) on by default

warning: missing documentation for a constant
    --> crates/tidb-vardef/src/tidb_vars.rs:1091:1
     |
1091 | pub const TIDB_MERGE_PARTITION_STATS_CONCURRENCY: &str = "tidb_merge_partition_stats_concurrency";
     | ^^^^^^^^^^^^^^^^^^^^^^^^^^^^^^^^^^^^^^^^^^^^^^^^^^^^^^
     |
     = note: requested on the command line with `-W missing-docs`

warning: `tidb-log` (lib) generated 1 warning (run `cargo fix --lib -p tidb-log` to apply 1 suggestion)
warning: `tidb-vardef` (lib) generated 1 warning
warning: unused import: `Counter`
  --> crates/tidb-util/src/memory_metrics.rs:26:18
   |
26 | use prometheus::{Counter, CounterVec, Gauge, GaugeVec, HistogramOpts, HistogramVec, Opts};
   |                  ^^^^^^^
   |
   = note: `#[warn(unused_imports)]` (part of `#[warn(unused)]`) on by default

warning: missing documentation for a static
   --> crates/tidb-util/src/memory_metrics.rs:125:1
    |
125 | pub static MEMORY_ARBITRATION_DURATION: LazyLock<HistogramVec> = LazyLock::new(|| {
    | ^^^^^^^^^^^^^^^^^^^^^^^^^^^^^^^^^^^^^^^^^^^^^^^^^^^^^^^^^^^^^^
    |
    = note: requested on the command line with `-W missing-docs`

warning: `tidb-util` (lib) generated 2 warnings (run `cargo fix --lib -p tidb-util` to apply 1 suggestion)
warning: feature `proc_macro_diagnostic` is declared but not used
  --> /home/agent/tidb/expression-unification/tikv/components/tidb_query_codegen/src/lib.rs:14:12
   |
14 | #![feature(proc_macro_diagnostic)]
   |            ^^^^^^^^^^^^^^^^^^^^^
   |
   = note: `#[warn(unused_features)]` (part of `#[warn(unused)]`) on by default

warning: feature `iter_order_by` is declared but not used
  --> /home/agent/tidb/expression-unification/tikv/components/tidb_query_codegen/src/lib.rs:15:12
   |
15 | #![feature(iter_order_by)]
   |            ^^^^^^^^^^^^^

warning: `tidb_query_codegen` (lib) generated 2 warnings
warning: unused import: `Expr`
  --> /home/agent/tidb/expression-unification/tikv/components/tidb_query_expr/src/impl_compare_in.rs:20:12
   |
20 | use tipb::{Expr, ExprType, FieldType};
   |            ^^^^
   |
   = note: `#[warn(unused_imports)]` (part of `#[warn(unused)]`) on by default

warning: use of deprecated method `std::sync::atomic::Atomic::<u64>::fetch_update`: renamed to `try_update` for consistency
  --> /home/agent/tidb/expression-unification/tikv/components/tidb_query_expr/src/local/host.rs:21:10
   |
21 |     next.fetch_update(Ordering::Relaxed, Ordering::Relaxed, |value| {
   |          ^^^^^^^^^^^^
   |
   = note: `#[warn(deprecated)]` on by default
help: replace the use of the deprecated method
   |
21 -     next.fetch_update(Ordering::Relaxed, Ordering::Relaxed, |value| {
21 +     next.try_update(Ordering::Relaxed, Ordering::Relaxed, |value| {
   |

warning: method `output_bytes` is never used
   --> /home/agent/tidb/expression-unification/tikv/components/tidb_query_expr/src/local/runtime.rs:202:19
    |
157 | impl EvalBudget {
    | --------------- method in this implementation
...
202 |     pub(crate) fn output_bytes(&self) -> usize {
    |                   ^^^^^^^^^^^^
    |
    = note: `#[warn(dead_code)]` (part of `#[warn(unused)]`) on by default

warning: feature `proc_macro_hygiene` is declared but not used
  --> /home/agent/tidb/expression-unification/tikv/components/tidb_query_expr/src/lib.rs:13:12
   |
13 | #![feature(proc_macro_hygiene)]
   |            ^^^^^^^^^^^^^^^^^^
   |
   = note: `#[warn(unused_features)]` (part of `#[warn(unused)]`) on by default

warning: feature `test` is declared but not used
  --> /home/agent/tidb/expression-unification/tikv/components/tidb_query_expr/src/lib.rs:15:12
   |
15 | #![feature(test)]
   |            ^^^^

warning: `tidb_query_expr` (lib) generated 5 warnings (run `cargo fix --lib -p tidb_query_expr` to apply 2 suggestions)
   Compiling tidb-expr v0.0.0 (/home/agent/tidb/expression-unification/tidb/rust/crates/tidb-expr)
warning: unused import: `tidb_datatype::FieldType`
   --> crates/tidb-expr/src/builtin_cast_semantics.rs:289:9
    |
289 |     use tidb_datatype::FieldType;
    |         ^^^^^^^^^^^^^^^^^^^^^^^^
    |
    = note: `#[warn(unused_imports)]` (part of `#[warn(unused)]`) on by default

warning: unused import: `std::io::Write`
  --> crates/tidb-expr/src/builtin_ext/crypto.rs:31:5
   |
31 | use std::io::Write;
   |     ^^^^^^^^^^^^^^

warning: unused import: `flate2::write::ZlibEncoder`
  --> crates/tidb-expr/src/builtin_ext/crypto.rs:33:5
   |
33 | use flate2::write::ZlibEncoder;
   |     ^^^^^^^^^^^^^^^^^^^^^^^^^^

warning: unused import: `Compression`
  --> crates/tidb-expr/src/builtin_ext/crypto.rs:34:14
   |
34 | use flate2::{Compression, Decompress, FlushDecompress, Status};
   |              ^^^^^^^^^^^

warning: unused import: `super::text::format_json`
  --> crates/tidb-expr/src/builtin_ext/json/construct.rs:29:5
   |
29 | use super::text::format_json;
   |     ^^^^^^^^^^^^^^^^^^^^^^^^

warning: unused doc comment
   --> crates/tidb-expr/src/constant_fold.rs:794:1
    |
794 | / /// Warnings the constant-fold evaluation raised, stashed for the caller that
795 | | /// owns the statement's warning buffer. The fold evaluates column-free
796 | | /// expressions against a sessionless context whose `append_warning` would
797 | | /// otherwise drop go's per-statement warnings (`ADDDATE('abc', INTERVAL 1
798 | | /// DAY)` warns `Incorrect datetime value: 'abc'` on an empty table).
    | |_--------------------------------------------------------------------^
    |   |
    |   rustdoc does not generate documentation for macro invocations
    |
    = help: to document an item produced by a macro, the macro must produce the documentation as part of its expansion
    = note: `#[warn(unused_doc_comments)]` (part of `#[warn(unused)]`) on by default

warning: unused import: `Constant`
   --> crates/tidb-expr/src/constant_fold.rs:486:29
    |
486 |     use crate::expression::{Constant, Expression, ScalarFunction};
    |                             ^^^^^^^^

warning: unnecessary parentheses around index expression
   --> crates/tidb-expr/src/go_flate.rs:996:46
    |
996 |                 let hh = &mut self.hash_head[(hash as usize & HASH_MASK)];
    |                                              ^                         ^
    |
    = note: `#[warn(unused_parens)]` (part of `#[warn(unused)]`) on by default
help: remove these parentheses
    |
996 -                 let hh = &mut self.hash_head[(hash as usize & HASH_MASK)];
996 +                 let hh = &mut self.hash_head[hash as usize & HASH_MASK];
    |

warning: unnecessary parentheses around index expression
    --> crates/tidb-expr/src/go_flate.rs:1036:54
     |
1036 |                         let hh = &mut self.hash_head[(hash as usize & HASH_MASK)];
     |                                                      ^                         ^
     |
help: remove these parentheses
     |
1036 -                         let hh = &mut self.hash_head[(hash as usize & HASH_MASK)];
1036 +                         let hh = &mut self.hash_head[hash as usize & HASH_MASK];
     |

warning: unused import: `super::*`
    --> crates/tidb-expr/src/func.rs:1104:9
     |
1104 |     use super::*;
     |         ^^^^^^^^

warning: unused imports: `FieldTypeValue`, `TimeType`, and `default_field_type_for_value`
  --> crates/tidb-expr/src/rewriter.rs:31:5
   |
31 |     default_field_type_for_value, Datum, EvalType, FieldType, FieldTypeCode, FieldTypeValue,
   |     ^^^^^^^^^^^^^^^^^^^^^^^^^^^^                                             ^^^^^^^^^^^^^^
32 |     TimeType,
   |     ^^^^^^^^

warning: unused import: `crate::context::Columns`
  --> crates/tidb-expr/src/expr_util/fold.rs:49:5
   |
49 | use crate::context::Columns;
   |     ^^^^^^^^^^^^^^^^^^^^^^^

warning: variable does not need to be mutable
    --> crates/tidb-expr/src/simple_expr.rs:1538:13
     |
1538 |         let mut chunk = tidb_chunk::chunk::Chunk::new(&[], 1, 1);
     |             ----^^^^^
     |             |
     |             help: remove this `mut`
     |
     = note: `#[warn(unused_mut)]` (part of `#[warn(unused)]`) on by default

warning: variable does not need to be mutable
    --> crates/tidb-expr/src/simple_expr.rs:1693:17
     |
1693 |             let mut chunk = tidb_chunk::chunk::Chunk::new(&[], 1, 1);
     |                 ----^^^^^
     |                 |
     |                 help: remove this `mut`

warning: variable does not need to be mutable
    --> crates/tidb-expr/src/simple_expr.rs:1711:13
     |
1711 |         let mut chunk = tidb_chunk::chunk::Chunk::new(&[], 1, 1);
     |             ----^^^^^
     |             |
     |             help: remove this `mut`

warning: unreachable pattern
   --> crates/tidb-expr/src/rewriter.rs:657:21
    |
618 |                     tidb_datatype::EvalType::Decimal => {
    |                     -------------------------------- matches all the relevant values
...
657 |                     tidb_datatype::EvalType::Decimal => {
    |                     ^^^^^^^^^^^^^^^^^^^^^^^^^^^^^^^^ no value can reach this
    |
    = note: `#[warn(unreachable_patterns)]` (part of `#[warn(unused)]`) on by default

warning: unused variable: `fixed_constant`
    --> crates/tidb-expr/src/rewriter.rs:1615:21
     |
1615 |                 let fixed_constant = matches!(&argument, Expression::Constant(constant)
     |                     ^^^^^^^^^^^^^^ help: if this is intentional, prefix it with an underscore: `_fixed_constant`
     |
     = note: `#[warn(unused_variables)]` (part of `#[warn(unused)]`) on by default

warning: variable `n` is assigned to, but never used
   --> crates/tidb-expr/src/go_flate.rs:432:13
    |
432 |         let mut n = self.out.len();
    |             ^^^^^
    |
    = note: consider using `_n` instead

warning: value assigned to `n` is never read
   --> crates/tidb-expr/src/go_flate.rs:442:13
    |
442 |             n += 1;
    |             ^^^^^^
    |
    = help: maybe it is overwritten before being read?
    = note: `#[warn(unused_assignments)]` (part of `#[warn(unused)]`) on by default

warning: variable does not need to be mutable
   --> crates/tidb-expr/src/ops.rs:231:5
    |
231 |     mut l: Datum,
    |     ----^
    |     |
    |     help: remove this `mut`

warning: variable does not need to be mutable
   --> crates/tidb-expr/src/ops.rs:232:5
    |
232 |     mut r: Datum,
    |     ----^
    |     |
    |     help: remove this `mut`

warning: missing documentation for a struct field
   --> crates/tidb-expr/src/context.rs:139:33
    |
139 |     ConstantFloatCastOverflow { value: String },
    |                                 ^^^^^^^^^^^^^
    |
    = note: requested on the command line with `-W missing-docs`

warning: field `bit_count` is never read
   --> crates/tidb-expr/src/go_flate.rs:184:5
    |
182 | struct HuffmanEncoder {
    |        -------------- field in this struct
183 |     codes: Vec<Hcode>,
184 |     bit_count: [i32; 17],
    |     ^^^^^^^^^
    |
    = note: `#[warn(dead_code)]` (part of `#[warn(unused)]`) on by default

warning: field `level` is never read
   --> crates/tidb-expr/src/go_flate.rs:359:5
    |
358 | struct LevelInfo {
    |        --------- field in this struct
359 |     level: i32,
    |     ^^^^^
    |
    = note: `LevelInfo` has a derived impl for the trait `Clone`, but this is intentionally ignored during dead code analysis

warning: constant `BUFFER_FLUSH_SIZE` is never used
   --> crates/tidb-expr/src/go_flate.rs:412:7
    |
412 | const BUFFER_FLUSH_SIZE: usize = 240;
    |       ^^^^^^^^^^^^^^^^^

warning: fields `fast_skip_hashing` and `scratch` are never read
   --> crates/tidb-expr/src/go_flate.rs:777:5
    |
770 | struct Compressor {
    |        ---------- fields in this struct
...
777 |     fast_skip_hashing: i32,
    |     ^^^^^^^^^^^^^^^^^
...
792 |     scratch: Vec<LiteralNode>,
    |     ^^^^^^^

warning: constant `HASH_MATCH_LEN` is never used
   --> crates/tidb-expr/src/go_flate.rs:795:7
    |
795 | const HASH_MATCH_LEN: usize = MAX_MATCH_LENGTH - 1;
    |       ^^^^^^^^^^^^^^

warning: method `fill_window` is never used
   --> crates/tidb-expr/src/go_flate.rs:880:8
    |
797 | impl Compressor {
    | --------------- method in this implementation
...
880 |     fn fill_window(&mut self, b: &[u8]) {
    |        ^^^^^^^^^^^

warning: function `bulk_hash4` is never used
    --> crates/tidb-expr/src/go_flate.rs:1088:4
     |
1088 | fn bulk_hash4(b: &[u8], dst: &mut [u32]) {
     |    ^^^^^^^^^^

warning: field `0` is never read
  --> crates/tidb-expr/src/evaluator/numeric_batch.rs:65:15
   |
65 |     Admission(&'static str),
   |     --------- ^^^^^^^^^^^^
   |     |
   |     field in this variant
   |
   = note: `FailureKind` has a derived impl for the trait `Debug`, but this is intentionally ignored during dead code analysis
help: consider changing the field to be of unit type to suppress this warning while preserving the field numbering, or remove the field
   |
65 -     Admission(&'static str),
65 +     Admission(()),
   |

warning: field `0` is never read
  --> crates/tidb-expr/src/evaluator/numeric_batch.rs:66:12
   |
66 |     Bridge(BridgeError),
   |     ------ ^^^^^^^^^^^
   |     |
   |     field in this variant
   |
   = note: `FailureKind` has a derived impl for the trait `Debug`, but this is intentionally ignored during dead code analysis
help: consider changing the field to be of unit type to suppress this warning while preserving the field numbering, or remove the field
   |
66 -     Bridge(BridgeError),
66 +     Bridge(()),
   |

warning: field `0` is never read
  --> crates/tidb-expr/src/evaluator/numeric_batch.rs:68:12
   |
68 |     Native(EvaluatorError),
   |     ------ ^^^^^^^^^^^^^^
   |     |
   |     field in this variant
   |
   = note: `FailureKind` has a derived impl for the trait `Debug`, but this is intentionally ignored during dead code analysis
help: consider changing the field to be of unit type to suppress this warning while preserving the field numbering, or remove the field
   |
68 -     Native(EvaluatorError),
68 +     Native(()),
   |

warning: function `d` is never used
    --> crates/tidb-expr/src/func.rs:1056:8
     |
1056 |     fn d(s: &str) -> Datum {
     |        ^

warning: field `gbk_params` is never read
   --> crates/tidb-expr/src/tests/crypto_encryption_source.rs:558:9
    |
552 |     struct GbkRow {
    |            ------ field in this struct
...
558 |         gbk_params: bool,
    |         ^^^^^^^^^^
    |
    = note: `GbkRow` has a derived impl for the trait `Debug`, but this is intentionally ignored during dead code analysis

warning: function `eval_encrypt_bytes` is never used
   --> crates/tidb-expr/src/tests/crypto_encryption_source.rs:707:4
    |
707 | fn eval_encrypt_bytes(origin: &Datum, params: &[&str], mode_value: &str) -> Datum {
    |    ^^^^^^^^^^^^^^^^^^

warning: `tidb-expr` (lib test) generated 35 warnings (run `cargo fix --lib -p tidb-expr --tests` to apply 16 suggestions)
    Finished `test` profile [unoptimized + debuginfo] target(s) in 5.49s
warning: the following packages contain code that will be rejected by a future version of Rust: nom v2.2.1, procinfo v0.4.2 (https://github.com/tikv/procinfo-rs?rev=7693954bd1dd86eb1709572fd7b62fd5f7ff2ea1#7693954b)
note: to see what the problems were, use the option `--future-incompat-report`, or run `cargo report future-incompatibilities --id 1`
     Running unittests src/lib.rs (/home/agent/tidb/expression-unification/target-tidb/debug/build/tidb-expr/1a66296e036585b2/out/tidb_expr-1a66296e036585b2)

running 7 tests
test tikv::runtime_failure::tests::clone_equality_is_cause_identity_not_equal_error_text ... ok
test tikv::runtime_failure::tests::debug_contains_only_native_class_and_explicit_phase ... ok
test tikv::runtime_failure::tests::evaluation_keeps_its_box_and_never_classifies_by_custom_code ... ok
test tikv::runtime_failure::tests::other_evaluation_payload_is_retained_without_text_classification ... ok
test tikv::runtime_failure::tests::phase_is_explicit_and_none_remains_unattributed ... ok
test tikv::runtime_failure::tests::six_outer_variants_keep_distinct_classes_and_fixed_messages ... ok
test tikv::runtime_failure::tests::string_causes_keep_their_original_allocation_and_discriminant ... ok

test result: ok. 7 passed; 0 failed; 0 ignored; 0 measured; 1438 filtered out; finished in 0.00s

