PERF_PROCESS_RUN suite=width-one revision=current run=1 order_cpu=2

running 1 test
test tests::lane_cache_performance::lane_cache_release_performance_probe ... EXPR_LANE_PERF_CONFIG warmups=2000 samples=9 iteration_divisor=1 iteration_multiplier=1 order=balanced-abba md5=excluded-known-release-prepare-failure
EXPR_LANE_CALIBRATION stage=before iterations=20000000 elapsed_ns=21624615 ns_per_iter=1.081 checksum=14785134113392808001
EXPR_LANE_PERF tier=ast mode=one_shot name=integer_add sample=0 iterations=200000 elapsed_ns=378677371 ns_per_eval=1893.387 result=INT:3
EXPR_LANE_PERF tier=ast mode=lane_cache name=integer_add sample=0 iterations=200000 elapsed_ns=198554840 ns_per_eval=992.774 result=INT:3
EXPR_LANE_PERF tier=ast mode=lane_cache name=integer_add sample=1 iterations=200000 elapsed_ns=199163928 ns_per_eval=995.820 result=INT:3
EXPR_LANE_PERF tier=ast mode=one_shot name=integer_add sample=1 iterations=200000 elapsed_ns=383240820 ns_per_eval=1916.204 result=INT:3
EXPR_LANE_PERF tier=ast mode=lane_cache name=integer_add sample=2 iterations=200000 elapsed_ns=199254398 ns_per_eval=996.272 result=INT:3
EXPR_LANE_PERF tier=ast mode=one_shot name=integer_add sample=2 iterations=200000 elapsed_ns=383654989 ns_per_eval=1918.275 result=INT:3
EXPR_LANE_PERF tier=ast mode=one_shot name=integer_add sample=3 iterations=200000 elapsed_ns=382849443 ns_per_eval=1914.247 result=INT:3
EXPR_LANE_PERF tier=ast mode=lane_cache name=integer_add sample=3 iterations=200000 elapsed_ns=195582687 ns_per_eval=977.913 result=INT:3
EXPR_LANE_PERF tier=ast mode=one_shot name=integer_add sample=4 iterations=200000 elapsed_ns=378118617 ns_per_eval=1890.593 result=INT:3
EXPR_LANE_PERF tier=ast mode=lane_cache name=integer_add sample=4 iterations=200000 elapsed_ns=197602018 ns_per_eval=988.010 result=INT:3
EXPR_LANE_PERF tier=ast mode=lane_cache name=integer_add sample=5 iterations=200000 elapsed_ns=199426579 ns_per_eval=997.133 result=INT:3
EXPR_LANE_PERF tier=ast mode=one_shot name=integer_add sample=5 iterations=200000 elapsed_ns=384295729 ns_per_eval=1921.479 result=INT:3
EXPR_LANE_PERF tier=ast mode=lane_cache name=integer_add sample=6 iterations=200000 elapsed_ns=199318509 ns_per_eval=996.593 result=INT:3
EXPR_LANE_PERF tier=ast mode=one_shot name=integer_add sample=6 iterations=200000 elapsed_ns=381712493 ns_per_eval=1908.562 result=INT:3
EXPR_LANE_PERF tier=ast mode=one_shot name=integer_add sample=7 iterations=200000 elapsed_ns=382017912 ns_per_eval=1910.090 result=INT:3
EXPR_LANE_PERF tier=ast mode=lane_cache name=integer_add sample=7 iterations=200000 elapsed_ns=198563664 ns_per_eval=992.818 result=INT:3
EXPR_LANE_PERF tier=ast mode=one_shot name=integer_add sample=8 iterations=200000 elapsed_ns=382922659 ns_per_eval=1914.613 result=INT:3
EXPR_LANE_PERF tier=ast mode=lane_cache name=integer_add sample=8 iterations=200000 elapsed_ns=199193882 ns_per_eval=995.969 result=INT:3
EXPR_LANE_PERF_WORKERS tier=ast name=integer_add count=1
EXPR_LANE_PERF tier=ast mode=one_shot name=lazy_if sample=0 iterations=100000 elapsed_ns=364149610 ns_per_eval=3641.496 result=INT:2
EXPR_LANE_PERF tier=ast mode=lane_cache name=lazy_if sample=0 iterations=100000 elapsed_ns=195193012 ns_per_eval=1951.930 result=INT:2
EXPR_LANE_PERF tier=ast mode=lane_cache name=lazy_if sample=1 iterations=100000 elapsed_ns=195517731 ns_per_eval=1955.177 result=INT:2
EXPR_LANE_PERF tier=ast mode=one_shot name=lazy_if sample=1 iterations=100000 elapsed_ns=364189681 ns_per_eval=3641.897 result=INT:2
EXPR_LANE_PERF tier=ast mode=lane_cache name=lazy_if sample=2 iterations=100000 elapsed_ns=196741566 ns_per_eval=1967.416 result=INT:2
EXPR_LANE_PERF tier=ast mode=one_shot name=lazy_if sample=2 iterations=100000 elapsed_ns=363590245 ns_per_eval=3635.902 result=INT:2
EXPR_LANE_PERF tier=ast mode=one_shot name=lazy_if sample=3 iterations=100000 elapsed_ns=364327422 ns_per_eval=3643.274 result=INT:2
EXPR_LANE_PERF tier=ast mode=lane_cache name=lazy_if sample=3 iterations=100000 elapsed_ns=195718101 ns_per_eval=1957.181 result=INT:2
EXPR_LANE_PERF tier=ast mode=one_shot name=lazy_if sample=4 iterations=100000 elapsed_ns=366129914 ns_per_eval=3661.299 result=INT:2
EXPR_LANE_PERF tier=ast mode=lane_cache name=lazy_if sample=4 iterations=100000 elapsed_ns=196427238 ns_per_eval=1964.272 result=INT:2
EXPR_LANE_PERF tier=ast mode=lane_cache name=lazy_if sample=5 iterations=100000 elapsed_ns=196146121 ns_per_eval=1961.461 result=INT:2
EXPR_LANE_PERF tier=ast mode=one_shot name=lazy_if sample=5 iterations=100000 elapsed_ns=364509213 ns_per_eval=3645.092 result=INT:2
EXPR_LANE_PERF tier=ast mode=lane_cache name=lazy_if sample=6 iterations=100000 elapsed_ns=199478994 ns_per_eval=1994.790 result=INT:2
EXPR_LANE_PERF tier=ast mode=one_shot name=lazy_if sample=6 iterations=100000 elapsed_ns=364996412 ns_per_eval=3649.964 result=INT:2
EXPR_LANE_PERF tier=ast mode=one_shot name=lazy_if sample=7 iterations=100000 elapsed_ns=367231372 ns_per_eval=3672.314 result=INT:2
EXPR_LANE_PERF tier=ast mode=lane_cache name=lazy_if sample=7 iterations=100000 elapsed_ns=198654789 ns_per_eval=1986.548 result=INT:2
EXPR_LANE_PERF tier=ast mode=one_shot name=lazy_if sample=8 iterations=100000 elapsed_ns=366246168 ns_per_eval=3662.462 result=INT:2
EXPR_LANE_PERF tier=ast mode=lane_cache name=lazy_if sample=8 iterations=100000 elapsed_ns=196399480 ns_per_eval=1963.995 result=INT:2
EXPR_LANE_PERF_WORKERS tier=ast name=lazy_if count=2
EXPR_LANE_PERF tier=ast mode=one_shot name=strcmp sample=0 iterations=50000 elapsed_ns=118862242 ns_per_eval=2377.245 result=INT:-1
EXPR_LANE_PERF tier=ast mode=lane_cache name=strcmp sample=0 iterations=50000 elapsed_ns=65574516 ns_per_eval=1311.490 result=INT:-1
EXPR_LANE_PERF tier=ast mode=lane_cache name=strcmp sample=1 iterations=50000 elapsed_ns=65709295 ns_per_eval=1314.186 result=INT:-1
EXPR_LANE_PERF tier=ast mode=one_shot name=strcmp sample=1 iterations=50000 elapsed_ns=118519083 ns_per_eval=2370.382 result=INT:-1
EXPR_LANE_PERF tier=ast mode=lane_cache name=strcmp sample=2 iterations=50000 elapsed_ns=65417085 ns_per_eval=1308.342 result=INT:-1
EXPR_LANE_PERF tier=ast mode=one_shot name=strcmp sample=2 iterations=50000 elapsed_ns=118916291 ns_per_eval=2378.326 result=INT:-1
EXPR_LANE_PERF tier=ast mode=one_shot name=strcmp sample=3 iterations=50000 elapsed_ns=119146811 ns_per_eval=2382.936 result=INT:-1
EXPR_LANE_PERF tier=ast mode=lane_cache name=strcmp sample=3 iterations=50000 elapsed_ns=65638327 ns_per_eval=1312.767 result=INT:-1
EXPR_LANE_PERF tier=ast mode=one_shot name=strcmp sample=4 iterations=50000 elapsed_ns=118431493 ns_per_eval=2368.630 result=INT:-1
EXPR_LANE_PERF tier=ast mode=lane_cache name=strcmp sample=4 iterations=50000 elapsed_ns=65512908 ns_per_eval=1310.258 result=INT:-1
EXPR_LANE_PERF tier=ast mode=lane_cache name=strcmp sample=5 iterations=50000 elapsed_ns=65770056 ns_per_eval=1315.401 result=INT:-1
EXPR_LANE_PERF tier=ast mode=one_shot name=strcmp sample=5 iterations=50000 elapsed_ns=118663044 ns_per_eval=2373.261 result=INT:-1
EXPR_LANE_PERF tier=ast mode=lane_cache name=strcmp sample=6 iterations=50000 elapsed_ns=65407447 ns_per_eval=1308.149 result=INT:-1
EXPR_LANE_PERF tier=ast mode=one_shot name=strcmp sample=6 iterations=50000 elapsed_ns=118434504 ns_per_eval=2368.690 result=INT:-1
EXPR_LANE_PERF tier=ast mode=one_shot name=strcmp sample=7 iterations=50000 elapsed_ns=119484350 ns_per_eval=2389.687 result=INT:-1
EXPR_LANE_PERF tier=ast mode=lane_cache name=strcmp sample=7 iterations=50000 elapsed_ns=65389860 ns_per_eval=1307.797 result=INT:-1
EXPR_LANE_PERF tier=ast mode=one_shot name=strcmp sample=8 iterations=50000 elapsed_ns=118802293 ns_per_eval=2376.046 result=INT:-1
EXPR_LANE_PERF tier=ast mode=lane_cache name=strcmp sample=8 iterations=50000 elapsed_ns=65689416 ns_per_eval=1313.788 result=INT:-1
EXPR_LANE_PERF_WORKERS tier=ast name=strcmp count=1
EXPR_LANE_PERF tier=ast mode=one_shot name=decimal_add sample=0 iterations=30000 elapsed_ns=100576059 ns_per_eval=3352.535 result=DEC:124.00
EXPR_LANE_PERF tier=ast mode=lane_cache name=decimal_add sample=0 iterations=30000 elapsed_ns=67890995 ns_per_eval=2263.033 result=DEC:124.00
EXPR_LANE_PERF tier=ast mode=lane_cache name=decimal_add sample=1 iterations=30000 elapsed_ns=68126015 ns_per_eval=2270.867 result=DEC:124.00
EXPR_LANE_PERF tier=ast mode=one_shot name=decimal_add sample=1 iterations=30000 elapsed_ns=101102607 ns_per_eval=3370.087 result=DEC:124.00
EXPR_LANE_PERF tier=ast mode=lane_cache name=decimal_add sample=2 iterations=30000 elapsed_ns=68068025 ns_per_eval=2268.934 result=DEC:124.00
EXPR_LANE_PERF tier=ast mode=one_shot name=decimal_add sample=2 iterations=30000 elapsed_ns=100034003 ns_per_eval=3334.467 result=DEC:124.00
EXPR_LANE_PERF tier=ast mode=one_shot name=decimal_add sample=3 iterations=30000 elapsed_ns=100146602 ns_per_eval=3338.220 result=DEC:124.00
EXPR_LANE_PERF tier=ast mode=lane_cache name=decimal_add sample=3 iterations=30000 elapsed_ns=68463693 ns_per_eval=2282.123 result=DEC:124.00
EXPR_LANE_PERF tier=ast mode=one_shot name=decimal_add sample=4 iterations=30000 elapsed_ns=100103352 ns_per_eval=3336.778 result=DEC:124.00
EXPR_LANE_PERF tier=ast mode=lane_cache name=decimal_add sample=4 iterations=30000 elapsed_ns=67723277 ns_per_eval=2257.443 result=DEC:124.00
EXPR_LANE_PERF tier=ast mode=lane_cache name=decimal_add sample=5 iterations=30000 elapsed_ns=67822666 ns_per_eval=2260.756 result=DEC:124.00
EXPR_LANE_PERF tier=ast mode=one_shot name=decimal_add sample=5 iterations=30000 elapsed_ns=100319932 ns_per_eval=3343.998 result=DEC:124.00
EXPR_LANE_PERF tier=ast mode=lane_cache name=decimal_add sample=6 iterations=30000 elapsed_ns=67986576 ns_per_eval=2266.219 result=DEC:124.00
EXPR_LANE_PERF tier=ast mode=one_shot name=decimal_add sample=6 iterations=30000 elapsed_ns=100443321 ns_per_eval=3348.111 result=DEC:124.00
EXPR_LANE_PERF tier=ast mode=one_shot name=decimal_add sample=7 iterations=30000 elapsed_ns=100195702 ns_per_eval=3339.857 result=DEC:124.00
EXPR_LANE_PERF tier=ast mode=lane_cache name=decimal_add sample=7 iterations=30000 elapsed_ns=67996566 ns_per_eval=2266.552 result=DEC:124.00
EXPR_LANE_PERF tier=ast mode=one_shot name=decimal_add sample=8 iterations=30000 elapsed_ns=100618900 ns_per_eval=3353.963 result=DEC:124.00
EXPR_LANE_PERF tier=ast mode=lane_cache name=decimal_add sample=8 iterations=30000 elapsed_ns=67851746 ns_per_eval=2261.725 result=DEC:124.00
EXPR_LANE_PERF_WORKERS tier=ast name=decimal_add count=1
EXPR_LANE_PERF tier=ast mode=one_shot name=json_type sample=0 iterations=30000 elapsed_ns=55723784 ns_per_eval=1857.459 result=STR:OBJECT
EXPR_LANE_PERF tier=ast mode=lane_cache name=json_type sample=0 iterations=30000 elapsed_ns=33527090 ns_per_eval=1117.570 result=STR:OBJECT
EXPR_LANE_PERF tier=ast mode=lane_cache name=json_type sample=1 iterations=30000 elapsed_ns=33717970 ns_per_eval=1123.932 result=STR:OBJECT
EXPR_LANE_PERF tier=ast mode=one_shot name=json_type sample=1 iterations=30000 elapsed_ns=55971173 ns_per_eval=1865.706 result=STR:OBJECT
EXPR_LANE_PERF tier=ast mode=lane_cache name=json_type sample=2 iterations=30000 elapsed_ns=33481690 ns_per_eval=1116.056 result=STR:OBJECT
EXPR_LANE_PERF tier=ast mode=one_shot name=json_type sample=2 iterations=30000 elapsed_ns=55074088 ns_per_eval=1835.803 result=STR:OBJECT
EXPR_LANE_PERF tier=ast mode=one_shot name=json_type sample=3 iterations=30000 elapsed_ns=55042287 ns_per_eval=1834.743 result=STR:OBJECT
EXPR_LANE_PERF tier=ast mode=lane_cache name=json_type sample=3 iterations=30000 elapsed_ns=33608150 ns_per_eval=1120.272 result=STR:OBJECT
EXPR_LANE_PERF tier=ast mode=one_shot name=json_type sample=4 iterations=30000 elapsed_ns=55277157 ns_per_eval=1842.572 result=STR:OBJECT
EXPR_LANE_PERF tier=ast mode=lane_cache name=json_type sample=4 iterations=30000 elapsed_ns=33431290 ns_per_eval=1114.376 result=STR:OBJECT
EXPR_LANE_PERF tier=ast mode=lane_cache name=json_type sample=5 iterations=30000 elapsed_ns=33440751 ns_per_eval=1114.692 result=STR:OBJECT
EXPR_LANE_PERF tier=ast mode=one_shot name=json_type sample=5 iterations=30000 elapsed_ns=55057798 ns_per_eval=1835.260 result=STR:OBJECT
EXPR_LANE_PERF tier=ast mode=lane_cache name=json_type sample=6 iterations=30000 elapsed_ns=33539350 ns_per_eval=1117.978 result=STR:OBJECT
EXPR_LANE_PERF tier=ast mode=one_shot name=json_type sample=6 iterations=30000 elapsed_ns=54909839 ns_per_eval=1830.328 result=STR:OBJECT
EXPR_LANE_PERF tier=ast mode=one_shot name=json_type sample=7 iterations=30000 elapsed_ns=55201277 ns_per_eval=1840.043 result=STR:OBJECT
EXPR_LANE_PERF tier=ast mode=lane_cache name=json_type sample=7 iterations=30000 elapsed_ns=33484751 ns_per_eval=1116.158 result=STR:OBJECT
EXPR_LANE_PERF tier=ast mode=one_shot name=json_type sample=8 iterations=30000 elapsed_ns=55373956 ns_per_eval=1845.799 result=STR:OBJECT
EXPR_LANE_PERF tier=ast mode=lane_cache name=json_type sample=8 iterations=30000 elapsed_ns=33568100 ns_per_eval=1118.937 result=STR:OBJECT
EXPR_LANE_PERF_WORKERS tier=ast name=json_type count=1
EXPR_LANE_PERF tier=ast mode=one_shot name=regexp_like sample=0 iterations=10000 elapsed_ns=105896086 ns_per_eval=10589.609 result=INT:1
EXPR_LANE_PERF tier=ast mode=lane_cache name=regexp_like sample=0 iterations=10000 elapsed_ns=94142261 ns_per_eval=9414.226 result=INT:1
EXPR_LANE_PERF tier=ast mode=lane_cache name=regexp_like sample=1 iterations=10000 elapsed_ns=94906178 ns_per_eval=9490.618 result=INT:1
EXPR_LANE_PERF tier=ast mode=one_shot name=regexp_like sample=1 iterations=10000 elapsed_ns=104883280 ns_per_eval=10488.328 result=INT:1
EXPR_LANE_PERF tier=ast mode=lane_cache name=regexp_like sample=2 iterations=10000 elapsed_ns=94766199 ns_per_eval=9476.620 result=INT:1
EXPR_LANE_PERF tier=ast mode=one_shot name=regexp_like sample=2 iterations=10000 elapsed_ns=106403904 ns_per_eval=10640.390 result=INT:1
EXPR_LANE_PERF tier=ast mode=one_shot name=regexp_like sample=3 iterations=10000 elapsed_ns=106192955 ns_per_eval=10619.296 result=INT:1
EXPR_LANE_PERF tier=ast mode=lane_cache name=regexp_like sample=3 iterations=10000 elapsed_ns=94140002 ns_per_eval=9414.000 result=INT:1
EXPR_LANE_PERF tier=ast mode=one_shot name=regexp_like sample=4 iterations=10000 elapsed_ns=105792077 ns_per_eval=10579.208 result=INT:1
EXPR_LANE_PERF tier=ast mode=lane_cache name=regexp_like sample=4 iterations=10000 elapsed_ns=94222781 ns_per_eval=9422.278 result=INT:1
EXPR_LANE_PERF tier=ast mode=lane_cache name=regexp_like sample=5 iterations=10000 elapsed_ns=93887184 ns_per_eval=9388.718 result=INT:1
EXPR_LANE_PERF tier=ast mode=one_shot name=regexp_like sample=5 iterations=10000 elapsed_ns=105500948 ns_per_eval=10550.095 result=INT:1
EXPR_LANE_PERF tier=ast mode=lane_cache name=regexp_like sample=6 iterations=10000 elapsed_ns=94074092 ns_per_eval=9407.409 result=INT:1
EXPR_LANE_PERF tier=ast mode=one_shot name=regexp_like sample=6 iterations=10000 elapsed_ns=104855312 ns_per_eval=10485.531 result=INT:1
EXPR_LANE_PERF tier=ast mode=one_shot name=regexp_like sample=7 iterations=10000 elapsed_ns=105589367 ns_per_eval=10558.937 result=INT:1
EXPR_LANE_PERF tier=ast mode=lane_cache name=regexp_like sample=7 iterations=10000 elapsed_ns=93509916 ns_per_eval=9350.992 result=INT:1
EXPR_LANE_PERF tier=ast mode=one_shot name=regexp_like sample=8 iterations=10000 elapsed_ns=105302199 ns_per_eval=10530.220 result=INT:1
EXPR_LANE_PERF tier=ast mode=lane_cache name=regexp_like sample=8 iterations=10000 elapsed_ns=93507175 ns_per_eval=9350.718 result=INT:1
EXPR_LANE_PERF_WORKERS tier=ast name=regexp_like count=1
EXPR_LANE_PERF tier=chunk mode=one_shot name=integer_add sample=0 iterations=200000 elapsed_ns=391841328 ns_per_eval=1959.207 result=INT:3
EXPR_LANE_PERF tier=chunk mode=lane_cache name=integer_add sample=0 iterations=200000 elapsed_ns=215016068 ns_per_eval=1075.080 result=INT:3
EXPR_LANE_PERF tier=chunk mode=lane_cache name=integer_add sample=1 iterations=200000 elapsed_ns=218014304 ns_per_eval=1090.072 result=INT:3
EXPR_LANE_PERF tier=chunk mode=one_shot name=integer_add sample=1 iterations=200000 elapsed_ns=392078818 ns_per_eval=1960.394 result=INT:3
EXPR_LANE_PERF tier=chunk mode=lane_cache name=integer_add sample=2 iterations=200000 elapsed_ns=215109279 ns_per_eval=1075.546 result=INT:3
EXPR_LANE_PERF tier=chunk mode=one_shot name=integer_add sample=2 iterations=200000 elapsed_ns=391944629 ns_per_eval=1959.723 result=INT:3
EXPR_LANE_PERF tier=chunk mode=one_shot name=integer_add sample=3 iterations=200000 elapsed_ns=391249654 ns_per_eval=1956.248 result=INT:3
EXPR_LANE_PERF tier=chunk mode=lane_cache name=integer_add sample=3 iterations=200000 elapsed_ns=212990619 ns_per_eval=1064.953 result=INT:3
EXPR_LANE_PERF tier=chunk mode=one_shot name=integer_add sample=4 iterations=200000 elapsed_ns=417075992 ns_per_eval=2085.380 result=INT:3
EXPR_LANE_PERF tier=chunk mode=lane_cache name=integer_add sample=4 iterations=200000 elapsed_ns=252671883 ns_per_eval=1263.359 result=INT:3
EXPR_LANE_PERF tier=chunk mode=lane_cache name=integer_add sample=5 iterations=200000 elapsed_ns=243639425 ns_per_eval=1218.197 result=INT:3
EXPR_LANE_PERF tier=chunk mode=one_shot name=integer_add sample=5 iterations=200000 elapsed_ns=464875927 ns_per_eval=2324.380 result=INT:3
EXPR_LANE_PERF tier=chunk mode=lane_cache name=integer_add sample=6 iterations=200000 elapsed_ns=254934933 ns_per_eval=1274.675 result=INT:3
EXPR_LANE_PERF tier=chunk mode=one_shot name=integer_add sample=6 iterations=200000 elapsed_ns=462158222 ns_per_eval=2310.791 result=INT:3
EXPR_LANE_PERF tier=chunk mode=one_shot name=integer_add sample=7 iterations=200000 elapsed_ns=461248828 ns_per_eval=2306.244 result=INT:3
EXPR_LANE_PERF tier=chunk mode=lane_cache name=integer_add sample=7 iterations=200000 elapsed_ns=244966922 ns_per_eval=1224.835 result=INT:3
EXPR_LANE_PERF tier=chunk mode=one_shot name=integer_add sample=8 iterations=200000 elapsed_ns=386069613 ns_per_eval=1930.348 result=INT:3
EXPR_LANE_PERF tier=chunk mode=lane_cache name=integer_add sample=8 iterations=200000 elapsed_ns=212634546 ns_per_eval=1063.173 result=INT:3
EXPR_LANE_PERF_WORKERS tier=chunk name=integer_add count=1
EXPR_LANE_PERF tier=chunk mode=one_shot name=lazy_if sample=0 iterations=100000 elapsed_ns=355496841 ns_per_eval=3554.968 result=INT:2
EXPR_LANE_PERF tier=chunk mode=lane_cache name=lazy_if sample=0 iterations=100000 elapsed_ns=190174831 ns_per_eval=1901.748 result=INT:2
EXPR_LANE_PERF tier=chunk mode=lane_cache name=lazy_if sample=1 iterations=100000 elapsed_ns=190817508 ns_per_eval=1908.175 result=INT:2
EXPR_LANE_PERF tier=chunk mode=one_shot name=lazy_if sample=1 iterations=100000 elapsed_ns=356850765 ns_per_eval=3568.508 result=INT:2
EXPR_LANE_PERF tier=chunk mode=lane_cache name=lazy_if sample=2 iterations=100000 elapsed_ns=190422641 ns_per_eval=1904.226 result=INT:2
EXPR_LANE_PERF tier=chunk mode=one_shot name=lazy_if sample=2 iterations=100000 elapsed_ns=356717976 ns_per_eval=3567.180 result=INT:2
EXPR_LANE_PERF tier=chunk mode=one_shot name=lazy_if sample=3 iterations=100000 elapsed_ns=356220510 ns_per_eval=3562.205 result=INT:2
EXPR_LANE_PERF tier=chunk mode=lane_cache name=lazy_if sample=3 iterations=100000 elapsed_ns=191248778 ns_per_eval=1912.488 result=INT:2
EXPR_LANE_PERF tier=chunk mode=one_shot name=lazy_if sample=4 iterations=100000 elapsed_ns=357681573 ns_per_eval=3576.816 result=INT:2
EXPR_LANE_PERF tier=chunk mode=lane_cache name=lazy_if sample=4 iterations=100000 elapsed_ns=190459572 ns_per_eval=1904.596 result=INT:2
EXPR_LANE_PERF tier=chunk mode=lane_cache name=lazy_if sample=5 iterations=100000 elapsed_ns=190927449 ns_per_eval=1909.274 result=INT:2
EXPR_LANE_PERF tier=chunk mode=one_shot name=lazy_if sample=5 iterations=100000 elapsed_ns=358789241 ns_per_eval=3587.892 result=INT:2
EXPR_LANE_PERF tier=chunk mode=lane_cache name=lazy_if sample=6 iterations=100000 elapsed_ns=192012525 ns_per_eval=1920.125 result=INT:2
EXPR_LANE_PERF tier=chunk mode=one_shot name=lazy_if sample=6 iterations=100000 elapsed_ns=358096923 ns_per_eval=3580.969 result=INT:2
EXPR_LANE_PERF tier=chunk mode=one_shot name=lazy_if sample=7 iterations=100000 elapsed_ns=357988385 ns_per_eval=3579.884 result=INT:2
EXPR_LANE_PERF tier=chunk mode=lane_cache name=lazy_if sample=7 iterations=100000 elapsed_ns=191383349 ns_per_eval=1913.833 result=INT:2
EXPR_LANE_PERF tier=chunk mode=one_shot name=lazy_if sample=8 iterations=100000 elapsed_ns=357556667 ns_per_eval=3575.567 result=INT:2
EXPR_LANE_PERF tier=chunk mode=lane_cache name=lazy_if sample=8 iterations=100000 elapsed_ns=191752878 ns_per_eval=1917.529 result=INT:2
EXPR_LANE_PERF_WORKERS tier=chunk name=lazy_if count=2
EXPR_LANE_PERF tier=chunk mode=one_shot name=strcmp sample=0 iterations=50000 elapsed_ns=116170694 ns_per_eval=2323.414 result=INT:-1
EXPR_LANE_PERF tier=chunk mode=lane_cache name=strcmp sample=0 iterations=50000 elapsed_ns=60879584 ns_per_eval=1217.592 result=INT:-1
EXPR_LANE_PERF tier=chunk mode=lane_cache name=strcmp sample=1 iterations=50000 elapsed_ns=60846624 ns_per_eval=1216.932 result=INT:-1
EXPR_LANE_PERF tier=chunk mode=one_shot name=strcmp sample=1 iterations=50000 elapsed_ns=115452607 ns_per_eval=2309.052 result=INT:-1
EXPR_LANE_PERF tier=chunk mode=lane_cache name=strcmp sample=2 iterations=50000 elapsed_ns=60781484 ns_per_eval=1215.630 result=INT:-1
EXPR_LANE_PERF tier=chunk mode=one_shot name=strcmp sample=2 iterations=50000 elapsed_ns=115439267 ns_per_eval=2308.785 result=INT:-1
EXPR_LANE_PERF tier=chunk mode=one_shot name=strcmp sample=3 iterations=50000 elapsed_ns=115514717 ns_per_eval=2310.294 result=INT:-1
EXPR_LANE_PERF tier=chunk mode=lane_cache name=strcmp sample=3 iterations=50000 elapsed_ns=60862994 ns_per_eval=1217.260 result=INT:-1
EXPR_LANE_PERF tier=chunk mode=one_shot name=strcmp sample=4 iterations=50000 elapsed_ns=115464797 ns_per_eval=2309.296 result=INT:-1
EXPR_LANE_PERF tier=chunk mode=lane_cache name=strcmp sample=4 iterations=50000 elapsed_ns=60784634 ns_per_eval=1215.693 result=INT:-1
EXPR_LANE_PERF tier=chunk mode=lane_cache name=strcmp sample=5 iterations=50000 elapsed_ns=60981273 ns_per_eval=1219.625 result=INT:-1
EXPR_LANE_PERF tier=chunk mode=one_shot name=strcmp sample=5 iterations=50000 elapsed_ns=115451858 ns_per_eval=2309.037 result=INT:-1
EXPR_LANE_PERF tier=chunk mode=lane_cache name=strcmp sample=6 iterations=50000 elapsed_ns=60746485 ns_per_eval=1214.930 result=INT:-1
EXPR_LANE_PERF tier=chunk mode=one_shot name=strcmp sample=6 iterations=50000 elapsed_ns=116091774 ns_per_eval=2321.835 result=INT:-1
EXPR_LANE_PERF tier=chunk mode=one_shot name=strcmp sample=7 iterations=50000 elapsed_ns=116186375 ns_per_eval=2323.727 result=INT:-1
EXPR_LANE_PERF tier=chunk mode=lane_cache name=strcmp sample=7 iterations=50000 elapsed_ns=61112553 ns_per_eval=1222.251 result=INT:-1
EXPR_LANE_PERF tier=chunk mode=one_shot name=strcmp sample=8 iterations=50000 elapsed_ns=116367593 ns_per_eval=2327.352 result=INT:-1
EXPR_LANE_PERF tier=chunk mode=lane_cache name=strcmp sample=8 iterations=50000 elapsed_ns=60995084 ns_per_eval=1219.902 result=INT:-1
EXPR_LANE_PERF_WORKERS tier=chunk name=strcmp count=1
EXPR_LANE_PERF tier=chunk mode=one_shot name=decimal_add sample=0 iterations=30000 elapsed_ns=105318356 ns_per_eval=3510.612 result=DEC:124.00
EXPR_LANE_PERF tier=chunk mode=lane_cache name=decimal_add sample=0 iterations=30000 elapsed_ns=73346036 ns_per_eval=2444.868 result=DEC:124.00
EXPR_LANE_PERF tier=chunk mode=lane_cache name=decimal_add sample=1 iterations=30000 elapsed_ns=73364365 ns_per_eval=2445.479 result=DEC:124.00
EXPR_LANE_PERF tier=chunk mode=one_shot name=decimal_add sample=1 iterations=30000 elapsed_ns=105557274 ns_per_eval=3518.576 result=DEC:124.00
EXPR_LANE_PERF tier=chunk mode=lane_cache name=decimal_add sample=2 iterations=30000 elapsed_ns=73290366 ns_per_eval=2443.012 result=DEC:124.00
EXPR_LANE_PERF tier=chunk mode=one_shot name=decimal_add sample=2 iterations=30000 elapsed_ns=105518185 ns_per_eval=3517.273 result=DEC:124.00
EXPR_LANE_PERF tier=chunk mode=one_shot name=decimal_add sample=3 iterations=30000 elapsed_ns=105455275 ns_per_eval=3515.176 result=DEC:124.00
EXPR_LANE_PERF tier=chunk mode=lane_cache name=decimal_add sample=3 iterations=30000 elapsed_ns=73189717 ns_per_eval=2439.657 result=DEC:124.00
EXPR_LANE_PERF tier=chunk mode=one_shot name=decimal_add sample=4 iterations=30000 elapsed_ns=105410695 ns_per_eval=3513.690 result=DEC:124.00
EXPR_LANE_PERF tier=chunk mode=lane_cache name=decimal_add sample=4 iterations=30000 elapsed_ns=73285936 ns_per_eval=2442.865 result=DEC:124.00
EXPR_LANE_PERF tier=chunk mode=lane_cache name=decimal_add sample=5 iterations=30000 elapsed_ns=73378836 ns_per_eval=2445.961 result=DEC:124.00
EXPR_LANE_PERF tier=chunk mode=one_shot name=decimal_add sample=5 iterations=30000 elapsed_ns=105534505 ns_per_eval=3517.817 result=DEC:124.00
EXPR_LANE_PERF tier=chunk mode=lane_cache name=decimal_add sample=6 iterations=30000 elapsed_ns=73296906 ns_per_eval=2443.230 result=DEC:124.00
EXPR_LANE_PERF tier=chunk mode=one_shot name=decimal_add sample=6 iterations=30000 elapsed_ns=105357926 ns_per_eval=3511.931 result=DEC:124.00
EXPR_LANE_PERF tier=chunk mode=one_shot name=decimal_add sample=7 iterations=30000 elapsed_ns=105387635 ns_per_eval=3512.921 result=DEC:124.00
EXPR_LANE_PERF tier=chunk mode=lane_cache name=decimal_add sample=7 iterations=30000 elapsed_ns=73107948 ns_per_eval=2436.932 result=DEC:124.00
EXPR_LANE_PERF tier=chunk mode=one_shot name=decimal_add sample=8 iterations=30000 elapsed_ns=105481375 ns_per_eval=3516.046 result=DEC:124.00
EXPR_LANE_PERF tier=chunk mode=lane_cache name=decimal_add sample=8 iterations=30000 elapsed_ns=73337116 ns_per_eval=2444.571 result=DEC:124.00
EXPR_LANE_PERF_WORKERS tier=chunk name=decimal_add count=1
EXPR_LANE_PERF tier=chunk mode=one_shot name=json_type sample=0 iterations=30000 elapsed_ns=55648409 ns_per_eval=1854.947 result=STR:OBJECT
EXPR_LANE_PERF tier=chunk mode=lane_cache name=json_type sample=0 iterations=30000 elapsed_ns=33561662 ns_per_eval=1118.722 result=STR:OBJECT
EXPR_LANE_PERF tier=chunk mode=lane_cache name=json_type sample=1 iterations=30000 elapsed_ns=33527723 ns_per_eval=1117.591 result=STR:OBJECT
EXPR_LANE_PERF tier=chunk mode=one_shot name=json_type sample=1 iterations=30000 elapsed_ns=55769549 ns_per_eval=1858.985 result=STR:OBJECT
EXPR_LANE_PERF tier=chunk mode=lane_cache name=json_type sample=2 iterations=30000 elapsed_ns=33553313 ns_per_eval=1118.444 result=STR:OBJECT
EXPR_LANE_PERF tier=chunk mode=one_shot name=json_type sample=2 iterations=30000 elapsed_ns=55677399 ns_per_eval=1855.913 result=STR:OBJECT
EXPR_LANE_PERF tier=chunk mode=one_shot name=json_type sample=3 iterations=30000 elapsed_ns=56018597 ns_per_eval=1867.287 result=STR:OBJECT
EXPR_LANE_PERF tier=chunk mode=lane_cache name=json_type sample=3 iterations=30000 elapsed_ns=33587492 ns_per_eval=1119.583 result=STR:OBJECT
EXPR_LANE_PERF tier=chunk mode=one_shot name=json_type sample=4 iterations=30000 elapsed_ns=56228547 ns_per_eval=1874.285 result=STR:OBJECT
EXPR_LANE_PERF tier=chunk mode=lane_cache name=json_type sample=4 iterations=30000 elapsed_ns=33551923 ns_per_eval=1118.397 result=STR:OBJECT
EXPR_LANE_PERF tier=chunk mode=lane_cache name=json_type sample=5 iterations=30000 elapsed_ns=33661212 ns_per_eval=1122.040 result=STR:OBJECT
EXPR_LANE_PERF tier=chunk mode=one_shot name=json_type sample=5 iterations=30000 elapsed_ns=55761319 ns_per_eval=1858.711 result=STR:OBJECT
EXPR_LANE_PERF tier=chunk mode=lane_cache name=json_type sample=6 iterations=30000 elapsed_ns=33568482 ns_per_eval=1118.949 result=STR:OBJECT
EXPR_LANE_PERF tier=chunk mode=one_shot name=json_type sample=6 iterations=30000 elapsed_ns=55684599 ns_per_eval=1856.153 result=STR:OBJECT
EXPR_LANE_PERF tier=chunk mode=one_shot name=json_type sample=7 iterations=30000 elapsed_ns=55649259 ns_per_eval=1854.975 result=STR:OBJECT
EXPR_LANE_PERF tier=chunk mode=lane_cache name=json_type sample=7 iterations=30000 elapsed_ns=33531153 ns_per_eval=1117.705 result=STR:OBJECT
EXPR_LANE_PERF tier=chunk mode=one_shot name=json_type sample=8 iterations=30000 elapsed_ns=55719999 ns_per_eval=1857.333 result=STR:OBJECT
EXPR_LANE_PERF tier=chunk mode=lane_cache name=json_type sample=8 iterations=30000 elapsed_ns=33530153 ns_per_eval=1117.672 result=STR:OBJECT
EXPR_LANE_PERF_WORKERS tier=chunk name=json_type count=1
EXPR_LANE_PERF tier=chunk mode=one_shot name=regexp_like sample=0 iterations=10000 elapsed_ns=25349102 ns_per_eval=2534.910 result=INT:1
EXPR_LANE_PERF tier=chunk mode=lane_cache name=regexp_like sample=0 iterations=10000 elapsed_ns=14556562 ns_per_eval=1455.656 result=INT:1
EXPR_LANE_PERF tier=chunk mode=lane_cache name=regexp_like sample=1 iterations=10000 elapsed_ns=14513982 ns_per_eval=1451.398 result=INT:1
EXPR_LANE_PERF tier=chunk mode=one_shot name=regexp_like sample=1 iterations=10000 elapsed_ns=25371701 ns_per_eval=2537.170 result=INT:1
EXPR_LANE_PERF tier=chunk mode=lane_cache name=regexp_like sample=2 iterations=10000 elapsed_ns=14487102 ns_per_eval=1448.710 result=INT:1
EXPR_LANE_PERF tier=chunk mode=one_shot name=regexp_like sample=2 iterations=10000 elapsed_ns=25214133 ns_per_eval=2521.413 result=INT:1
EXPR_LANE_PERF tier=chunk mode=one_shot name=regexp_like sample=3 iterations=10000 elapsed_ns=25244661 ns_per_eval=2524.466 result=INT:1
EXPR_LANE_PERF tier=chunk mode=lane_cache name=regexp_like sample=3 iterations=10000 elapsed_ns=14532432 ns_per_eval=1453.243 result=INT:1
EXPR_LANE_PERF tier=chunk mode=one_shot name=regexp_like sample=4 iterations=10000 elapsed_ns=25254762 ns_per_eval=2525.476 result=INT:1
EXPR_LANE_PERF tier=chunk mode=lane_cache name=regexp_like sample=4 iterations=10000 elapsed_ns=14573481 ns_per_eval=1457.348 result=INT:1
EXPR_LANE_PERF tier=chunk mode=lane_cache name=regexp_like sample=5 iterations=10000 elapsed_ns=14557522 ns_per_eval=1455.752 result=INT:1
EXPR_LANE_PERF tier=chunk mode=one_shot name=regexp_like sample=5 iterations=10000 elapsed_ns=25204603 ns_per_eval=2520.460 result=INT:1
EXPR_LANE_PERF tier=chunk mode=lane_cache name=regexp_like sample=6 iterations=10000 elapsed_ns=14486692 ns_per_eval=1448.669 result=INT:1
EXPR_LANE_PERF tier=chunk mode=one_shot name=regexp_like sample=6 iterations=10000 elapsed_ns=25331221 ns_per_eval=2533.122 result=INT:1
EXPR_LANE_PERF tier=chunk mode=one_shot name=regexp_like sample=7 iterations=10000 elapsed_ns=25299672 ns_per_eval=2529.967 result=INT:1
EXPR_LANE_PERF tier=chunk mode=lane_cache name=regexp_like sample=7 iterations=10000 elapsed_ns=14577871 ns_per_eval=1457.787 result=INT:1
EXPR_LANE_PERF tier=chunk mode=one_shot name=regexp_like sample=8 iterations=10000 elapsed_ns=25318512 ns_per_eval=2531.851 result=INT:1
EXPR_LANE_PERF tier=chunk mode=lane_cache name=regexp_like sample=8 iterations=10000 elapsed_ns=14513272 ns_per_eval=1451.327 result=INT:1
EXPR_LANE_PERF_WORKERS tier=chunk name=regexp_like count=1
EXPR_LANE_CALIBRATION stage=after iterations=20000000 elapsed_ns=21763787 ns_per_iter=1.088 checksum=14785134113392808001
ok

test result: ok. 1 passed; 0 failed; 0 ignored; 0 measured; 1473 filtered out; finished in 31.35s

PERF_PROCESS_RUN suite=width-one revision=frozen run=1 order_cpu=2

running 1 test
test tests::lane_cache_performance::lane_cache_release_performance_probe ... EXPR_LANE_PERF_CONFIG warmups=2000 samples=9 revision=frozen iteration_multiplier=16
EXPR_LANE_CALIBRATION stage=before iterations=20000000 elapsed_ns=21699778 ns_per_iter=1.085 checksum=14785134113392808001
EXPR_LANE_PERF tier=ast mode=frozen_native name=integer_add sample=0 iterations=3200000 elapsed_ns=103262497 ns_per_eval=32.270 result=INT:3
EXPR_LANE_PERF tier=ast mode=frozen_native name=integer_add sample=1 iterations=3200000 elapsed_ns=103378215 ns_per_eval=32.306 result=INT:3
EXPR_LANE_PERF tier=ast mode=frozen_native name=integer_add sample=2 iterations=3200000 elapsed_ns=103408786 ns_per_eval=32.315 result=INT:3
EXPR_LANE_PERF tier=ast mode=frozen_native name=integer_add sample=3 iterations=3200000 elapsed_ns=103406125 ns_per_eval=32.314 result=INT:3
EXPR_LANE_PERF tier=ast mode=frozen_native name=integer_add sample=4 iterations=3200000 elapsed_ns=103372767 ns_per_eval=32.304 result=INT:3
EXPR_LANE_PERF tier=ast mode=frozen_native name=integer_add sample=5 iterations=3200000 elapsed_ns=103368956 ns_per_eval=32.303 result=INT:3
EXPR_LANE_PERF tier=ast mode=frozen_native name=integer_add sample=6 iterations=3200000 elapsed_ns=103406456 ns_per_eval=32.315 result=INT:3
EXPR_LANE_PERF tier=ast mode=frozen_native name=integer_add sample=7 iterations=3200000 elapsed_ns=103404347 ns_per_eval=32.314 result=INT:3
EXPR_LANE_PERF tier=ast mode=frozen_native name=integer_add sample=8 iterations=3200000 elapsed_ns=103421036 ns_per_eval=32.319 result=INT:3
EXPR_LANE_PERF tier=ast mode=frozen_native name=lazy_if sample=0 iterations=1600000 elapsed_ns=148752424 ns_per_eval=92.970 result=INT:2
EXPR_LANE_PERF tier=ast mode=frozen_native name=lazy_if sample=1 iterations=1600000 elapsed_ns=148414606 ns_per_eval=92.759 result=INT:2
EXPR_LANE_PERF tier=ast mode=frozen_native name=lazy_if sample=2 iterations=1600000 elapsed_ns=148224396 ns_per_eval=92.640 result=INT:2
EXPR_LANE_PERF tier=ast mode=frozen_native name=lazy_if sample=3 iterations=1600000 elapsed_ns=148118277 ns_per_eval=92.574 result=INT:2
EXPR_LANE_PERF tier=ast mode=frozen_native name=lazy_if sample=4 iterations=1600000 elapsed_ns=148120558 ns_per_eval=92.575 result=INT:2
EXPR_LANE_PERF tier=ast mode=frozen_native name=lazy_if sample=5 iterations=1600000 elapsed_ns=148049558 ns_per_eval=92.531 result=INT:2
EXPR_LANE_PERF tier=ast mode=frozen_native name=lazy_if sample=6 iterations=1600000 elapsed_ns=148625306 ns_per_eval=92.891 result=INT:2
EXPR_LANE_PERF tier=ast mode=frozen_native name=lazy_if sample=7 iterations=1600000 elapsed_ns=148241156 ns_per_eval=92.651 result=INT:2
EXPR_LANE_PERF tier=ast mode=frozen_native name=lazy_if sample=8 iterations=1600000 elapsed_ns=148052299 ns_per_eval=92.533 result=INT:2
EXPR_LANE_PERF tier=ast mode=frozen_native name=strcmp sample=0 iterations=800000 elapsed_ns=130759709 ns_per_eval=163.450 result=INT:-1
EXPR_LANE_PERF tier=ast mode=frozen_native name=strcmp sample=1 iterations=800000 elapsed_ns=130690709 ns_per_eval=163.363 result=INT:-1
EXPR_LANE_PERF tier=ast mode=frozen_native name=strcmp sample=2 iterations=800000 elapsed_ns=130842979 ns_per_eval=163.554 result=INT:-1
EXPR_LANE_PERF tier=ast mode=frozen_native name=strcmp sample=3 iterations=800000 elapsed_ns=130407552 ns_per_eval=163.009 result=INT:-1
EXPR_LANE_PERF tier=ast mode=frozen_native name=strcmp sample=4 iterations=800000 elapsed_ns=130384170 ns_per_eval=162.980 result=INT:-1
EXPR_LANE_PERF tier=ast mode=frozen_native name=strcmp sample=5 iterations=800000 elapsed_ns=130352142 ns_per_eval=162.940 result=INT:-1
EXPR_LANE_PERF tier=ast mode=frozen_native name=strcmp sample=6 iterations=800000 elapsed_ns=130681330 ns_per_eval=163.352 result=INT:-1
EXPR_LANE_PERF tier=ast mode=frozen_native name=strcmp sample=7 iterations=800000 elapsed_ns=130723610 ns_per_eval=163.405 result=INT:-1
EXPR_LANE_PERF tier=ast mode=frozen_native name=strcmp sample=8 iterations=800000 elapsed_ns=130814909 ns_per_eval=163.519 result=INT:-1
EXPR_LANE_PERF tier=ast mode=frozen_native name=decimal_add sample=0 iterations=480000 elapsed_ns=161083619 ns_per_eval=335.591 result=DEC:124.00
EXPR_LANE_PERF tier=ast mode=frozen_native name=decimal_add sample=1 iterations=480000 elapsed_ns=160027914 ns_per_eval=333.391 result=DEC:124.00
EXPR_LANE_PERF tier=ast mode=frozen_native name=decimal_add sample=2 iterations=480000 elapsed_ns=160918629 ns_per_eval=335.247 result=DEC:124.00
EXPR_LANE_PERF tier=ast mode=frozen_native name=decimal_add sample=3 iterations=480000 elapsed_ns=160309262 ns_per_eval=333.978 result=DEC:124.00
EXPR_LANE_PERF tier=ast mode=frozen_native name=decimal_add sample=4 iterations=480000 elapsed_ns=161757375 ns_per_eval=336.995 result=DEC:124.00
EXPR_LANE_PERF tier=ast mode=frozen_native name=decimal_add sample=5 iterations=480000 elapsed_ns=160299923 ns_per_eval=333.958 result=DEC:124.00
EXPR_LANE_PERF tier=ast mode=frozen_native name=decimal_add sample=6 iterations=480000 elapsed_ns=160305072 ns_per_eval=333.969 result=DEC:124.00
EXPR_LANE_PERF tier=ast mode=frozen_native name=decimal_add sample=7 iterations=480000 elapsed_ns=159996955 ns_per_eval=333.327 result=DEC:124.00
EXPR_LANE_PERF tier=ast mode=frozen_native name=decimal_add sample=8 iterations=480000 elapsed_ns=159848625 ns_per_eval=333.018 result=DEC:124.00
EXPR_LANE_PERF tier=ast mode=frozen_native name=json_type sample=0 iterations=480000 elapsed_ns=111138241 ns_per_eval=231.538 result=STR:OBJECT
EXPR_LANE_PERF tier=ast mode=frozen_native name=json_type sample=1 iterations=480000 elapsed_ns=111262502 ns_per_eval=231.797 result=STR:OBJECT
EXPR_LANE_PERF tier=ast mode=frozen_native name=json_type sample=2 iterations=480000 elapsed_ns=111305971 ns_per_eval=231.887 result=STR:OBJECT
EXPR_LANE_PERF tier=ast mode=frozen_native name=json_type sample=3 iterations=480000 elapsed_ns=111868279 ns_per_eval=233.059 result=STR:OBJECT
EXPR_LANE_PERF tier=ast mode=frozen_native name=json_type sample=4 iterations=480000 elapsed_ns=111354251 ns_per_eval=231.988 result=STR:OBJECT
EXPR_LANE_PERF tier=ast mode=frozen_native name=json_type sample=5 iterations=480000 elapsed_ns=111008183 ns_per_eval=231.267 result=STR:OBJECT
EXPR_LANE_PERF tier=ast mode=frozen_native name=json_type sample=6 iterations=480000 elapsed_ns=110810764 ns_per_eval=230.856 result=STR:OBJECT
EXPR_LANE_PERF tier=ast mode=frozen_native name=json_type sample=7 iterations=480000 elapsed_ns=110854114 ns_per_eval=230.946 result=STR:OBJECT
EXPR_LANE_PERF tier=ast mode=frozen_native name=json_type sample=8 iterations=480000 elapsed_ns=110849124 ns_per_eval=230.936 result=STR:OBJECT
EXPR_LANE_PERF tier=ast mode=frozen_native name=regexp_like sample=0 iterations=160000 elapsed_ns=1219171858 ns_per_eval=7619.824 result=INT:1
EXPR_LANE_PERF tier=ast mode=frozen_native name=regexp_like sample=1 iterations=160000 elapsed_ns=1221765532 ns_per_eval=7636.035 result=INT:1
EXPR_LANE_PERF tier=ast mode=frozen_native name=regexp_like sample=2 iterations=160000 elapsed_ns=1220046527 ns_per_eval=7625.291 result=INT:1
EXPR_LANE_PERF tier=ast mode=frozen_native name=regexp_like sample=3 iterations=160000 elapsed_ns=1221681067 ns_per_eval=7635.507 result=INT:1
EXPR_LANE_PERF tier=ast mode=frozen_native name=regexp_like sample=4 iterations=160000 elapsed_ns=1228818770 ns_per_eval=7680.117 result=INT:1
EXPR_LANE_PERF tier=ast mode=frozen_native name=regexp_like sample=5 iterations=160000 elapsed_ns=1223826920 ns_per_eval=7648.918 result=INT:1
EXPR_LANE_PERF tier=ast mode=frozen_native name=regexp_like sample=6 iterations=160000 elapsed_ns=1217441716 ns_per_eval=7609.011 result=INT:1
EXPR_LANE_PERF tier=ast mode=frozen_native name=regexp_like sample=7 iterations=160000 elapsed_ns=1217349503 ns_per_eval=7608.434 result=INT:1
EXPR_LANE_PERF tier=ast mode=frozen_native name=regexp_like sample=8 iterations=160000 elapsed_ns=1218200146 ns_per_eval=7613.751 result=INT:1
EXPR_LANE_PERF tier=chunk mode=frozen_native name=integer_add sample=0 iterations=3200000 elapsed_ns=294898172 ns_per_eval=92.156 result=INT:3
EXPR_LANE_PERF tier=chunk mode=frozen_native name=integer_add sample=1 iterations=3200000 elapsed_ns=294994162 ns_per_eval=92.186 result=INT:3
EXPR_LANE_PERF tier=chunk mode=frozen_native name=integer_add sample=2 iterations=3200000 elapsed_ns=294921493 ns_per_eval=92.163 result=INT:3
EXPR_LANE_PERF tier=chunk mode=frozen_native name=integer_add sample=3 iterations=3200000 elapsed_ns=294844283 ns_per_eval=92.139 result=INT:3
EXPR_LANE_PERF tier=chunk mode=frozen_native name=integer_add sample=4 iterations=3200000 elapsed_ns=295028692 ns_per_eval=92.196 result=INT:3
EXPR_LANE_PERF tier=chunk mode=frozen_native name=integer_add sample=5 iterations=3200000 elapsed_ns=294983115 ns_per_eval=92.182 result=INT:3
EXPR_LANE_PERF tier=chunk mode=frozen_native name=integer_add sample=6 iterations=3200000 elapsed_ns=294883854 ns_per_eval=92.151 result=INT:3
EXPR_LANE_PERF tier=chunk mode=frozen_native name=integer_add sample=7 iterations=3200000 elapsed_ns=295819280 ns_per_eval=92.444 result=INT:3
EXPR_LANE_PERF tier=chunk mode=frozen_native name=integer_add sample=8 iterations=3200000 elapsed_ns=295000655 ns_per_eval=92.188 result=INT:3
EXPR_LANE_PERF tier=chunk mode=frozen_native name=lazy_if sample=0 iterations=1600000 elapsed_ns=69626050 ns_per_eval=43.516 result=INT:2
EXPR_LANE_PERF tier=chunk mode=frozen_native name=lazy_if sample=1 iterations=1600000 elapsed_ns=69587391 ns_per_eval=43.492 result=INT:2
EXPR_LANE_PERF tier=chunk mode=frozen_native name=lazy_if sample=2 iterations=1600000 elapsed_ns=69589081 ns_per_eval=43.493 result=INT:2
EXPR_LANE_PERF tier=chunk mode=frozen_native name=lazy_if sample=3 iterations=1600000 elapsed_ns=69539390 ns_per_eval=43.462 result=INT:2
EXPR_LANE_PERF tier=chunk mode=frozen_native name=lazy_if sample=4 iterations=1600000 elapsed_ns=69523231 ns_per_eval=43.452 result=INT:2
EXPR_LANE_PERF tier=chunk mode=frozen_native name=lazy_if sample=5 iterations=1600000 elapsed_ns=69585731 ns_per_eval=43.491 result=INT:2
EXPR_LANE_PERF tier=chunk mode=frozen_native name=lazy_if sample=6 iterations=1600000 elapsed_ns=69554010 ns_per_eval=43.471 result=INT:2
EXPR_LANE_PERF tier=chunk mode=frozen_native name=lazy_if sample=7 iterations=1600000 elapsed_ns=69637440 ns_per_eval=43.523 result=INT:2
EXPR_LANE_PERF tier=chunk mode=frozen_native name=lazy_if sample=8 iterations=1600000 elapsed_ns=69608630 ns_per_eval=43.505 result=INT:2
EXPR_LANE_PERF tier=chunk mode=frozen_native name=strcmp sample=0 iterations=800000 elapsed_ns=60665651 ns_per_eval=75.832 result=INT:-1
EXPR_LANE_PERF tier=chunk mode=frozen_native name=strcmp sample=1 iterations=800000 elapsed_ns=61718576 ns_per_eval=77.148 result=INT:-1
EXPR_LANE_PERF tier=chunk mode=frozen_native name=strcmp sample=2 iterations=800000 elapsed_ns=60821271 ns_per_eval=76.027 result=INT:-1
EXPR_LANE_PERF tier=chunk mode=frozen_native name=strcmp sample=3 iterations=800000 elapsed_ns=60810561 ns_per_eval=76.013 result=INT:-1
EXPR_LANE_PERF tier=chunk mode=frozen_native name=strcmp sample=4 iterations=800000 elapsed_ns=60841500 ns_per_eval=76.052 result=INT:-1
EXPR_LANE_PERF tier=chunk mode=frozen_native name=strcmp sample=5 iterations=800000 elapsed_ns=60889471 ns_per_eval=76.112 result=INT:-1
EXPR_LANE_PERF tier=chunk mode=frozen_native name=strcmp sample=6 iterations=800000 elapsed_ns=60957301 ns_per_eval=76.197 result=INT:-1
EXPR_LANE_PERF tier=chunk mode=frozen_native name=strcmp sample=7 iterations=800000 elapsed_ns=60930840 ns_per_eval=76.164 result=INT:-1
EXPR_LANE_PERF tier=chunk mode=frozen_native name=strcmp sample=8 iterations=800000 elapsed_ns=60980541 ns_per_eval=76.226 result=INT:-1
EXPR_LANE_PERF tier=chunk mode=frozen_native name=decimal_add sample=0 iterations=480000 elapsed_ns=227234498 ns_per_eval=473.405 result=DEC:124.00
EXPR_LANE_PERF tier=chunk mode=frozen_native name=decimal_add sample=1 iterations=480000 elapsed_ns=235014651 ns_per_eval=489.614 result=DEC:124.00
EXPR_LANE_PERF tier=chunk mode=frozen_native name=decimal_add sample=2 iterations=480000 elapsed_ns=236796884 ns_per_eval=493.327 result=DEC:124.00
EXPR_LANE_PERF tier=chunk mode=frozen_native name=decimal_add sample=3 iterations=480000 elapsed_ns=234410355 ns_per_eval=488.355 result=DEC:124.00
EXPR_LANE_PERF tier=chunk mode=frozen_native name=decimal_add sample=4 iterations=480000 elapsed_ns=236928025 ns_per_eval=493.600 result=DEC:124.00
EXPR_LANE_PERF tier=chunk mode=frozen_native name=decimal_add sample=5 iterations=480000 elapsed_ns=236400676 ns_per_eval=492.501 result=DEC:124.00
EXPR_LANE_PERF tier=chunk mode=frozen_native name=decimal_add sample=6 iterations=480000 elapsed_ns=237308943 ns_per_eval=494.394 result=DEC:124.00
EXPR_LANE_PERF tier=chunk mode=frozen_native name=decimal_add sample=7 iterations=480000 elapsed_ns=236728855 ns_per_eval=493.185 result=DEC:124.00
EXPR_LANE_PERF tier=chunk mode=frozen_native name=decimal_add sample=8 iterations=480000 elapsed_ns=236562867 ns_per_eval=492.839 result=DEC:124.00
EXPR_LANE_PERF tier=chunk mode=frozen_native name=json_type sample=0 iterations=480000 elapsed_ns=101579975 ns_per_eval=211.625 result=STR:OBJECT
EXPR_LANE_PERF tier=chunk mode=frozen_native name=json_type sample=1 iterations=480000 elapsed_ns=101684904 ns_per_eval=211.844 result=STR:OBJECT
EXPR_LANE_PERF tier=chunk mode=frozen_native name=json_type sample=2 iterations=480000 elapsed_ns=101768134 ns_per_eval=212.017 result=STR:OBJECT
EXPR_LANE_PERF tier=chunk mode=frozen_native name=json_type sample=3 iterations=480000 elapsed_ns=101771364 ns_per_eval=212.024 result=STR:OBJECT
EXPR_LANE_PERF tier=chunk mode=frozen_native name=json_type sample=4 iterations=480000 elapsed_ns=101817184 ns_per_eval=212.119 result=STR:OBJECT
EXPR_LANE_PERF tier=chunk mode=frozen_native name=json_type sample=5 iterations=480000 elapsed_ns=101732974 ns_per_eval=211.944 result=STR:OBJECT
EXPR_LANE_PERF tier=chunk mode=frozen_native name=json_type sample=6 iterations=480000 elapsed_ns=101714045 ns_per_eval=211.904 result=STR:OBJECT
EXPR_LANE_PERF tier=chunk mode=frozen_native name=json_type sample=7 iterations=480000 elapsed_ns=101742064 ns_per_eval=211.963 result=STR:OBJECT
EXPR_LANE_PERF tier=chunk mode=frozen_native name=json_type sample=8 iterations=480000 elapsed_ns=101668705 ns_per_eval=211.810 result=STR:OBJECT
EXPR_LANE_PERF tier=chunk mode=frozen_native name=regexp_like sample=0 iterations=160000 elapsed_ns=38557913 ns_per_eval=240.987 result=INT:1
EXPR_LANE_PERF tier=chunk mode=frozen_native name=regexp_like sample=1 iterations=160000 elapsed_ns=38594514 ns_per_eval=241.216 result=INT:1
EXPR_LANE_PERF tier=chunk mode=frozen_native name=regexp_like sample=2 iterations=160000 elapsed_ns=38639523 ns_per_eval=241.497 result=INT:1
EXPR_LANE_PERF tier=chunk mode=frozen_native name=regexp_like sample=3 iterations=160000 elapsed_ns=38493884 ns_per_eval=240.587 result=INT:1
EXPR_LANE_PERF tier=chunk mode=frozen_native name=regexp_like sample=4 iterations=160000 elapsed_ns=38554564 ns_per_eval=240.966 result=INT:1
EXPR_LANE_PERF tier=chunk mode=frozen_native name=regexp_like sample=5 iterations=160000 elapsed_ns=38456974 ns_per_eval=240.356 result=INT:1
EXPR_LANE_PERF tier=chunk mode=frozen_native name=regexp_like sample=6 iterations=160000 elapsed_ns=38476714 ns_per_eval=240.479 result=INT:1
EXPR_LANE_PERF tier=chunk mode=frozen_native name=regexp_like sample=7 iterations=160000 elapsed_ns=38409584 ns_per_eval=240.060 result=INT:1
EXPR_LANE_PERF tier=chunk mode=frozen_native name=regexp_like sample=8 iterations=160000 elapsed_ns=38530714 ns_per_eval=240.817 result=INT:1
EXPR_LANE_CALIBRATION stage=after iterations=20000000 elapsed_ns=21735520 ns_per_iter=1.087 checksum=14785134113392808001
ok

test result: ok. 1 passed; 0 failed; 0 ignored; 0 measured; 1324 filtered out; finished in 24.15s

PERF_PROCESS_RUN suite=width-one revision=frozen run=2 order_cpu=2

running 1 test
test tests::lane_cache_performance::lane_cache_release_performance_probe ... EXPR_LANE_PERF_CONFIG warmups=2000 samples=9 revision=frozen iteration_multiplier=16
EXPR_LANE_CALIBRATION stage=before iterations=20000000 elapsed_ns=21714131 ns_per_iter=1.086 checksum=14785134113392808001
EXPR_LANE_PERF tier=ast mode=frozen_native name=integer_add sample=0 iterations=3200000 elapsed_ns=103478316 ns_per_eval=32.337 result=INT:3
EXPR_LANE_PERF tier=ast mode=frozen_native name=integer_add sample=1 iterations=3200000 elapsed_ns=103466087 ns_per_eval=32.333 result=INT:3
EXPR_LANE_PERF tier=ast mode=frozen_native name=integer_add sample=2 iterations=3200000 elapsed_ns=103530577 ns_per_eval=32.353 result=INT:3
EXPR_LANE_PERF tier=ast mode=frozen_native name=integer_add sample=3 iterations=3200000 elapsed_ns=103509867 ns_per_eval=32.347 result=INT:3
EXPR_LANE_PERF tier=ast mode=frozen_native name=integer_add sample=4 iterations=3200000 elapsed_ns=103548227 ns_per_eval=32.359 result=INT:3
EXPR_LANE_PERF tier=ast mode=frozen_native name=integer_add sample=5 iterations=3200000 elapsed_ns=104929530 ns_per_eval=32.790 result=INT:3
EXPR_LANE_PERF tier=ast mode=frozen_native name=integer_add sample=6 iterations=3200000 elapsed_ns=105730427 ns_per_eval=33.041 result=INT:3
EXPR_LANE_PERF tier=ast mode=frozen_native name=integer_add sample=7 iterations=3200000 elapsed_ns=105914246 ns_per_eval=33.098 result=INT:3
EXPR_LANE_PERF tier=ast mode=frozen_native name=integer_add sample=8 iterations=3200000 elapsed_ns=107979557 ns_per_eval=33.744 result=INT:3
EXPR_LANE_PERF tier=ast mode=frozen_native name=lazy_if sample=0 iterations=1600000 elapsed_ns=154473735 ns_per_eval=96.546 result=INT:2
EXPR_LANE_PERF tier=ast mode=frozen_native name=lazy_if sample=1 iterations=1600000 elapsed_ns=154391273 ns_per_eval=96.495 result=INT:2
EXPR_LANE_PERF tier=ast mode=frozen_native name=lazy_if sample=2 iterations=1600000 elapsed_ns=155829749 ns_per_eval=97.394 result=INT:2
EXPR_LANE_PERF tier=ast mode=frozen_native name=lazy_if sample=3 iterations=1600000 elapsed_ns=153900098 ns_per_eval=96.188 result=INT:2
EXPR_LANE_PERF tier=ast mode=frozen_native name=lazy_if sample=4 iterations=1600000 elapsed_ns=154180145 ns_per_eval=96.363 result=INT:2
EXPR_LANE_PERF tier=ast mode=frozen_native name=lazy_if sample=5 iterations=1600000 elapsed_ns=150473733 ns_per_eval=94.046 result=INT:2
EXPR_LANE_PERF tier=ast mode=frozen_native name=lazy_if sample=6 iterations=1600000 elapsed_ns=148524863 ns_per_eval=92.828 result=INT:2
EXPR_LANE_PERF tier=ast mode=frozen_native name=lazy_if sample=7 iterations=1600000 elapsed_ns=148519251 ns_per_eval=92.825 result=INT:2
EXPR_LANE_PERF tier=ast mode=frozen_native name=lazy_if sample=8 iterations=1600000 elapsed_ns=148128564 ns_per_eval=92.580 result=INT:2
EXPR_LANE_PERF tier=ast mode=frozen_native name=strcmp sample=0 iterations=800000 elapsed_ns=132329567 ns_per_eval=165.412 result=INT:-1
EXPR_LANE_PERF tier=ast mode=frozen_native name=strcmp sample=1 iterations=800000 elapsed_ns=132850834 ns_per_eval=166.064 result=INT:-1
EXPR_LANE_PERF tier=ast mode=frozen_native name=strcmp sample=2 iterations=800000 elapsed_ns=132292117 ns_per_eval=165.365 result=INT:-1
EXPR_LANE_PERF tier=ast mode=frozen_native name=strcmp sample=3 iterations=800000 elapsed_ns=132216926 ns_per_eval=165.271 result=INT:-1
EXPR_LANE_PERF tier=ast mode=frozen_native name=strcmp sample=4 iterations=800000 elapsed_ns=132253587 ns_per_eval=165.317 result=INT:-1
EXPR_LANE_PERF tier=ast mode=frozen_native name=strcmp sample=5 iterations=800000 elapsed_ns=132310647 ns_per_eval=165.388 result=INT:-1
EXPR_LANE_PERF tier=ast mode=frozen_native name=strcmp sample=6 iterations=800000 elapsed_ns=132558096 ns_per_eval=165.698 result=INT:-1
EXPR_LANE_PERF tier=ast mode=frozen_native name=strcmp sample=7 iterations=800000 elapsed_ns=132486936 ns_per_eval=165.609 result=INT:-1
EXPR_LANE_PERF tier=ast mode=frozen_native name=strcmp sample=8 iterations=800000 elapsed_ns=132359127 ns_per_eval=165.449 result=INT:-1
EXPR_LANE_PERF tier=ast mode=frozen_native name=decimal_add sample=0 iterations=480000 elapsed_ns=161488234 ns_per_eval=336.434 result=DEC:124.00
EXPR_LANE_PERF tier=ast mode=frozen_native name=decimal_add sample=1 iterations=480000 elapsed_ns=161227196 ns_per_eval=335.890 result=DEC:124.00
EXPR_LANE_PERF tier=ast mode=frozen_native name=decimal_add sample=2 iterations=480000 elapsed_ns=160960106 ns_per_eval=335.334 result=DEC:124.00
EXPR_LANE_PERF tier=ast mode=frozen_native name=decimal_add sample=3 iterations=480000 elapsed_ns=161415984 ns_per_eval=336.283 result=DEC:124.00
EXPR_LANE_PERF tier=ast mode=frozen_native name=decimal_add sample=4 iterations=480000 elapsed_ns=161658304 ns_per_eval=336.788 result=DEC:124.00
EXPR_LANE_PERF tier=ast mode=frozen_native name=decimal_add sample=5 iterations=480000 elapsed_ns=161551464 ns_per_eval=336.566 result=DEC:124.00
EXPR_LANE_PERF tier=ast mode=frozen_native name=decimal_add sample=6 iterations=480000 elapsed_ns=160963218 ns_per_eval=335.340 result=DEC:124.00
EXPR_LANE_PERF tier=ast mode=frozen_native name=decimal_add sample=7 iterations=480000 elapsed_ns=161286205 ns_per_eval=336.013 result=DEC:124.00
EXPR_LANE_PERF tier=ast mode=frozen_native name=decimal_add sample=8 iterations=480000 elapsed_ns=161103737 ns_per_eval=335.633 result=DEC:124.00
EXPR_LANE_PERF tier=ast mode=frozen_native name=json_type sample=0 iterations=480000 elapsed_ns=108806304 ns_per_eval=226.680 result=STR:OBJECT
EXPR_LANE_PERF tier=ast mode=frozen_native name=json_type sample=1 iterations=480000 elapsed_ns=108833605 ns_per_eval=226.737 result=STR:OBJECT
EXPR_LANE_PERF tier=ast mode=frozen_native name=json_type sample=2 iterations=480000 elapsed_ns=108800744 ns_per_eval=226.668 result=STR:OBJECT
EXPR_LANE_PERF tier=ast mode=frozen_native name=json_type sample=3 iterations=480000 elapsed_ns=108884875 ns_per_eval=226.843 result=STR:OBJECT
EXPR_LANE_PERF tier=ast mode=frozen_native name=json_type sample=4 iterations=480000 elapsed_ns=108860985 ns_per_eval=226.794 result=STR:OBJECT
EXPR_LANE_PERF tier=ast mode=frozen_native name=json_type sample=5 iterations=480000 elapsed_ns=108750036 ns_per_eval=226.563 result=STR:OBJECT
EXPR_LANE_PERF tier=ast mode=frozen_native name=json_type sample=6 iterations=480000 elapsed_ns=108722265 ns_per_eval=226.505 result=STR:OBJECT
EXPR_LANE_PERF tier=ast mode=frozen_native name=json_type sample=7 iterations=480000 elapsed_ns=108908965 ns_per_eval=226.894 result=STR:OBJECT
EXPR_LANE_PERF tier=ast mode=frozen_native name=json_type sample=8 iterations=480000 elapsed_ns=109113483 ns_per_eval=227.320 result=STR:OBJECT
EXPR_LANE_PERF tier=ast mode=frozen_native name=regexp_like sample=0 iterations=160000 elapsed_ns=1220854591 ns_per_eval=7630.341 result=INT:1
EXPR_LANE_PERF tier=ast mode=frozen_native name=regexp_like sample=1 iterations=160000 elapsed_ns=1215302925 ns_per_eval=7595.643 result=INT:1
EXPR_LANE_PERF tier=ast mode=frozen_native name=regexp_like sample=2 iterations=160000 elapsed_ns=1217706449 ns_per_eval=7610.665 result=INT:1
EXPR_LANE_PERF tier=ast mode=frozen_native name=regexp_like sample=3 iterations=160000 elapsed_ns=1217415987 ns_per_eval=7608.850 result=INT:1
EXPR_LANE_PERF tier=ast mode=frozen_native name=regexp_like sample=4 iterations=160000 elapsed_ns=1218085540 ns_per_eval=7613.035 result=INT:1
EXPR_LANE_PERF tier=ast mode=frozen_native name=regexp_like sample=5 iterations=160000 elapsed_ns=1217871458 ns_per_eval=7611.697 result=INT:1
EXPR_LANE_PERF tier=ast mode=frozen_native name=regexp_like sample=6 iterations=160000 elapsed_ns=1219043899 ns_per_eval=7619.024 result=INT:1
EXPR_LANE_PERF tier=ast mode=frozen_native name=regexp_like sample=7 iterations=160000 elapsed_ns=1215184732 ns_per_eval=7594.905 result=INT:1
EXPR_LANE_PERF tier=ast mode=frozen_native name=regexp_like sample=8 iterations=160000 elapsed_ns=1217065151 ns_per_eval=7606.657 result=INT:1
EXPR_LANE_PERF tier=chunk mode=frozen_native name=integer_add sample=0 iterations=3200000 elapsed_ns=296705985 ns_per_eval=92.721 result=INT:3
EXPR_LANE_PERF tier=chunk mode=frozen_native name=integer_add sample=1 iterations=3200000 elapsed_ns=297348492 ns_per_eval=92.921 result=INT:3
EXPR_LANE_PERF tier=chunk mode=frozen_native name=integer_add sample=2 iterations=3200000 elapsed_ns=298339889 ns_per_eval=93.231 result=INT:3
EXPR_LANE_PERF tier=chunk mode=frozen_native name=integer_add sample=3 iterations=3200000 elapsed_ns=297767741 ns_per_eval=93.052 result=INT:3
EXPR_LANE_PERF tier=chunk mode=frozen_native name=integer_add sample=4 iterations=3200000 elapsed_ns=296708037 ns_per_eval=92.721 result=INT:3
EXPR_LANE_PERF tier=chunk mode=frozen_native name=integer_add sample=5 iterations=3200000 elapsed_ns=295250664 ns_per_eval=92.266 result=INT:3
EXPR_LANE_PERF tier=chunk mode=frozen_native name=integer_add sample=6 iterations=3200000 elapsed_ns=295787221 ns_per_eval=92.434 result=INT:3
EXPR_LANE_PERF tier=chunk mode=frozen_native name=integer_add sample=7 iterations=3200000 elapsed_ns=295921981 ns_per_eval=92.476 result=INT:3
EXPR_LANE_PERF tier=chunk mode=frozen_native name=integer_add sample=8 iterations=3200000 elapsed_ns=295248545 ns_per_eval=92.265 result=INT:3
EXPR_LANE_PERF tier=chunk mode=frozen_native name=lazy_if sample=0 iterations=1600000 elapsed_ns=69842247 ns_per_eval=43.651 result=INT:2
EXPR_LANE_PERF tier=chunk mode=frozen_native name=lazy_if sample=1 iterations=1600000 elapsed_ns=69776496 ns_per_eval=43.610 result=INT:2
EXPR_LANE_PERF tier=chunk mode=frozen_native name=lazy_if sample=2 iterations=1600000 elapsed_ns=69822737 ns_per_eval=43.639 result=INT:2
EXPR_LANE_PERF tier=chunk mode=frozen_native name=lazy_if sample=3 iterations=1600000 elapsed_ns=69810927 ns_per_eval=43.632 result=INT:2
EXPR_LANE_PERF tier=chunk mode=frozen_native name=lazy_if sample=4 iterations=1600000 elapsed_ns=69800927 ns_per_eval=43.626 result=INT:2
EXPR_LANE_PERF tier=chunk mode=frozen_native name=lazy_if sample=5 iterations=1600000 elapsed_ns=69815277 ns_per_eval=43.635 result=INT:2
EXPR_LANE_PERF tier=chunk mode=frozen_native name=lazy_if sample=6 iterations=1600000 elapsed_ns=69818166 ns_per_eval=43.636 result=INT:2
EXPR_LANE_PERF tier=chunk mode=frozen_native name=lazy_if sample=7 iterations=1600000 elapsed_ns=70367064 ns_per_eval=43.979 result=INT:2
EXPR_LANE_PERF tier=chunk mode=frozen_native name=lazy_if sample=8 iterations=1600000 elapsed_ns=69823467 ns_per_eval=43.640 result=INT:2
EXPR_LANE_PERF tier=chunk mode=frozen_native name=strcmp sample=0 iterations=800000 elapsed_ns=61681983 ns_per_eval=77.102 result=INT:-1
EXPR_LANE_PERF tier=chunk mode=frozen_native name=strcmp sample=1 iterations=800000 elapsed_ns=61585834 ns_per_eval=76.982 result=INT:-1
EXPR_LANE_PERF tier=chunk mode=frozen_native name=strcmp sample=2 iterations=800000 elapsed_ns=61620204 ns_per_eval=77.025 result=INT:-1
EXPR_LANE_PERF tier=chunk mode=frozen_native name=strcmp sample=3 iterations=800000 elapsed_ns=61720503 ns_per_eval=77.151 result=INT:-1
EXPR_LANE_PERF tier=chunk mode=frozen_native name=strcmp sample=4 iterations=800000 elapsed_ns=61608974 ns_per_eval=77.011 result=INT:-1
EXPR_LANE_PERF tier=chunk mode=frozen_native name=strcmp sample=5 iterations=800000 elapsed_ns=61567084 ns_per_eval=76.959 result=INT:-1
EXPR_LANE_PERF tier=chunk mode=frozen_native name=strcmp sample=6 iterations=800000 elapsed_ns=61749003 ns_per_eval=77.186 result=INT:-1
EXPR_LANE_PERF tier=chunk mode=frozen_native name=strcmp sample=7 iterations=800000 elapsed_ns=62248351 ns_per_eval=77.810 result=INT:-1
EXPR_LANE_PERF tier=chunk mode=frozen_native name=strcmp sample=8 iterations=800000 elapsed_ns=61669093 ns_per_eval=77.086 result=INT:-1
EXPR_LANE_PERF tier=chunk mode=frozen_native name=decimal_add sample=0 iterations=480000 elapsed_ns=231211573 ns_per_eval=481.691 result=DEC:124.00
EXPR_LANE_PERF tier=chunk mode=frozen_native name=decimal_add sample=1 iterations=480000 elapsed_ns=236292461 ns_per_eval=492.276 result=DEC:124.00
EXPR_LANE_PERF tier=chunk mode=frozen_native name=decimal_add sample=2 iterations=480000 elapsed_ns=263668109 ns_per_eval=549.309 result=DEC:124.00
EXPR_LANE_PERF tier=chunk mode=frozen_native name=decimal_add sample=3 iterations=480000 elapsed_ns=292241931 ns_per_eval=608.837 result=DEC:124.00
EXPR_LANE_PERF tier=chunk mode=frozen_native name=decimal_add sample=4 iterations=480000 elapsed_ns=270820877 ns_per_eval=564.210 result=DEC:124.00
EXPR_LANE_PERF tier=chunk mode=frozen_native name=decimal_add sample=5 iterations=480000 elapsed_ns=290920267 ns_per_eval=606.084 result=DEC:124.00
EXPR_LANE_PERF tier=chunk mode=frozen_native name=decimal_add sample=6 iterations=480000 elapsed_ns=291195357 ns_per_eval=606.657 result=DEC:124.00
EXPR_LANE_PERF tier=chunk mode=frozen_native name=decimal_add sample=7 iterations=480000 elapsed_ns=288187841 ns_per_eval=600.391 result=DEC:124.00
EXPR_LANE_PERF tier=chunk mode=frozen_native name=decimal_add sample=8 iterations=480000 elapsed_ns=267222524 ns_per_eval=556.714 result=DEC:124.00
EXPR_LANE_PERF tier=chunk mode=frozen_native name=json_type sample=0 iterations=480000 elapsed_ns=107438069 ns_per_eval=223.829 result=STR:OBJECT
EXPR_LANE_PERF tier=chunk mode=frozen_native name=json_type sample=1 iterations=480000 elapsed_ns=103375578 ns_per_eval=215.366 result=STR:OBJECT
EXPR_LANE_PERF tier=chunk mode=frozen_native name=json_type sample=2 iterations=480000 elapsed_ns=103554447 ns_per_eval=215.738 result=STR:OBJECT
EXPR_LANE_PERF tier=chunk mode=frozen_native name=json_type sample=3 iterations=480000 elapsed_ns=103503277 ns_per_eval=215.632 result=STR:OBJECT
EXPR_LANE_PERF tier=chunk mode=frozen_native name=json_type sample=4 iterations=480000 elapsed_ns=103624877 ns_per_eval=215.885 result=STR:OBJECT
EXPR_LANE_PERF tier=chunk mode=frozen_native name=json_type sample=5 iterations=480000 elapsed_ns=103817366 ns_per_eval=216.286 result=STR:OBJECT
EXPR_LANE_PERF tier=chunk mode=frozen_native name=json_type sample=6 iterations=480000 elapsed_ns=103687356 ns_per_eval=216.015 result=STR:OBJECT
EXPR_LANE_PERF tier=chunk mode=frozen_native name=json_type sample=7 iterations=480000 elapsed_ns=102992090 ns_per_eval=214.567 result=STR:OBJECT
EXPR_LANE_PERF tier=chunk mode=frozen_native name=json_type sample=8 iterations=480000 elapsed_ns=100817059 ns_per_eval=210.036 result=STR:OBJECT
EXPR_LANE_PERF tier=chunk mode=frozen_native name=regexp_like sample=0 iterations=160000 elapsed_ns=38156719 ns_per_eval=238.479 result=INT:1
EXPR_LANE_PERF tier=chunk mode=frozen_native name=regexp_like sample=1 iterations=160000 elapsed_ns=38084879 ns_per_eval=238.030 result=INT:1
EXPR_LANE_PERF tier=chunk mode=frozen_native name=regexp_like sample=2 iterations=160000 elapsed_ns=38118910 ns_per_eval=238.243 result=INT:1
EXPR_LANE_PERF tier=chunk mode=frozen_native name=regexp_like sample=3 iterations=160000 elapsed_ns=38014490 ns_per_eval=237.591 result=INT:1
EXPR_LANE_PERF tier=chunk mode=frozen_native name=regexp_like sample=4 iterations=160000 elapsed_ns=38104200 ns_per_eval=238.151 result=INT:1
EXPR_LANE_PERF tier=chunk mode=frozen_native name=regexp_like sample=5 iterations=160000 elapsed_ns=38155400 ns_per_eval=238.471 result=INT:1
EXPR_LANE_PERF tier=chunk mode=frozen_native name=regexp_like sample=6 iterations=160000 elapsed_ns=38947616 ns_per_eval=243.423 result=INT:1
EXPR_LANE_PERF tier=chunk mode=frozen_native name=regexp_like sample=7 iterations=160000 elapsed_ns=39224235 ns_per_eval=245.151 result=INT:1
EXPR_LANE_PERF tier=chunk mode=frozen_native name=regexp_like sample=8 iterations=160000 elapsed_ns=38743366 ns_per_eval=242.146 result=INT:1
EXPR_LANE_CALIBRATION stage=after iterations=20000000 elapsed_ns=21757073 ns_per_iter=1.088 checksum=14785134113392808001
ok

test result: ok. 1 passed; 0 failed; 0 ignored; 0 measured; 1324 filtered out; finished in 24.52s

PERF_PROCESS_RUN suite=width-one revision=current run=2 order_cpu=2

running 1 test
test tests::lane_cache_performance::lane_cache_release_performance_probe ... EXPR_LANE_PERF_CONFIG warmups=2000 samples=9 iteration_divisor=1 iteration_multiplier=1 order=balanced-abba md5=excluded-known-release-prepare-failure
EXPR_LANE_CALIBRATION stage=before iterations=20000000 elapsed_ns=21980151 ns_per_iter=1.099 checksum=14785134113392808001
EXPR_LANE_PERF tier=ast mode=one_shot name=integer_add sample=0 iterations=200000 elapsed_ns=408215587 ns_per_eval=2041.078 result=INT:3
EXPR_LANE_PERF tier=ast mode=lane_cache name=integer_add sample=0 iterations=200000 elapsed_ns=193827315 ns_per_eval=969.137 result=INT:3
EXPR_LANE_PERF tier=ast mode=lane_cache name=integer_add sample=1 iterations=200000 elapsed_ns=195119868 ns_per_eval=975.599 result=INT:3
EXPR_LANE_PERF tier=ast mode=one_shot name=integer_add sample=1 iterations=200000 elapsed_ns=420686773 ns_per_eval=2103.434 result=INT:3
EXPR_LANE_PERF tier=ast mode=lane_cache name=integer_add sample=2 iterations=200000 elapsed_ns=196985091 ns_per_eval=984.925 result=INT:3
EXPR_LANE_PERF tier=ast mode=one_shot name=integer_add sample=2 iterations=200000 elapsed_ns=371765652 ns_per_eval=1858.828 result=INT:3
EXPR_LANE_PERF tier=ast mode=one_shot name=integer_add sample=3 iterations=200000 elapsed_ns=370489368 ns_per_eval=1852.447 result=INT:3
EXPR_LANE_PERF tier=ast mode=lane_cache name=integer_add sample=3 iterations=200000 elapsed_ns=194004365 ns_per_eval=970.022 result=INT:3
EXPR_LANE_PERF tier=ast mode=one_shot name=integer_add sample=4 iterations=200000 elapsed_ns=374664630 ns_per_eval=1873.323 result=INT:3
EXPR_LANE_PERF tier=ast mode=lane_cache name=integer_add sample=4 iterations=200000 elapsed_ns=194051726 ns_per_eval=970.259 result=INT:3
EXPR_LANE_PERF tier=ast mode=lane_cache name=integer_add sample=5 iterations=200000 elapsed_ns=194056745 ns_per_eval=970.284 result=INT:3
EXPR_LANE_PERF tier=ast mode=one_shot name=integer_add sample=5 iterations=200000 elapsed_ns=375461208 ns_per_eval=1877.306 result=INT:3
EXPR_LANE_PERF tier=ast mode=lane_cache name=integer_add sample=6 iterations=200000 elapsed_ns=195316510 ns_per_eval=976.583 result=INT:3
EXPR_LANE_PERF tier=ast mode=one_shot name=integer_add sample=6 iterations=200000 elapsed_ns=374046276 ns_per_eval=1870.231 result=INT:3
EXPR_LANE_PERF tier=ast mode=one_shot name=integer_add sample=7 iterations=200000 elapsed_ns=373771617 ns_per_eval=1868.858 result=INT:3
EXPR_LANE_PERF tier=ast mode=lane_cache name=integer_add sample=7 iterations=200000 elapsed_ns=194191206 ns_per_eval=970.956 result=INT:3
EXPR_LANE_PERF tier=ast mode=one_shot name=integer_add sample=8 iterations=200000 elapsed_ns=374024987 ns_per_eval=1870.125 result=INT:3
EXPR_LANE_PERF tier=ast mode=lane_cache name=integer_add sample=8 iterations=200000 elapsed_ns=196475107 ns_per_eval=982.376 result=INT:3
EXPR_LANE_PERF_WORKERS tier=ast name=integer_add count=1
EXPR_LANE_PERF tier=ast mode=one_shot name=lazy_if sample=0 iterations=100000 elapsed_ns=362151831 ns_per_eval=3621.518 result=INT:2
EXPR_LANE_PERF tier=ast mode=lane_cache name=lazy_if sample=0 iterations=100000 elapsed_ns=195348432 ns_per_eval=1953.484 result=INT:2
EXPR_LANE_PERF tier=ast mode=lane_cache name=lazy_if sample=1 iterations=100000 elapsed_ns=195095093 ns_per_eval=1950.951 result=INT:2
EXPR_LANE_PERF tier=ast mode=one_shot name=lazy_if sample=1 iterations=100000 elapsed_ns=361564415 ns_per_eval=3615.644 result=INT:2
EXPR_LANE_PERF tier=ast mode=lane_cache name=lazy_if sample=2 iterations=100000 elapsed_ns=195190533 ns_per_eval=1951.905 result=INT:2
EXPR_LANE_PERF tier=ast mode=one_shot name=lazy_if sample=2 iterations=100000 elapsed_ns=361286237 ns_per_eval=3612.862 result=INT:2
EXPR_LANE_PERF tier=ast mode=one_shot name=lazy_if sample=3 iterations=100000 elapsed_ns=361371616 ns_per_eval=3613.716 result=INT:2
EXPR_LANE_PERF tier=ast mode=lane_cache name=lazy_if sample=3 iterations=100000 elapsed_ns=196665558 ns_per_eval=1966.656 result=INT:2
EXPR_LANE_PERF tier=ast mode=one_shot name=lazy_if sample=4 iterations=100000 elapsed_ns=363755847 ns_per_eval=3637.558 result=INT:2
EXPR_LANE_PERF tier=ast mode=lane_cache name=lazy_if sample=4 iterations=100000 elapsed_ns=206255486 ns_per_eval=2062.555 result=INT:2
EXPR_LANE_PERF tier=ast mode=lane_cache name=lazy_if sample=5 iterations=100000 elapsed_ns=226202217 ns_per_eval=2262.022 result=INT:2
EXPR_LANE_PERF tier=ast mode=one_shot name=lazy_if sample=5 iterations=100000 elapsed_ns=367902420 ns_per_eval=3679.024 result=INT:2
EXPR_LANE_PERF tier=ast mode=lane_cache name=lazy_if sample=6 iterations=100000 elapsed_ns=198602759 ns_per_eval=1986.028 result=INT:2
EXPR_LANE_PERF tier=ast mode=one_shot name=lazy_if sample=6 iterations=100000 elapsed_ns=368059121 ns_per_eval=3680.591 result=INT:2
EXPR_LANE_PERF tier=ast mode=one_shot name=lazy_if sample=7 iterations=100000 elapsed_ns=365917189 ns_per_eval=3659.172 result=INT:2
EXPR_LANE_PERF tier=ast mode=lane_cache name=lazy_if sample=7 iterations=100000 elapsed_ns=195311146 ns_per_eval=1953.111 result=INT:2
EXPR_LANE_PERF tier=ast mode=one_shot name=lazy_if sample=8 iterations=100000 elapsed_ns=362302707 ns_per_eval=3623.027 result=INT:2
EXPR_LANE_PERF tier=ast mode=lane_cache name=lazy_if sample=8 iterations=100000 elapsed_ns=195786943 ns_per_eval=1957.869 result=INT:2
EXPR_LANE_PERF_WORKERS tier=ast name=lazy_if count=2
EXPR_LANE_PERF tier=ast mode=one_shot name=strcmp sample=0 iterations=50000 elapsed_ns=117826119 ns_per_eval=2356.522 result=INT:-1
EXPR_LANE_PERF tier=ast mode=lane_cache name=strcmp sample=0 iterations=50000 elapsed_ns=65497060 ns_per_eval=1309.941 result=INT:-1
EXPR_LANE_PERF tier=ast mode=lane_cache name=strcmp sample=1 iterations=50000 elapsed_ns=65217912 ns_per_eval=1304.358 result=INT:-1
EXPR_LANE_PERF tier=ast mode=one_shot name=strcmp sample=1 iterations=50000 elapsed_ns=117543179 ns_per_eval=2350.864 result=INT:-1
EXPR_LANE_PERF tier=ast mode=lane_cache name=strcmp sample=2 iterations=50000 elapsed_ns=65357062 ns_per_eval=1307.141 result=INT:-1
EXPR_LANE_PERF tier=ast mode=one_shot name=strcmp sample=2 iterations=50000 elapsed_ns=117635999 ns_per_eval=2352.720 result=INT:-1
EXPR_LANE_PERF tier=ast mode=one_shot name=strcmp sample=3 iterations=50000 elapsed_ns=117421871 ns_per_eval=2348.437 result=INT:-1
EXPR_LANE_PERF tier=ast mode=lane_cache name=strcmp sample=3 iterations=50000 elapsed_ns=65130102 ns_per_eval=1302.602 result=INT:-1
EXPR_LANE_PERF tier=ast mode=one_shot name=strcmp sample=4 iterations=50000 elapsed_ns=117339202 ns_per_eval=2346.784 result=INT:-1
EXPR_LANE_PERF tier=ast mode=lane_cache name=strcmp sample=4 iterations=50000 elapsed_ns=65358061 ns_per_eval=1307.161 result=INT:-1
EXPR_LANE_PERF tier=ast mode=lane_cache name=strcmp sample=5 iterations=50000 elapsed_ns=65200462 ns_per_eval=1304.009 result=INT:-1
EXPR_LANE_PERF tier=ast mode=one_shot name=strcmp sample=5 iterations=50000 elapsed_ns=117422930 ns_per_eval=2348.459 result=INT:-1
EXPR_LANE_PERF tier=ast mode=lane_cache name=strcmp sample=6 iterations=50000 elapsed_ns=65302992 ns_per_eval=1306.060 result=INT:-1
EXPR_LANE_PERF tier=ast mode=one_shot name=strcmp sample=6 iterations=50000 elapsed_ns=117731829 ns_per_eval=2354.637 result=INT:-1
EXPR_LANE_PERF tier=ast mode=one_shot name=strcmp sample=7 iterations=50000 elapsed_ns=117579021 ns_per_eval=2351.580 result=INT:-1
EXPR_LANE_PERF tier=ast mode=lane_cache name=strcmp sample=7 iterations=50000 elapsed_ns=65236291 ns_per_eval=1304.726 result=INT:-1
EXPR_LANE_PERF tier=ast mode=one_shot name=strcmp sample=8 iterations=50000 elapsed_ns=117441592 ns_per_eval=2348.832 result=INT:-1
EXPR_LANE_PERF tier=ast mode=lane_cache name=strcmp sample=8 iterations=50000 elapsed_ns=65319971 ns_per_eval=1306.399 result=INT:-1
EXPR_LANE_PERF_WORKERS tier=ast name=strcmp count=1
EXPR_LANE_PERF tier=ast mode=one_shot name=decimal_add sample=0 iterations=30000 elapsed_ns=100011378 ns_per_eval=3333.713 result=DEC:124.00
EXPR_LANE_PERF tier=ast mode=lane_cache name=decimal_add sample=0 iterations=30000 elapsed_ns=67190373 ns_per_eval=2239.679 result=DEC:124.00
EXPR_LANE_PERF tier=ast mode=lane_cache name=decimal_add sample=1 iterations=30000 elapsed_ns=67149424 ns_per_eval=2238.314 result=DEC:124.00
EXPR_LANE_PERF tier=ast mode=one_shot name=decimal_add sample=1 iterations=30000 elapsed_ns=99999998 ns_per_eval=3333.333 result=DEC:124.00
EXPR_LANE_PERF tier=ast mode=lane_cache name=decimal_add sample=2 iterations=30000 elapsed_ns=67312482 ns_per_eval=2243.749 result=DEC:124.00
EXPR_LANE_PERF tier=ast mode=one_shot name=decimal_add sample=2 iterations=30000 elapsed_ns=99839610 ns_per_eval=3327.987 result=DEC:124.00
EXPR_LANE_PERF tier=ast mode=one_shot name=decimal_add sample=3 iterations=30000 elapsed_ns=99708579 ns_per_eval=3323.619 result=DEC:124.00
EXPR_LANE_PERF tier=ast mode=lane_cache name=decimal_add sample=3 iterations=30000 elapsed_ns=67547042 ns_per_eval=2251.568 result=DEC:124.00
EXPR_LANE_PERF tier=ast mode=one_shot name=decimal_add sample=4 iterations=30000 elapsed_ns=99570650 ns_per_eval=3319.022 result=DEC:124.00
EXPR_LANE_PERF tier=ast mode=lane_cache name=decimal_add sample=4 iterations=30000 elapsed_ns=67198834 ns_per_eval=2239.961 result=DEC:124.00
EXPR_LANE_PERF tier=ast mode=lane_cache name=decimal_add sample=5 iterations=30000 elapsed_ns=67364723 ns_per_eval=2245.491 result=DEC:124.00
EXPR_LANE_PERF tier=ast mode=one_shot name=decimal_add sample=5 iterations=30000 elapsed_ns=99779000 ns_per_eval=3325.967 result=DEC:124.00
EXPR_LANE_PERF tier=ast mode=lane_cache name=decimal_add sample=6 iterations=30000 elapsed_ns=67498292 ns_per_eval=2249.943 result=DEC:124.00
EXPR_LANE_PERF tier=ast mode=one_shot name=decimal_add sample=6 iterations=30000 elapsed_ns=99712100 ns_per_eval=3323.737 result=DEC:124.00
EXPR_LANE_PERF tier=ast mode=one_shot name=decimal_add sample=7 iterations=30000 elapsed_ns=99834129 ns_per_eval=3327.804 result=DEC:124.00
EXPR_LANE_PERF tier=ast mode=lane_cache name=decimal_add sample=7 iterations=30000 elapsed_ns=67687141 ns_per_eval=2256.238 result=DEC:124.00
EXPR_LANE_PERF tier=ast mode=one_shot name=decimal_add sample=8 iterations=30000 elapsed_ns=99800080 ns_per_eval=3326.669 result=DEC:124.00
EXPR_LANE_PERF tier=ast mode=lane_cache name=decimal_add sample=8 iterations=30000 elapsed_ns=67632122 ns_per_eval=2254.404 result=DEC:124.00
EXPR_LANE_PERF_WORKERS tier=ast name=decimal_add count=1
EXPR_LANE_PERF tier=ast mode=one_shot name=json_type sample=0 iterations=30000 elapsed_ns=55033956 ns_per_eval=1834.465 result=STR:OBJECT
EXPR_LANE_PERF tier=ast mode=lane_cache name=json_type sample=0 iterations=30000 elapsed_ns=33563643 ns_per_eval=1118.788 result=STR:OBJECT
EXPR_LANE_PERF tier=ast mode=lane_cache name=json_type sample=1 iterations=30000 elapsed_ns=33553902 ns_per_eval=1118.463 result=STR:OBJECT
EXPR_LANE_PERF tier=ast mode=one_shot name=json_type sample=1 iterations=30000 elapsed_ns=55063616 ns_per_eval=1835.454 result=STR:OBJECT
EXPR_LANE_PERF tier=ast mode=lane_cache name=json_type sample=2 iterations=30000 elapsed_ns=33603292 ns_per_eval=1120.110 result=STR:OBJECT
EXPR_LANE_PERF tier=ast mode=one_shot name=json_type sample=2 iterations=30000 elapsed_ns=54968658 ns_per_eval=1832.289 result=STR:OBJECT
EXPR_LANE_PERF tier=ast mode=one_shot name=json_type sample=3 iterations=30000 elapsed_ns=55028377 ns_per_eval=1834.279 result=STR:OBJECT
EXPR_LANE_PERF tier=ast mode=lane_cache name=json_type sample=3 iterations=30000 elapsed_ns=33575712 ns_per_eval=1119.190 result=STR:OBJECT
EXPR_LANE_PERF tier=ast mode=one_shot name=json_type sample=4 iterations=30000 elapsed_ns=55140897 ns_per_eval=1838.030 result=STR:OBJECT
EXPR_LANE_PERF tier=ast mode=lane_cache name=json_type sample=4 iterations=30000 elapsed_ns=33767931 ns_per_eval=1125.598 result=STR:OBJECT
EXPR_LANE_PERF tier=ast mode=lane_cache name=json_type sample=5 iterations=30000 elapsed_ns=33701772 ns_per_eval=1123.392 result=STR:OBJECT
EXPR_LANE_PERF tier=ast mode=one_shot name=json_type sample=5 iterations=30000 elapsed_ns=55298876 ns_per_eval=1843.296 result=STR:OBJECT
EXPR_LANE_PERF tier=ast mode=lane_cache name=json_type sample=6 iterations=30000 elapsed_ns=34007990 ns_per_eval=1133.600 result=STR:OBJECT
EXPR_LANE_PERF tier=ast mode=one_shot name=json_type sample=6 iterations=30000 elapsed_ns=56299161 ns_per_eval=1876.639 result=STR:OBJECT
EXPR_LANE_PERF tier=ast mode=one_shot name=json_type sample=7 iterations=30000 elapsed_ns=55881414 ns_per_eval=1862.714 result=STR:OBJECT
EXPR_LANE_PERF tier=ast mode=lane_cache name=json_type sample=7 iterations=30000 elapsed_ns=33781222 ns_per_eval=1126.041 result=STR:OBJECT
EXPR_LANE_PERF tier=ast mode=one_shot name=json_type sample=8 iterations=30000 elapsed_ns=56316581 ns_per_eval=1877.219 result=STR:OBJECT
EXPR_LANE_PERF tier=ast mode=lane_cache name=json_type sample=8 iterations=30000 elapsed_ns=33832571 ns_per_eval=1127.752 result=STR:OBJECT
EXPR_LANE_PERF_WORKERS tier=ast name=json_type count=1
EXPR_LANE_PERF tier=ast mode=one_shot name=regexp_like sample=0 iterations=10000 elapsed_ns=105215607 ns_per_eval=10521.561 result=INT:1
EXPR_LANE_PERF tier=ast mode=lane_cache name=regexp_like sample=0 iterations=10000 elapsed_ns=94131085 ns_per_eval=9413.109 result=INT:1
EXPR_LANE_PERF tier=ast mode=lane_cache name=regexp_like sample=1 iterations=10000 elapsed_ns=94059245 ns_per_eval=9405.924 result=INT:1
EXPR_LANE_PERF tier=ast mode=one_shot name=regexp_like sample=1 iterations=10000 elapsed_ns=105419586 ns_per_eval=10541.959 result=INT:1
EXPR_LANE_PERF tier=ast mode=lane_cache name=regexp_like sample=2 iterations=10000 elapsed_ns=94953251 ns_per_eval=9495.325 result=INT:1
EXPR_LANE_PERF tier=ast mode=one_shot name=regexp_like sample=2 iterations=10000 elapsed_ns=105814324 ns_per_eval=10581.432 result=INT:1
EXPR_LANE_PERF tier=ast mode=one_shot name=regexp_like sample=3 iterations=10000 elapsed_ns=106836119 ns_per_eval=10683.612 result=INT:1
EXPR_LANE_PERF tier=ast mode=lane_cache name=regexp_like sample=3 iterations=10000 elapsed_ns=95982498 ns_per_eval=9598.250 result=INT:1
EXPR_LANE_PERF tier=ast mode=one_shot name=regexp_like sample=4 iterations=10000 elapsed_ns=109923016 ns_per_eval=10992.302 result=INT:1
EXPR_LANE_PERF tier=ast mode=lane_cache name=regexp_like sample=4 iterations=10000 elapsed_ns=95523799 ns_per_eval=9552.380 result=INT:1
EXPR_LANE_PERF tier=ast mode=lane_cache name=regexp_like sample=5 iterations=10000 elapsed_ns=95388040 ns_per_eval=9538.804 result=INT:1
EXPR_LANE_PERF tier=ast mode=one_shot name=regexp_like sample=5 iterations=10000 elapsed_ns=107791726 ns_per_eval=10779.173 result=INT:1
EXPR_LANE_PERF tier=ast mode=lane_cache name=regexp_like sample=6 iterations=10000 elapsed_ns=92903151 ns_per_eval=9290.315 result=INT:1
EXPR_LANE_PERF tier=ast mode=one_shot name=regexp_like sample=6 iterations=10000 elapsed_ns=104379050 ns_per_eval=10437.905 result=INT:1
EXPR_LANE_PERF tier=ast mode=one_shot name=regexp_like sample=7 iterations=10000 elapsed_ns=104268681 ns_per_eval=10426.868 result=INT:1
EXPR_LANE_PERF tier=ast mode=lane_cache name=regexp_like sample=7 iterations=10000 elapsed_ns=93667818 ns_per_eval=9366.782 result=INT:1
EXPR_LANE_PERF tier=ast mode=one_shot name=regexp_like sample=8 iterations=10000 elapsed_ns=106130214 ns_per_eval=10613.021 result=INT:1
EXPR_LANE_PERF tier=ast mode=lane_cache name=regexp_like sample=8 iterations=10000 elapsed_ns=94068566 ns_per_eval=9406.857 result=INT:1
EXPR_LANE_PERF_WORKERS tier=ast name=regexp_like count=1
EXPR_LANE_PERF tier=chunk mode=one_shot name=integer_add sample=0 iterations=200000 elapsed_ns=391263158 ns_per_eval=1956.316 result=INT:3
EXPR_LANE_PERF tier=chunk mode=lane_cache name=integer_add sample=0 iterations=200000 elapsed_ns=216196949 ns_per_eval=1080.985 result=INT:3
EXPR_LANE_PERF tier=chunk mode=lane_cache name=integer_add sample=1 iterations=200000 elapsed_ns=216281469 ns_per_eval=1081.407 result=INT:3
EXPR_LANE_PERF tier=chunk mode=one_shot name=integer_add sample=1 iterations=200000 elapsed_ns=389049601 ns_per_eval=1945.248 result=INT:3
EXPR_LANE_PERF tier=chunk mode=lane_cache name=integer_add sample=2 iterations=200000 elapsed_ns=217174104 ns_per_eval=1085.871 result=INT:3
EXPR_LANE_PERF tier=chunk mode=one_shot name=integer_add sample=2 iterations=200000 elapsed_ns=388548693 ns_per_eval=1942.743 result=INT:3
EXPR_LANE_PERF tier=chunk mode=one_shot name=integer_add sample=3 iterations=200000 elapsed_ns=388518754 ns_per_eval=1942.594 result=INT:3
EXPR_LANE_PERF tier=chunk mode=lane_cache name=integer_add sample=3 iterations=200000 elapsed_ns=212890575 ns_per_eval=1064.453 result=INT:3
EXPR_LANE_PERF tier=chunk mode=one_shot name=integer_add sample=4 iterations=200000 elapsed_ns=381733595 ns_per_eval=1908.668 result=INT:3
EXPR_LANE_PERF tier=chunk mode=lane_cache name=integer_add sample=4 iterations=200000 elapsed_ns=212787716 ns_per_eval=1063.939 result=INT:3
EXPR_LANE_PERF tier=chunk mode=lane_cache name=integer_add sample=5 iterations=200000 elapsed_ns=213706282 ns_per_eval=1068.531 result=INT:3
EXPR_LANE_PERF tier=chunk mode=one_shot name=integer_add sample=5 iterations=200000 elapsed_ns=387094382 ns_per_eval=1935.472 result=INT:3
EXPR_LANE_PERF tier=chunk mode=lane_cache name=integer_add sample=6 iterations=200000 elapsed_ns=213174435 ns_per_eval=1065.872 result=INT:3
EXPR_LANE_PERF tier=chunk mode=one_shot name=integer_add sample=6 iterations=200000 elapsed_ns=383370970 ns_per_eval=1916.855 result=INT:3
EXPR_LANE_PERF tier=chunk mode=one_shot name=integer_add sample=7 iterations=200000 elapsed_ns=388053710 ns_per_eval=1940.269 result=INT:3
EXPR_LANE_PERF tier=chunk mode=lane_cache name=integer_add sample=7 iterations=200000 elapsed_ns=212557060 ns_per_eval=1062.785 result=INT:3
EXPR_LANE_PERF tier=chunk mode=one_shot name=integer_add sample=8 iterations=200000 elapsed_ns=382199346 ns_per_eval=1910.997 result=INT:3
EXPR_LANE_PERF tier=chunk mode=lane_cache name=integer_add sample=8 iterations=200000 elapsed_ns=212816328 ns_per_eval=1064.082 result=INT:3
EXPR_LANE_PERF_WORKERS tier=chunk name=integer_add count=1
EXPR_LANE_PERF tier=chunk mode=one_shot name=lazy_if sample=0 iterations=100000 elapsed_ns=358808419 ns_per_eval=3588.084 result=INT:2
EXPR_LANE_PERF tier=chunk mode=lane_cache name=lazy_if sample=0 iterations=100000 elapsed_ns=192424219 ns_per_eval=1924.242 result=INT:2
EXPR_LANE_PERF tier=chunk mode=lane_cache name=lazy_if sample=1 iterations=100000 elapsed_ns=192274348 ns_per_eval=1922.743 result=INT:2
EXPR_LANE_PERF tier=chunk mode=one_shot name=lazy_if sample=1 iterations=100000 elapsed_ns=357989304 ns_per_eval=3579.893 result=INT:2
EXPR_LANE_PERF tier=chunk mode=lane_cache name=lazy_if sample=2 iterations=100000 elapsed_ns=193582514 ns_per_eval=1935.825 result=INT:2
EXPR_LANE_PERF tier=chunk mode=one_shot name=lazy_if sample=2 iterations=100000 elapsed_ns=360804073 ns_per_eval=3608.041 result=INT:2
EXPR_LANE_PERF tier=chunk mode=one_shot name=lazy_if sample=3 iterations=100000 elapsed_ns=358797282 ns_per_eval=3587.973 result=INT:2
EXPR_LANE_PERF tier=chunk mode=lane_cache name=lazy_if sample=3 iterations=100000 elapsed_ns=192350689 ns_per_eval=1923.507 result=INT:2
EXPR_LANE_PERF tier=chunk mode=one_shot name=lazy_if sample=4 iterations=100000 elapsed_ns=358219695 ns_per_eval=3582.197 result=INT:2
EXPR_LANE_PERF tier=chunk mode=lane_cache name=lazy_if sample=4 iterations=100000 elapsed_ns=191640454 ns_per_eval=1916.405 result=INT:2
EXPR_LANE_PERF tier=chunk mode=lane_cache name=lazy_if sample=5 iterations=100000 elapsed_ns=192617708 ns_per_eval=1926.177 result=INT:2
EXPR_LANE_PERF tier=chunk mode=one_shot name=lazy_if sample=5 iterations=100000 elapsed_ns=357221350 ns_per_eval=3572.213 result=INT:2
EXPR_LANE_PERF tier=chunk mode=lane_cache name=lazy_if sample=6 iterations=100000 elapsed_ns=192450180 ns_per_eval=1924.502 result=INT:2
EXPR_LANE_PERF tier=chunk mode=one_shot name=lazy_if sample=6 iterations=100000 elapsed_ns=360332538 ns_per_eval=3603.325 result=INT:2
EXPR_LANE_PERF tier=chunk mode=one_shot name=lazy_if sample=7 iterations=100000 elapsed_ns=361328414 ns_per_eval=3613.284 result=INT:2
EXPR_LANE_PERF tier=chunk mode=lane_cache name=lazy_if sample=7 iterations=100000 elapsed_ns=194176584 ns_per_eval=1941.766 result=INT:2
EXPR_LANE_PERF tier=chunk mode=one_shot name=lazy_if sample=8 iterations=100000 elapsed_ns=359793422 ns_per_eval=3597.934 result=INT:2
EXPR_LANE_PERF tier=chunk mode=lane_cache name=lazy_if sample=8 iterations=100000 elapsed_ns=192720800 ns_per_eval=1927.208 result=INT:2
EXPR_LANE_PERF_WORKERS tier=chunk name=lazy_if count=2
EXPR_LANE_PERF tier=chunk mode=one_shot name=strcmp sample=0 iterations=50000 elapsed_ns=116980269 ns_per_eval=2339.605 result=INT:-1
EXPR_LANE_PERF tier=chunk mode=lane_cache name=strcmp sample=0 iterations=50000 elapsed_ns=61369883 ns_per_eval=1227.398 result=INT:-1
EXPR_LANE_PERF tier=chunk mode=lane_cache name=strcmp sample=1 iterations=50000 elapsed_ns=61197843 ns_per_eval=1223.957 result=INT:-1
EXPR_LANE_PERF tier=chunk mode=one_shot name=strcmp sample=1 iterations=50000 elapsed_ns=116907021 ns_per_eval=2338.140 result=INT:-1
EXPR_LANE_PERF tier=chunk mode=lane_cache name=strcmp sample=2 iterations=50000 elapsed_ns=61052584 ns_per_eval=1221.052 result=INT:-1
EXPR_LANE_PERF tier=chunk mode=one_shot name=strcmp sample=2 iterations=50000 elapsed_ns=117490099 ns_per_eval=2349.802 result=INT:-1
EXPR_LANE_PERF tier=chunk mode=one_shot name=strcmp sample=3 iterations=50000 elapsed_ns=117333498 ns_per_eval=2346.670 result=INT:-1
EXPR_LANE_PERF tier=chunk mode=lane_cache name=strcmp sample=3 iterations=50000 elapsed_ns=61236853 ns_per_eval=1224.737 result=INT:-1
EXPR_LANE_PERF tier=chunk mode=one_shot name=strcmp sample=4 iterations=50000 elapsed_ns=116962131 ns_per_eval=2339.243 result=INT:-1
EXPR_LANE_PERF tier=chunk mode=lane_cache name=strcmp sample=4 iterations=50000 elapsed_ns=62018410 ns_per_eval=1240.368 result=INT:-1
EXPR_LANE_PERF tier=chunk mode=lane_cache name=strcmp sample=5 iterations=50000 elapsed_ns=62070559 ns_per_eval=1241.411 result=INT:-1
EXPR_LANE_PERF tier=chunk mode=one_shot name=strcmp sample=5 iterations=50000 elapsed_ns=117296119 ns_per_eval=2345.922 result=INT:-1
EXPR_LANE_PERF tier=chunk mode=lane_cache name=strcmp sample=6 iterations=50000 elapsed_ns=61479323 ns_per_eval=1229.586 result=INT:-1
EXPR_LANE_PERF tier=chunk mode=one_shot name=strcmp sample=6 iterations=50000 elapsed_ns=117687937 ns_per_eval=2353.759 result=INT:-1
EXPR_LANE_PERF tier=chunk mode=one_shot name=strcmp sample=7 iterations=50000 elapsed_ns=117072911 ns_per_eval=2341.458 result=INT:-1
EXPR_LANE_PERF tier=chunk mode=lane_cache name=strcmp sample=7 iterations=50000 elapsed_ns=62109000 ns_per_eval=1242.180 result=INT:-1
EXPR_LANE_PERF tier=chunk mode=one_shot name=strcmp sample=8 iterations=50000 elapsed_ns=118229185 ns_per_eval=2364.584 result=INT:-1
EXPR_LANE_PERF tier=chunk mode=lane_cache name=strcmp sample=8 iterations=50000 elapsed_ns=62418578 ns_per_eval=1248.372 result=INT:-1
EXPR_LANE_PERF_WORKERS tier=chunk name=strcmp count=1
EXPR_LANE_PERF tier=chunk mode=one_shot name=decimal_add sample=0 iterations=30000 elapsed_ns=106736966 ns_per_eval=3557.899 result=DEC:124.00
EXPR_LANE_PERF tier=chunk mode=lane_cache name=decimal_add sample=0 iterations=30000 elapsed_ns=74390137 ns_per_eval=2479.671 result=DEC:124.00
EXPR_LANE_PERF tier=chunk mode=lane_cache name=decimal_add sample=1 iterations=30000 elapsed_ns=74398636 ns_per_eval=2479.955 result=DEC:124.00
EXPR_LANE_PERF tier=chunk mode=one_shot name=decimal_add sample=1 iterations=30000 elapsed_ns=107164793 ns_per_eval=3572.160 result=DEC:124.00
EXPR_LANE_PERF tier=chunk mode=lane_cache name=decimal_add sample=2 iterations=30000 elapsed_ns=74132797 ns_per_eval=2471.093 result=DEC:124.00
EXPR_LANE_PERF tier=chunk mode=one_shot name=decimal_add sample=2 iterations=30000 elapsed_ns=105989920 ns_per_eval=3532.997 result=DEC:124.00
EXPR_LANE_PERF tier=chunk mode=one_shot name=decimal_add sample=3 iterations=30000 elapsed_ns=105549420 ns_per_eval=3518.314 result=DEC:124.00
EXPR_LANE_PERF tier=chunk mode=lane_cache name=decimal_add sample=3 iterations=30000 elapsed_ns=73647010 ns_per_eval=2454.900 result=DEC:124.00
EXPR_LANE_PERF tier=chunk mode=one_shot name=decimal_add sample=4 iterations=30000 elapsed_ns=106286278 ns_per_eval=3542.876 result=DEC:124.00
EXPR_LANE_PERF tier=chunk mode=lane_cache name=decimal_add sample=4 iterations=30000 elapsed_ns=73724790 ns_per_eval=2457.493 result=DEC:124.00
EXPR_LANE_PERF tier=chunk mode=lane_cache name=decimal_add sample=5 iterations=30000 elapsed_ns=73867018 ns_per_eval=2462.234 result=DEC:124.00
EXPR_LANE_PERF tier=chunk mode=one_shot name=decimal_add sample=5 iterations=30000 elapsed_ns=106229108 ns_per_eval=3540.970 result=DEC:124.00
EXPR_LANE_PERF tier=chunk mode=lane_cache name=decimal_add sample=6 iterations=30000 elapsed_ns=73660421 ns_per_eval=2455.347 result=DEC:124.00
EXPR_LANE_PERF tier=chunk mode=one_shot name=decimal_add sample=6 iterations=30000 elapsed_ns=106237747 ns_per_eval=3541.258 result=DEC:124.00
EXPR_LANE_PERF tier=chunk mode=one_shot name=decimal_add sample=7 iterations=30000 elapsed_ns=106139149 ns_per_eval=3537.972 result=DEC:124.00
EXPR_LANE_PERF tier=chunk mode=lane_cache name=decimal_add sample=7 iterations=30000 elapsed_ns=73690470 ns_per_eval=2456.349 result=DEC:124.00
EXPR_LANE_PERF tier=chunk mode=one_shot name=decimal_add sample=8 iterations=30000 elapsed_ns=106465107 ns_per_eval=3548.837 result=DEC:124.00
EXPR_LANE_PERF tier=chunk mode=lane_cache name=decimal_add sample=8 iterations=30000 elapsed_ns=73937958 ns_per_eval=2464.599 result=DEC:124.00
EXPR_LANE_PERF_WORKERS tier=chunk name=decimal_add count=1
EXPR_LANE_PERF tier=chunk mode=one_shot name=json_type sample=0 iterations=30000 elapsed_ns=55364191 ns_per_eval=1845.473 result=STR:OBJECT
EXPR_LANE_PERF tier=chunk mode=lane_cache name=json_type sample=0 iterations=30000 elapsed_ns=33756612 ns_per_eval=1125.220 result=STR:OBJECT
EXPR_LANE_PERF tier=chunk mode=lane_cache name=json_type sample=1 iterations=30000 elapsed_ns=33759634 ns_per_eval=1125.321 result=STR:OBJECT
EXPR_LANE_PERF tier=chunk mode=one_shot name=json_type sample=1 iterations=30000 elapsed_ns=55293379 ns_per_eval=1843.113 result=STR:OBJECT
EXPR_LANE_PERF tier=chunk mode=lane_cache name=json_type sample=2 iterations=30000 elapsed_ns=33880153 ns_per_eval=1129.338 result=STR:OBJECT
EXPR_LANE_PERF tier=chunk mode=one_shot name=json_type sample=2 iterations=30000 elapsed_ns=55524559 ns_per_eval=1850.819 result=STR:OBJECT
EXPR_LANE_PERF tier=chunk mode=one_shot name=json_type sample=3 iterations=30000 elapsed_ns=55438070 ns_per_eval=1847.936 result=STR:OBJECT
EXPR_LANE_PERF tier=chunk mode=lane_cache name=json_type sample=3 iterations=30000 elapsed_ns=33939612 ns_per_eval=1131.320 result=STR:OBJECT
EXPR_LANE_PERF tier=chunk mode=one_shot name=json_type sample=4 iterations=30000 elapsed_ns=55421510 ns_per_eval=1847.384 result=STR:OBJECT
EXPR_LANE_PERF tier=chunk mode=lane_cache name=json_type sample=4 iterations=30000 elapsed_ns=33982271 ns_per_eval=1132.742 result=STR:OBJECT
EXPR_LANE_PERF tier=chunk mode=lane_cache name=json_type sample=5 iterations=30000 elapsed_ns=33969183 ns_per_eval=1132.306 result=STR:OBJECT
EXPR_LANE_PERF tier=chunk mode=one_shot name=json_type sample=5 iterations=30000 elapsed_ns=55599319 ns_per_eval=1853.311 result=STR:OBJECT
EXPR_LANE_PERF tier=chunk mode=lane_cache name=json_type sample=6 iterations=30000 elapsed_ns=34141111 ns_per_eval=1138.037 result=STR:OBJECT
EXPR_LANE_PERF tier=chunk mode=one_shot name=json_type sample=6 iterations=30000 elapsed_ns=55512959 ns_per_eval=1850.432 result=STR:OBJECT
EXPR_LANE_PERF tier=chunk mode=one_shot name=json_type sample=7 iterations=30000 elapsed_ns=55499079 ns_per_eval=1849.969 result=STR:OBJECT
EXPR_LANE_PERF tier=chunk mode=lane_cache name=json_type sample=7 iterations=30000 elapsed_ns=33937963 ns_per_eval=1131.265 result=STR:OBJECT
EXPR_LANE_PERF tier=chunk mode=one_shot name=json_type sample=8 iterations=30000 elapsed_ns=55632748 ns_per_eval=1854.425 result=STR:OBJECT
EXPR_LANE_PERF tier=chunk mode=lane_cache name=json_type sample=8 iterations=30000 elapsed_ns=34266311 ns_per_eval=1142.210 result=STR:OBJECT
EXPR_LANE_PERF_WORKERS tier=chunk name=json_type count=1
EXPR_LANE_PERF tier=chunk mode=one_shot name=regexp_like sample=0 iterations=10000 elapsed_ns=25868427 ns_per_eval=2586.843 result=INT:1
EXPR_LANE_PERF tier=chunk mode=lane_cache name=regexp_like sample=0 iterations=10000 elapsed_ns=14861376 ns_per_eval=1486.138 result=INT:1
EXPR_LANE_PERF tier=chunk mode=lane_cache name=regexp_like sample=1 iterations=10000 elapsed_ns=14874075 ns_per_eval=1487.408 result=INT:1
EXPR_LANE_PERF tier=chunk mode=one_shot name=regexp_like sample=1 iterations=10000 elapsed_ns=25762208 ns_per_eval=2576.221 result=INT:1
EXPR_LANE_PERF tier=chunk mode=lane_cache name=regexp_like sample=2 iterations=10000 elapsed_ns=14817866 ns_per_eval=1481.787 result=INT:1
EXPR_LANE_PERF tier=chunk mode=one_shot name=regexp_like sample=2 iterations=10000 elapsed_ns=25838837 ns_per_eval=2583.884 result=INT:1
EXPR_LANE_PERF tier=chunk mode=one_shot name=regexp_like sample=3 iterations=10000 elapsed_ns=25608529 ns_per_eval=2560.853 result=INT:1
EXPR_LANE_PERF tier=chunk mode=lane_cache name=regexp_like sample=3 iterations=10000 elapsed_ns=14900645 ns_per_eval=1490.064 result=INT:1
EXPR_LANE_PERF tier=chunk mode=one_shot name=regexp_like sample=4 iterations=10000 elapsed_ns=25821818 ns_per_eval=2582.182 result=INT:1
EXPR_LANE_PERF tier=chunk mode=lane_cache name=regexp_like sample=4 iterations=10000 elapsed_ns=14763947 ns_per_eval=1476.395 result=INT:1
EXPR_LANE_PERF tier=chunk mode=lane_cache name=regexp_like sample=5 iterations=10000 elapsed_ns=14909025 ns_per_eval=1490.902 result=INT:1
EXPR_LANE_PERF tier=chunk mode=one_shot name=regexp_like sample=5 iterations=10000 elapsed_ns=25796969 ns_per_eval=2579.697 result=INT:1
EXPR_LANE_PERF tier=chunk mode=lane_cache name=regexp_like sample=6 iterations=10000 elapsed_ns=14939625 ns_per_eval=1493.963 result=INT:1
EXPR_LANE_PERF tier=chunk mode=one_shot name=regexp_like sample=6 iterations=10000 elapsed_ns=25710368 ns_per_eval=2571.037 result=INT:1
EXPR_LANE_PERF tier=chunk mode=one_shot name=regexp_like sample=7 iterations=10000 elapsed_ns=25767129 ns_per_eval=2576.713 result=INT:1
EXPR_LANE_PERF tier=chunk mode=lane_cache name=regexp_like sample=7 iterations=10000 elapsed_ns=14922755 ns_per_eval=1492.275 result=INT:1
EXPR_LANE_PERF tier=chunk mode=one_shot name=regexp_like sample=8 iterations=10000 elapsed_ns=25729038 ns_per_eval=2572.904 result=INT:1
EXPR_LANE_PERF tier=chunk mode=lane_cache name=regexp_like sample=8 iterations=10000 elapsed_ns=14925515 ns_per_eval=1492.552 result=INT:1
EXPR_LANE_PERF_WORKERS tier=chunk name=regexp_like count=1
EXPR_LANE_CALIBRATION stage=after iterations=20000000 elapsed_ns=21888015 ns_per_iter=1.094 checksum=14785134113392808001
ok

test result: ok. 1 passed; 0 failed; 0 ignored; 0 measured; 1473 filtered out; finished in 31.00s

PERF_PROCESS_RUN suite=width-one revision=current run=3 order_cpu=2

running 1 test
test tests::lane_cache_performance::lane_cache_release_performance_probe ... EXPR_LANE_PERF_CONFIG warmups=2000 samples=9 iteration_divisor=1 iteration_multiplier=1 order=balanced-abba md5=excluded-known-release-prepare-failure
EXPR_LANE_CALIBRATION stage=before iterations=20000000 elapsed_ns=21749066 ns_per_iter=1.087 checksum=14785134113392808001
EXPR_LANE_PERF tier=ast mode=one_shot name=integer_add sample=0 iterations=200000 elapsed_ns=373722848 ns_per_eval=1868.614 result=INT:3
EXPR_LANE_PERF tier=ast mode=lane_cache name=integer_add sample=0 iterations=200000 elapsed_ns=195089944 ns_per_eval=975.450 result=INT:3
EXPR_LANE_PERF tier=ast mode=lane_cache name=integer_add sample=1 iterations=200000 elapsed_ns=194644815 ns_per_eval=973.224 result=INT:3
EXPR_LANE_PERF tier=ast mode=one_shot name=integer_add sample=1 iterations=200000 elapsed_ns=372679134 ns_per_eval=1863.396 result=INT:3
EXPR_LANE_PERF tier=ast mode=lane_cache name=integer_add sample=2 iterations=200000 elapsed_ns=196918516 ns_per_eval=984.593 result=INT:3
EXPR_LANE_PERF tier=ast mode=one_shot name=integer_add sample=2 iterations=200000 elapsed_ns=374429867 ns_per_eval=1872.149 result=INT:3
EXPR_LANE_PERF tier=ast mode=one_shot name=integer_add sample=3 iterations=200000 elapsed_ns=374591598 ns_per_eval=1872.958 result=INT:3
EXPR_LANE_PERF tier=ast mode=lane_cache name=integer_add sample=3 iterations=200000 elapsed_ns=197509524 ns_per_eval=987.548 result=INT:3
EXPR_LANE_PERF tier=ast mode=one_shot name=integer_add sample=4 iterations=200000 elapsed_ns=378594210 ns_per_eval=1892.971 result=INT:3
EXPR_LANE_PERF tier=ast mode=lane_cache name=integer_add sample=4 iterations=200000 elapsed_ns=197500815 ns_per_eval=987.504 result=INT:3
EXPR_LANE_PERF tier=ast mode=lane_cache name=integer_add sample=5 iterations=200000 elapsed_ns=197030717 ns_per_eval=985.154 result=INT:3
EXPR_LANE_PERF tier=ast mode=one_shot name=integer_add sample=5 iterations=200000 elapsed_ns=374372641 ns_per_eval=1871.863 result=INT:3
EXPR_LANE_PERF tier=ast mode=lane_cache name=integer_add sample=6 iterations=200000 elapsed_ns=197952893 ns_per_eval=989.764 result=INT:3
EXPR_LANE_PERF tier=ast mode=one_shot name=integer_add sample=6 iterations=200000 elapsed_ns=375679775 ns_per_eval=1878.399 result=INT:3
EXPR_LANE_PERF tier=ast mode=one_shot name=integer_add sample=7 iterations=200000 elapsed_ns=375024578 ns_per_eval=1875.123 result=INT:3
EXPR_LANE_PERF tier=ast mode=lane_cache name=integer_add sample=7 iterations=200000 elapsed_ns=198420933 ns_per_eval=992.105 result=INT:3
EXPR_LANE_PERF tier=ast mode=one_shot name=integer_add sample=8 iterations=200000 elapsed_ns=375811716 ns_per_eval=1879.059 result=INT:3
EXPR_LANE_PERF tier=ast mode=lane_cache name=integer_add sample=8 iterations=200000 elapsed_ns=196883949 ns_per_eval=984.420 result=INT:3
EXPR_LANE_PERF_WORKERS tier=ast name=integer_add count=1
EXPR_LANE_PERF tier=ast mode=one_shot name=lazy_if sample=0 iterations=100000 elapsed_ns=363317591 ns_per_eval=3633.176 result=INT:2
EXPR_LANE_PERF tier=ast mode=lane_cache name=lazy_if sample=0 iterations=100000 elapsed_ns=196673200 ns_per_eval=1966.732 result=INT:2
EXPR_LANE_PERF tier=ast mode=lane_cache name=lazy_if sample=1 iterations=100000 elapsed_ns=196284493 ns_per_eval=1962.845 result=INT:2
EXPR_LANE_PERF tier=ast mode=one_shot name=lazy_if sample=1 iterations=100000 elapsed_ns=362241406 ns_per_eval=3622.414 result=INT:2
EXPR_LANE_PERF tier=ast mode=lane_cache name=lazy_if sample=2 iterations=100000 elapsed_ns=196999030 ns_per_eval=1969.990 result=INT:2
EXPR_LANE_PERF tier=ast mode=one_shot name=lazy_if sample=2 iterations=100000 elapsed_ns=363637071 ns_per_eval=3636.371 result=INT:2
EXPR_LANE_PERF tier=ast mode=one_shot name=lazy_if sample=3 iterations=100000 elapsed_ns=362190309 ns_per_eval=3621.903 result=INT:2
EXPR_LANE_PERF tier=ast mode=lane_cache name=lazy_if sample=3 iterations=100000 elapsed_ns=196554392 ns_per_eval=1965.544 result=INT:2
EXPR_LANE_PERF tier=ast mode=one_shot name=lazy_if sample=4 iterations=100000 elapsed_ns=365238416 ns_per_eval=3652.384 result=INT:2
EXPR_LANE_PERF tier=ast mode=lane_cache name=lazy_if sample=4 iterations=100000 elapsed_ns=197426289 ns_per_eval=1974.263 result=INT:2
EXPR_LANE_PERF tier=ast mode=lane_cache name=lazy_if sample=5 iterations=100000 elapsed_ns=196796633 ns_per_eval=1967.966 result=INT:2
EXPR_LANE_PERF tier=ast mode=one_shot name=lazy_if sample=5 iterations=100000 elapsed_ns=362296859 ns_per_eval=3622.969 result=INT:2
EXPR_LANE_PERF tier=ast mode=lane_cache name=lazy_if sample=6 iterations=100000 elapsed_ns=208035264 ns_per_eval=2080.353 result=INT:2
EXPR_LANE_PERF tier=ast mode=one_shot name=lazy_if sample=6 iterations=100000 elapsed_ns=361322355 ns_per_eval=3613.224 result=INT:2
EXPR_LANE_PERF tier=ast mode=one_shot name=lazy_if sample=7 iterations=100000 elapsed_ns=361954523 ns_per_eval=3619.545 result=INT:2
EXPR_LANE_PERF tier=ast mode=lane_cache name=lazy_if sample=7 iterations=100000 elapsed_ns=197958047 ns_per_eval=1979.580 result=INT:2
EXPR_LANE_PERF tier=ast mode=one_shot name=lazy_if sample=8 iterations=100000 elapsed_ns=363496507 ns_per_eval=3634.965 result=INT:2
EXPR_LANE_PERF tier=ast mode=lane_cache name=lazy_if sample=8 iterations=100000 elapsed_ns=198583606 ns_per_eval=1985.836 result=INT:2
EXPR_LANE_PERF_WORKERS tier=ast name=lazy_if count=2
EXPR_LANE_PERF tier=ast mode=one_shot name=strcmp sample=0 iterations=50000 elapsed_ns=118330272 ns_per_eval=2366.605 result=INT:-1
EXPR_LANE_PERF tier=ast mode=lane_cache name=strcmp sample=0 iterations=50000 elapsed_ns=65930716 ns_per_eval=1318.614 result=INT:-1
EXPR_LANE_PERF tier=ast mode=lane_cache name=strcmp sample=1 iterations=50000 elapsed_ns=66037566 ns_per_eval=1320.751 result=INT:-1
EXPR_LANE_PERF tier=ast mode=one_shot name=strcmp sample=1 iterations=50000 elapsed_ns=117895243 ns_per_eval=2357.905 result=INT:-1
EXPR_LANE_PERF tier=ast mode=lane_cache name=strcmp sample=2 iterations=50000 elapsed_ns=65408329 ns_per_eval=1308.167 result=INT:-1
EXPR_LANE_PERF tier=ast mode=one_shot name=strcmp sample=2 iterations=50000 elapsed_ns=118141621 ns_per_eval=2362.832 result=INT:-1
EXPR_LANE_PERF tier=ast mode=one_shot name=strcmp sample=3 iterations=50000 elapsed_ns=117876814 ns_per_eval=2357.536 result=INT:-1
EXPR_LANE_PERF tier=ast mode=lane_cache name=strcmp sample=3 iterations=50000 elapsed_ns=65394719 ns_per_eval=1307.894 result=INT:-1
EXPR_LANE_PERF tier=ast mode=one_shot name=strcmp sample=4 iterations=50000 elapsed_ns=117846264 ns_per_eval=2356.925 result=INT:-1
EXPR_LANE_PERF tier=ast mode=lane_cache name=strcmp sample=4 iterations=50000 elapsed_ns=65413429 ns_per_eval=1308.269 result=INT:-1
EXPR_LANE_PERF tier=ast mode=lane_cache name=strcmp sample=5 iterations=50000 elapsed_ns=65568899 ns_per_eval=1311.378 result=INT:-1
EXPR_LANE_PERF tier=ast mode=one_shot name=strcmp sample=5 iterations=50000 elapsed_ns=117711824 ns_per_eval=2354.236 result=INT:-1
EXPR_LANE_PERF tier=ast mode=lane_cache name=strcmp sample=6 iterations=50000 elapsed_ns=65549379 ns_per_eval=1310.988 result=INT:-1
EXPR_LANE_PERF tier=ast mode=one_shot name=strcmp sample=6 iterations=50000 elapsed_ns=117736434 ns_per_eval=2354.729 result=INT:-1
EXPR_LANE_PERF tier=ast mode=one_shot name=strcmp sample=7 iterations=50000 elapsed_ns=117809364 ns_per_eval=2356.187 result=INT:-1
EXPR_LANE_PERF tier=ast mode=lane_cache name=strcmp sample=7 iterations=50000 elapsed_ns=65906467 ns_per_eval=1318.129 result=INT:-1
EXPR_LANE_PERF tier=ast mode=one_shot name=strcmp sample=8 iterations=50000 elapsed_ns=117747284 ns_per_eval=2354.946 result=INT:-1
EXPR_LANE_PERF tier=ast mode=lane_cache name=strcmp sample=8 iterations=50000 elapsed_ns=65682898 ns_per_eval=1313.658 result=INT:-1
EXPR_LANE_PERF_WORKERS tier=ast name=strcmp count=1
EXPR_LANE_PERF tier=ast mode=one_shot name=decimal_add sample=0 iterations=30000 elapsed_ns=99833052 ns_per_eval=3327.768 result=DEC:124.00
EXPR_LANE_PERF tier=ast mode=lane_cache name=decimal_add sample=0 iterations=30000 elapsed_ns=68059238 ns_per_eval=2268.641 result=DEC:124.00
EXPR_LANE_PERF tier=ast mode=lane_cache name=decimal_add sample=1 iterations=30000 elapsed_ns=67816288 ns_per_eval=2260.543 result=DEC:124.00
EXPR_LANE_PERF tier=ast mode=one_shot name=decimal_add sample=1 iterations=30000 elapsed_ns=99622883 ns_per_eval=3320.763 result=DEC:124.00
EXPR_LANE_PERF tier=ast mode=lane_cache name=decimal_add sample=2 iterations=30000 elapsed_ns=67554980 ns_per_eval=2251.833 result=DEC:124.00
EXPR_LANE_PERF tier=ast mode=one_shot name=decimal_add sample=2 iterations=30000 elapsed_ns=99723042 ns_per_eval=3324.101 result=DEC:124.00
EXPR_LANE_PERF tier=ast mode=one_shot name=decimal_add sample=3 iterations=30000 elapsed_ns=99868671 ns_per_eval=3328.956 result=DEC:124.00
EXPR_LANE_PERF tier=ast mode=lane_cache name=decimal_add sample=3 iterations=30000 elapsed_ns=68248907 ns_per_eval=2274.964 result=DEC:124.00
EXPR_LANE_PERF tier=ast mode=one_shot name=decimal_add sample=4 iterations=30000 elapsed_ns=101055457 ns_per_eval=3368.515 result=DEC:124.00
EXPR_LANE_PERF tier=ast mode=lane_cache name=decimal_add sample=4 iterations=30000 elapsed_ns=68543955 ns_per_eval=2284.798 result=DEC:124.00
EXPR_LANE_PERF tier=ast mode=lane_cache name=decimal_add sample=5 iterations=30000 elapsed_ns=68345837 ns_per_eval=2278.195 result=DEC:124.00
EXPR_LANE_PERF tier=ast mode=one_shot name=decimal_add sample=5 iterations=30000 elapsed_ns=100484309 ns_per_eval=3349.477 result=DEC:124.00
EXPR_LANE_PERF tier=ast mode=lane_cache name=decimal_add sample=6 iterations=30000 elapsed_ns=68262788 ns_per_eval=2275.426 result=DEC:124.00
EXPR_LANE_PERF tier=ast mode=one_shot name=decimal_add sample=6 iterations=30000 elapsed_ns=100584118 ns_per_eval=3352.804 result=DEC:124.00
EXPR_LANE_PERF tier=ast mode=one_shot name=decimal_add sample=7 iterations=30000 elapsed_ns=100049941 ns_per_eval=3334.998 result=DEC:124.00
EXPR_LANE_PERF tier=ast mode=lane_cache name=decimal_add sample=7 iterations=30000 elapsed_ns=67846089 ns_per_eval=2261.536 result=DEC:124.00
EXPR_LANE_PERF tier=ast mode=one_shot name=decimal_add sample=8 iterations=30000 elapsed_ns=99796292 ns_per_eval=3326.543 result=DEC:124.00
EXPR_LANE_PERF tier=ast mode=lane_cache name=decimal_add sample=8 iterations=30000 elapsed_ns=67945748 ns_per_eval=2264.858 result=DEC:124.00
EXPR_LANE_PERF_WORKERS tier=ast name=decimal_add count=1
EXPR_LANE_PERF tier=ast mode=one_shot name=json_type sample=0 iterations=30000 elapsed_ns=55398823 ns_per_eval=1846.627 result=STR:OBJECT
EXPR_LANE_PERF tier=ast mode=lane_cache name=json_type sample=0 iterations=30000 elapsed_ns=33624675 ns_per_eval=1120.822 result=STR:OBJECT
EXPR_LANE_PERF tier=ast mode=lane_cache name=json_type sample=1 iterations=30000 elapsed_ns=33652856 ns_per_eval=1121.762 result=STR:OBJECT
EXPR_LANE_PERF tier=ast mode=one_shot name=json_type sample=1 iterations=30000 elapsed_ns=55180054 ns_per_eval=1839.335 result=STR:OBJECT
EXPR_LANE_PERF tier=ast mode=lane_cache name=json_type sample=2 iterations=30000 elapsed_ns=33697625 ns_per_eval=1123.254 result=STR:OBJECT
EXPR_LANE_PERF tier=ast mode=one_shot name=json_type sample=2 iterations=30000 elapsed_ns=55956770 ns_per_eval=1865.226 result=STR:OBJECT
EXPR_LANE_PERF tier=ast mode=one_shot name=json_type sample=3 iterations=30000 elapsed_ns=55381592 ns_per_eval=1846.053 result=STR:OBJECT
EXPR_LANE_PERF tier=ast mode=lane_cache name=json_type sample=3 iterations=30000 elapsed_ns=33697356 ns_per_eval=1123.245 result=STR:OBJECT
EXPR_LANE_PERF tier=ast mode=one_shot name=json_type sample=4 iterations=30000 elapsed_ns=55461172 ns_per_eval=1848.706 result=STR:OBJECT
EXPR_LANE_PERF tier=ast mode=lane_cache name=json_type sample=4 iterations=30000 elapsed_ns=33722556 ns_per_eval=1124.085 result=STR:OBJECT
EXPR_LANE_PERF tier=ast mode=lane_cache name=json_type sample=5 iterations=30000 elapsed_ns=33739915 ns_per_eval=1124.664 result=STR:OBJECT
EXPR_LANE_PERF tier=ast mode=one_shot name=json_type sample=5 iterations=30000 elapsed_ns=56247959 ns_per_eval=1874.932 result=STR:OBJECT
EXPR_LANE_PERF tier=ast mode=lane_cache name=json_type sample=6 iterations=30000 elapsed_ns=33732456 ns_per_eval=1124.415 result=STR:OBJECT
EXPR_LANE_PERF tier=ast mode=one_shot name=json_type sample=6 iterations=30000 elapsed_ns=56095479 ns_per_eval=1869.849 result=STR:OBJECT
EXPR_LANE_PERF tier=ast mode=one_shot name=json_type sample=7 iterations=30000 elapsed_ns=55746712 ns_per_eval=1858.224 result=STR:OBJECT
EXPR_LANE_PERF tier=ast mode=lane_cache name=json_type sample=7 iterations=30000 elapsed_ns=33728765 ns_per_eval=1124.292 result=STR:OBJECT
EXPR_LANE_PERF tier=ast mode=one_shot name=json_type sample=8 iterations=30000 elapsed_ns=55397653 ns_per_eval=1846.588 result=STR:OBJECT
EXPR_LANE_PERF tier=ast mode=lane_cache name=json_type sample=8 iterations=30000 elapsed_ns=33769575 ns_per_eval=1125.652 result=STR:OBJECT
EXPR_LANE_PERF_WORKERS tier=ast name=json_type count=1
EXPR_LANE_PERF tier=ast mode=one_shot name=regexp_like sample=0 iterations=10000 elapsed_ns=104827952 ns_per_eval=10482.795 result=INT:1
EXPR_LANE_PERF tier=ast mode=lane_cache name=regexp_like sample=0 iterations=10000 elapsed_ns=92271364 ns_per_eval=9227.136 result=INT:1
EXPR_LANE_PERF tier=ast mode=lane_cache name=regexp_like sample=1 iterations=10000 elapsed_ns=92385114 ns_per_eval=9238.511 result=INT:1
EXPR_LANE_PERF tier=ast mode=one_shot name=regexp_like sample=1 iterations=10000 elapsed_ns=104558962 ns_per_eval=10455.896 result=INT:1
EXPR_LANE_PERF tier=ast mode=lane_cache name=regexp_like sample=2 iterations=10000 elapsed_ns=93099351 ns_per_eval=9309.935 result=INT:1
EXPR_LANE_PERF tier=ast mode=one_shot name=regexp_like sample=2 iterations=10000 elapsed_ns=104933221 ns_per_eval=10493.322 result=INT:1
EXPR_LANE_PERF tier=ast mode=one_shot name=regexp_like sample=3 iterations=10000 elapsed_ns=105070850 ns_per_eval=10507.085 result=INT:1
EXPR_LANE_PERF tier=ast mode=lane_cache name=regexp_like sample=3 iterations=10000 elapsed_ns=93110682 ns_per_eval=9311.068 result=INT:1
EXPR_LANE_PERF tier=ast mode=one_shot name=regexp_like sample=4 iterations=10000 elapsed_ns=105130719 ns_per_eval=10513.072 result=INT:1
EXPR_LANE_PERF tier=ast mode=lane_cache name=regexp_like sample=4 iterations=10000 elapsed_ns=93982458 ns_per_eval=9398.246 result=INT:1
EXPR_LANE_PERF tier=ast mode=lane_cache name=regexp_like sample=5 iterations=10000 elapsed_ns=93544099 ns_per_eval=9354.410 result=INT:1
EXPR_LANE_PERF tier=ast mode=one_shot name=regexp_like sample=5 iterations=10000 elapsed_ns=105139120 ns_per_eval=10513.912 result=INT:1
EXPR_LANE_PERF tier=ast mode=lane_cache name=regexp_like sample=6 iterations=10000 elapsed_ns=94568916 ns_per_eval=9456.892 result=INT:1
EXPR_LANE_PERF tier=ast mode=one_shot name=regexp_like sample=6 iterations=10000 elapsed_ns=105259389 ns_per_eval=10525.939 result=INT:1
EXPR_LANE_PERF tier=ast mode=one_shot name=regexp_like sample=7 iterations=10000 elapsed_ns=105172080 ns_per_eval=10517.208 result=INT:1
EXPR_LANE_PERF tier=ast mode=lane_cache name=regexp_like sample=7 iterations=10000 elapsed_ns=92969722 ns_per_eval=9296.972 result=INT:1
EXPR_LANE_PERF tier=ast mode=one_shot name=regexp_like sample=8 iterations=10000 elapsed_ns=104650633 ns_per_eval=10465.063 result=INT:1
EXPR_LANE_PERF tier=ast mode=lane_cache name=regexp_like sample=8 iterations=10000 elapsed_ns=92754773 ns_per_eval=9275.477 result=INT:1
EXPR_LANE_PERF_WORKERS tier=ast name=regexp_like count=1
EXPR_LANE_PERF tier=chunk mode=one_shot name=integer_add sample=0 iterations=200000 elapsed_ns=389987102 ns_per_eval=1949.936 result=INT:3
EXPR_LANE_PERF tier=chunk mode=lane_cache name=integer_add sample=0 iterations=200000 elapsed_ns=218040947 ns_per_eval=1090.205 result=INT:3
EXPR_LANE_PERF tier=chunk mode=lane_cache name=integer_add sample=1 iterations=200000 elapsed_ns=217810220 ns_per_eval=1089.051 result=INT:3
EXPR_LANE_PERF tier=chunk mode=one_shot name=integer_add sample=1 iterations=200000 elapsed_ns=391220558 ns_per_eval=1956.103 result=INT:3
EXPR_LANE_PERF tier=chunk mode=lane_cache name=integer_add sample=2 iterations=200000 elapsed_ns=217551950 ns_per_eval=1087.760 result=INT:3
EXPR_LANE_PERF tier=chunk mode=one_shot name=integer_add sample=2 iterations=200000 elapsed_ns=394303396 ns_per_eval=1971.517 result=INT:3
EXPR_LANE_PERF tier=chunk mode=one_shot name=integer_add sample=3 iterations=200000 elapsed_ns=390746802 ns_per_eval=1953.734 result=INT:3
EXPR_LANE_PERF tier=chunk mode=lane_cache name=integer_add sample=3 iterations=200000 elapsed_ns=217853390 ns_per_eval=1089.267 result=INT:3
EXPR_LANE_PERF tier=chunk mode=one_shot name=integer_add sample=4 iterations=200000 elapsed_ns=392463005 ns_per_eval=1962.315 result=INT:3
EXPR_LANE_PERF tier=chunk mode=lane_cache name=integer_add sample=4 iterations=200000 elapsed_ns=217992640 ns_per_eval=1089.963 result=INT:3
EXPR_LANE_PERF tier=chunk mode=lane_cache name=integer_add sample=5 iterations=200000 elapsed_ns=221882144 ns_per_eval=1109.411 result=INT:3
EXPR_LANE_PERF tier=chunk mode=one_shot name=integer_add sample=5 iterations=200000 elapsed_ns=390662963 ns_per_eval=1953.315 result=INT:3
EXPR_LANE_PERF tier=chunk mode=lane_cache name=integer_add sample=6 iterations=200000 elapsed_ns=217446144 ns_per_eval=1087.231 result=INT:3
EXPR_LANE_PERF tier=chunk mode=one_shot name=integer_add sample=6 iterations=200000 elapsed_ns=390374216 ns_per_eval=1951.871 result=INT:3
EXPR_LANE_PERF tier=chunk mode=one_shot name=integer_add sample=7 iterations=200000 elapsed_ns=390688885 ns_per_eval=1953.444 result=INT:3
EXPR_LANE_PERF tier=chunk mode=lane_cache name=integer_add sample=7 iterations=200000 elapsed_ns=217126825 ns_per_eval=1085.634 result=INT:3
EXPR_LANE_PERF tier=chunk mode=one_shot name=integer_add sample=8 iterations=200000 elapsed_ns=388679666 ns_per_eval=1943.398 result=INT:3
EXPR_LANE_PERF tier=chunk mode=lane_cache name=integer_add sample=8 iterations=200000 elapsed_ns=217817472 ns_per_eval=1089.087 result=INT:3
EXPR_LANE_PERF_WORKERS tier=chunk name=integer_add count=1
EXPR_LANE_PERF tier=chunk mode=one_shot name=lazy_if sample=0 iterations=100000 elapsed_ns=356805582 ns_per_eval=3568.056 result=INT:2
EXPR_LANE_PERF tier=chunk mode=lane_cache name=lazy_if sample=0 iterations=100000 elapsed_ns=193431588 ns_per_eval=1934.316 result=INT:2
EXPR_LANE_PERF tier=chunk mode=lane_cache name=lazy_if sample=1 iterations=100000 elapsed_ns=193241218 ns_per_eval=1932.412 result=INT:2
EXPR_LANE_PERF tier=chunk mode=one_shot name=lazy_if sample=1 iterations=100000 elapsed_ns=357883108 ns_per_eval=3578.831 result=INT:2
EXPR_LANE_PERF tier=chunk mode=lane_cache name=lazy_if sample=2 iterations=100000 elapsed_ns=193986055 ns_per_eval=1939.861 result=INT:2
EXPR_LANE_PERF tier=chunk mode=one_shot name=lazy_if sample=2 iterations=100000 elapsed_ns=358746985 ns_per_eval=3587.470 result=INT:2
EXPR_LANE_PERF tier=chunk mode=one_shot name=lazy_if sample=3 iterations=100000 elapsed_ns=358413007 ns_per_eval=3584.130 result=INT:2
EXPR_LANE_PERF tier=chunk mode=lane_cache name=lazy_if sample=3 iterations=100000 elapsed_ns=193758797 ns_per_eval=1937.588 result=INT:2
EXPR_LANE_PERF tier=chunk mode=one_shot name=lazy_if sample=4 iterations=100000 elapsed_ns=361454725 ns_per_eval=3614.547 result=INT:2
EXPR_LANE_PERF tier=chunk mode=lane_cache name=lazy_if sample=4 iterations=100000 elapsed_ns=196456975 ns_per_eval=1964.570 result=INT:2
EXPR_LANE_PERF tier=chunk mode=lane_cache name=lazy_if sample=5 iterations=100000 elapsed_ns=196379117 ns_per_eval=1963.791 result=INT:2
EXPR_LANE_PERF tier=chunk mode=one_shot name=lazy_if sample=5 iterations=100000 elapsed_ns=358414968 ns_per_eval=3584.150 result=INT:2
EXPR_LANE_PERF tier=chunk mode=lane_cache name=lazy_if sample=6 iterations=100000 elapsed_ns=193945748 ns_per_eval=1939.457 result=INT:2
EXPR_LANE_PERF tier=chunk mode=one_shot name=lazy_if sample=6 iterations=100000 elapsed_ns=358747827 ns_per_eval=3587.478 result=INT:2
EXPR_LANE_PERF tier=chunk mode=one_shot name=lazy_if sample=7 iterations=100000 elapsed_ns=362325033 ns_per_eval=3623.250 result=INT:2
EXPR_LANE_PERF tier=chunk mode=lane_cache name=lazy_if sample=7 iterations=100000 elapsed_ns=195376522 ns_per_eval=1953.765 result=INT:2
EXPR_LANE_PERF tier=chunk mode=one_shot name=lazy_if sample=8 iterations=100000 elapsed_ns=358644220 ns_per_eval=3586.442 result=INT:2
EXPR_LANE_PERF tier=chunk mode=lane_cache name=lazy_if sample=8 iterations=100000 elapsed_ns=194197407 ns_per_eval=1941.974 result=INT:2
EXPR_LANE_PERF_WORKERS tier=chunk name=lazy_if count=2
EXPR_LANE_PERF tier=chunk mode=one_shot name=strcmp sample=0 iterations=50000 elapsed_ns=116973474 ns_per_eval=2339.469 result=INT:-1
EXPR_LANE_PERF tier=chunk mode=lane_cache name=strcmp sample=0 iterations=50000 elapsed_ns=61883558 ns_per_eval=1237.671 result=INT:-1
EXPR_LANE_PERF tier=chunk mode=lane_cache name=strcmp sample=1 iterations=50000 elapsed_ns=61913418 ns_per_eval=1238.268 result=INT:-1
EXPR_LANE_PERF tier=chunk mode=one_shot name=strcmp sample=1 iterations=50000 elapsed_ns=116999874 ns_per_eval=2339.997 result=INT:-1
EXPR_LANE_PERF tier=chunk mode=lane_cache name=strcmp sample=2 iterations=50000 elapsed_ns=61900619 ns_per_eval=1238.012 result=INT:-1
EXPR_LANE_PERF tier=chunk mode=one_shot name=strcmp sample=2 iterations=50000 elapsed_ns=117374643 ns_per_eval=2347.493 result=INT:-1
EXPR_LANE_PERF tier=chunk mode=one_shot name=strcmp sample=3 iterations=50000 elapsed_ns=116842285 ns_per_eval=2336.846 result=INT:-1
EXPR_LANE_PERF tier=chunk mode=lane_cache name=strcmp sample=3 iterations=50000 elapsed_ns=62227387 ns_per_eval=1244.548 result=INT:-1
EXPR_LANE_PERF tier=chunk mode=one_shot name=strcmp sample=4 iterations=50000 elapsed_ns=116983624 ns_per_eval=2339.672 result=INT:-1
EXPR_LANE_PERF tier=chunk mode=lane_cache name=strcmp sample=4 iterations=50000 elapsed_ns=62987464 ns_per_eval=1259.749 result=INT:-1
EXPR_LANE_PERF tier=chunk mode=lane_cache name=strcmp sample=5 iterations=50000 elapsed_ns=63158712 ns_per_eval=1263.174 result=INT:-1
EXPR_LANE_PERF tier=chunk mode=one_shot name=strcmp sample=5 iterations=50000 elapsed_ns=117315093 ns_per_eval=2346.302 result=INT:-1
EXPR_LANE_PERF tier=chunk mode=lane_cache name=strcmp sample=6 iterations=50000 elapsed_ns=62925273 ns_per_eval=1258.505 result=INT:-1
EXPR_LANE_PERF tier=chunk mode=one_shot name=strcmp sample=6 iterations=50000 elapsed_ns=116967966 ns_per_eval=2339.359 result=INT:-1
EXPR_LANE_PERF tier=chunk mode=one_shot name=strcmp sample=7 iterations=50000 elapsed_ns=117147664 ns_per_eval=2342.953 result=INT:-1
EXPR_LANE_PERF tier=chunk mode=lane_cache name=strcmp sample=7 iterations=50000 elapsed_ns=62280716 ns_per_eval=1245.614 result=INT:-1
EXPR_LANE_PERF tier=chunk mode=one_shot name=strcmp sample=8 iterations=50000 elapsed_ns=117925012 ns_per_eval=2358.500 result=INT:-1
EXPR_LANE_PERF tier=chunk mode=lane_cache name=strcmp sample=8 iterations=50000 elapsed_ns=62192616 ns_per_eval=1243.852 result=INT:-1
EXPR_LANE_PERF_WORKERS tier=chunk name=strcmp count=1
EXPR_LANE_PERF tier=chunk mode=one_shot name=decimal_add sample=0 iterations=30000 elapsed_ns=106855278 ns_per_eval=3561.843 result=DEC:124.00
EXPR_LANE_PERF tier=chunk mode=lane_cache name=decimal_add sample=0 iterations=30000 elapsed_ns=74853683 ns_per_eval=2495.123 result=DEC:124.00
EXPR_LANE_PERF tier=chunk mode=lane_cache name=decimal_add sample=1 iterations=30000 elapsed_ns=76666606 ns_per_eval=2555.554 result=DEC:124.00
EXPR_LANE_PERF tier=chunk mode=one_shot name=decimal_add sample=1 iterations=30000 elapsed_ns=106302880 ns_per_eval=3543.429 result=DEC:124.00
EXPR_LANE_PERF tier=chunk mode=lane_cache name=decimal_add sample=2 iterations=30000 elapsed_ns=73065481 ns_per_eval=2435.516 result=DEC:124.00
EXPR_LANE_PERF tier=chunk mode=one_shot name=decimal_add sample=2 iterations=30000 elapsed_ns=104625617 ns_per_eval=3487.521 result=DEC:124.00
EXPR_LANE_PERF tier=chunk mode=one_shot name=decimal_add sample=3 iterations=30000 elapsed_ns=104769607 ns_per_eval=3492.320 result=DEC:124.00
EXPR_LANE_PERF tier=chunk mode=lane_cache name=decimal_add sample=3 iterations=30000 elapsed_ns=72985071 ns_per_eval=2432.836 result=DEC:124.00
EXPR_LANE_PERF tier=chunk mode=one_shot name=decimal_add sample=4 iterations=30000 elapsed_ns=104682738 ns_per_eval=3489.425 result=DEC:124.00
EXPR_LANE_PERF tier=chunk mode=lane_cache name=decimal_add sample=4 iterations=30000 elapsed_ns=73060141 ns_per_eval=2435.338 result=DEC:124.00
EXPR_LANE_PERF tier=chunk mode=lane_cache name=decimal_add sample=5 iterations=30000 elapsed_ns=72898062 ns_per_eval=2429.935 result=DEC:124.00
EXPR_LANE_PERF tier=chunk mode=one_shot name=decimal_add sample=5 iterations=30000 elapsed_ns=104692427 ns_per_eval=3489.748 result=DEC:124.00
EXPR_LANE_PERF tier=chunk mode=lane_cache name=decimal_add sample=6 iterations=30000 elapsed_ns=73060211 ns_per_eval=2435.340 result=DEC:124.00
EXPR_LANE_PERF tier=chunk mode=one_shot name=decimal_add sample=6 iterations=30000 elapsed_ns=104716338 ns_per_eval=3490.545 result=DEC:124.00
EXPR_LANE_PERF tier=chunk mode=one_shot name=decimal_add sample=7 iterations=30000 elapsed_ns=104632577 ns_per_eval=3487.753 result=DEC:124.00
EXPR_LANE_PERF tier=chunk mode=lane_cache name=decimal_add sample=7 iterations=30000 elapsed_ns=73110861 ns_per_eval=2437.029 result=DEC:124.00
EXPR_LANE_PERF tier=chunk mode=one_shot name=decimal_add sample=8 iterations=30000 elapsed_ns=104877347 ns_per_eval=3495.912 result=DEC:124.00
EXPR_LANE_PERF tier=chunk mode=lane_cache name=decimal_add sample=8 iterations=30000 elapsed_ns=72986641 ns_per_eval=2432.888 result=DEC:124.00
EXPR_LANE_PERF_WORKERS tier=chunk name=decimal_add count=1
EXPR_LANE_PERF tier=chunk mode=one_shot name=json_type sample=0 iterations=30000 elapsed_ns=54596160 ns_per_eval=1819.872 result=STR:OBJECT
EXPR_LANE_PERF tier=chunk mode=lane_cache name=json_type sample=0 iterations=30000 elapsed_ns=33732567 ns_per_eval=1124.419 result=STR:OBJECT
EXPR_LANE_PERF tier=chunk mode=lane_cache name=json_type sample=1 iterations=30000 elapsed_ns=33766518 ns_per_eval=1125.551 result=STR:OBJECT
EXPR_LANE_PERF tier=chunk mode=one_shot name=json_type sample=1 iterations=30000 elapsed_ns=54690359 ns_per_eval=1823.012 result=STR:OBJECT
EXPR_LANE_PERF tier=chunk mode=lane_cache name=json_type sample=2 iterations=30000 elapsed_ns=33723447 ns_per_eval=1124.115 result=STR:OBJECT
EXPR_LANE_PERF tier=chunk mode=one_shot name=json_type sample=2 iterations=30000 elapsed_ns=54696579 ns_per_eval=1823.219 result=STR:OBJECT
EXPR_LANE_PERF tier=chunk mode=one_shot name=json_type sample=3 iterations=30000 elapsed_ns=54721569 ns_per_eval=1824.052 result=STR:OBJECT
EXPR_LANE_PERF tier=chunk mode=lane_cache name=json_type sample=3 iterations=30000 elapsed_ns=33782527 ns_per_eval=1126.084 result=STR:OBJECT
EXPR_LANE_PERF tier=chunk mode=one_shot name=json_type sample=4 iterations=30000 elapsed_ns=54583970 ns_per_eval=1819.466 result=STR:OBJECT
EXPR_LANE_PERF tier=chunk mode=lane_cache name=json_type sample=4 iterations=30000 elapsed_ns=33837317 ns_per_eval=1127.911 result=STR:OBJECT
EXPR_LANE_PERF tier=chunk mode=lane_cache name=json_type sample=5 iterations=30000 elapsed_ns=33772217 ns_per_eval=1125.741 result=STR:OBJECT
EXPR_LANE_PERF tier=chunk mode=one_shot name=json_type sample=5 iterations=30000 elapsed_ns=54758639 ns_per_eval=1825.288 result=STR:OBJECT
EXPR_LANE_PERF tier=chunk mode=lane_cache name=json_type sample=6 iterations=30000 elapsed_ns=33891036 ns_per_eval=1129.701 result=STR:OBJECT
EXPR_LANE_PERF tier=chunk mode=one_shot name=json_type sample=6 iterations=30000 elapsed_ns=54735009 ns_per_eval=1824.500 result=STR:OBJECT
EXPR_LANE_PERF tier=chunk mode=one_shot name=json_type sample=7 iterations=30000 elapsed_ns=54751799 ns_per_eval=1825.060 result=STR:OBJECT
EXPR_LANE_PERF tier=chunk mode=lane_cache name=json_type sample=7 iterations=30000 elapsed_ns=33870197 ns_per_eval=1129.007 result=STR:OBJECT
EXPR_LANE_PERF tier=chunk mode=one_shot name=json_type sample=8 iterations=30000 elapsed_ns=55152257 ns_per_eval=1838.409 result=STR:OBJECT
EXPR_LANE_PERF tier=chunk mode=lane_cache name=json_type sample=8 iterations=30000 elapsed_ns=34207875 ns_per_eval=1140.263 result=STR:OBJECT
EXPR_LANE_PERF_WORKERS tier=chunk name=json_type count=1
EXPR_LANE_PERF tier=chunk mode=one_shot name=regexp_like sample=0 iterations=10000 elapsed_ns=25486952 ns_per_eval=2548.695 result=INT:1
EXPR_LANE_PERF tier=chunk mode=lane_cache name=regexp_like sample=0 iterations=10000 elapsed_ns=14760677 ns_per_eval=1476.068 result=INT:1
EXPR_LANE_PERF tier=chunk mode=lane_cache name=regexp_like sample=1 iterations=10000 elapsed_ns=14827928 ns_per_eval=1482.793 result=INT:1
EXPR_LANE_PERF tier=chunk mode=one_shot name=regexp_like sample=1 iterations=10000 elapsed_ns=25613812 ns_per_eval=2561.381 result=INT:1
EXPR_LANE_PERF tier=chunk mode=lane_cache name=regexp_like sample=2 iterations=10000 elapsed_ns=14762557 ns_per_eval=1476.256 result=INT:1
EXPR_LANE_PERF tier=chunk mode=one_shot name=regexp_like sample=2 iterations=10000 elapsed_ns=25535062 ns_per_eval=2553.506 result=INT:1
EXPR_LANE_PERF tier=chunk mode=one_shot name=regexp_like sample=3 iterations=10000 elapsed_ns=25557473 ns_per_eval=2555.747 result=INT:1
EXPR_LANE_PERF tier=chunk mode=lane_cache name=regexp_like sample=3 iterations=10000 elapsed_ns=14752248 ns_per_eval=1475.225 result=INT:1
EXPR_LANE_PERF tier=chunk mode=one_shot name=regexp_like sample=4 iterations=10000 elapsed_ns=25503293 ns_per_eval=2550.329 result=INT:1
EXPR_LANE_PERF tier=chunk mode=lane_cache name=regexp_like sample=4 iterations=10000 elapsed_ns=14863917 ns_per_eval=1486.392 result=INT:1
EXPR_LANE_PERF tier=chunk mode=lane_cache name=regexp_like sample=5 iterations=10000 elapsed_ns=14797497 ns_per_eval=1479.750 result=INT:1
EXPR_LANE_PERF tier=chunk mode=one_shot name=regexp_like sample=5 iterations=10000 elapsed_ns=25564853 ns_per_eval=2556.485 result=INT:1
EXPR_LANE_PERF tier=chunk mode=lane_cache name=regexp_like sample=6 iterations=10000 elapsed_ns=14882127 ns_per_eval=1488.213 result=INT:1
EXPR_LANE_PERF tier=chunk mode=one_shot name=regexp_like sample=6 iterations=10000 elapsed_ns=25640031 ns_per_eval=2564.003 result=INT:1
EXPR_LANE_PERF tier=chunk mode=one_shot name=regexp_like sample=7 iterations=10000 elapsed_ns=25472113 ns_per_eval=2547.211 result=INT:1
EXPR_LANE_PERF tier=chunk mode=lane_cache name=regexp_like sample=7 iterations=10000 elapsed_ns=14836027 ns_per_eval=1483.603 result=INT:1
EXPR_LANE_PERF tier=chunk mode=one_shot name=regexp_like sample=8 iterations=10000 elapsed_ns=25541762 ns_per_eval=2554.176 result=INT:1
EXPR_LANE_PERF tier=chunk mode=lane_cache name=regexp_like sample=8 iterations=10000 elapsed_ns=14860338 ns_per_eval=1486.034 result=INT:1
EXPR_LANE_PERF_WORKERS tier=chunk name=regexp_like count=1
EXPR_LANE_CALIBRATION stage=after iterations=20000000 elapsed_ns=21849217 ns_per_iter=1.092 checksum=14785134113392808001
ok

test result: ok. 1 passed; 0 failed; 0 ignored; 0 measured; 1473 filtered out; finished in 30.98s

PERF_PROCESS_RUN suite=width-one revision=frozen run=3 order_cpu=2

running 1 test
test tests::lane_cache_performance::lane_cache_release_performance_probe ... EXPR_LANE_PERF_CONFIG warmups=2000 samples=9 revision=frozen iteration_multiplier=16
EXPR_LANE_CALIBRATION stage=before iterations=20000000 elapsed_ns=21724718 ns_per_iter=1.086 checksum=14785134113392808001
EXPR_LANE_PERF tier=ast mode=frozen_native name=integer_add sample=0 iterations=3200000 elapsed_ns=104327920 ns_per_eval=32.602 result=INT:3
EXPR_LANE_PERF tier=ast mode=frozen_native name=integer_add sample=1 iterations=3200000 elapsed_ns=104011161 ns_per_eval=32.503 result=INT:3
EXPR_LANE_PERF tier=ast mode=frozen_native name=integer_add sample=2 iterations=3200000 elapsed_ns=103870322 ns_per_eval=32.459 result=INT:3
EXPR_LANE_PERF tier=ast mode=frozen_native name=integer_add sample=3 iterations=3200000 elapsed_ns=103786112 ns_per_eval=32.433 result=INT:3
EXPR_LANE_PERF tier=ast mode=frozen_native name=integer_add sample=4 iterations=3200000 elapsed_ns=103895671 ns_per_eval=32.467 result=INT:3
EXPR_LANE_PERF tier=ast mode=frozen_native name=integer_add sample=5 iterations=3200000 elapsed_ns=103834992 ns_per_eval=32.448 result=INT:3
EXPR_LANE_PERF tier=ast mode=frozen_native name=integer_add sample=6 iterations=3200000 elapsed_ns=103899342 ns_per_eval=32.469 result=INT:3
EXPR_LANE_PERF tier=ast mode=frozen_native name=integer_add sample=7 iterations=3200000 elapsed_ns=103784122 ns_per_eval=32.433 result=INT:3
EXPR_LANE_PERF tier=ast mode=frozen_native name=integer_add sample=8 iterations=3200000 elapsed_ns=103676453 ns_per_eval=32.399 result=INT:3
EXPR_LANE_PERF tier=ast mode=frozen_native name=lazy_if sample=0 iterations=1600000 elapsed_ns=148948222 ns_per_eval=93.093 result=INT:2
EXPR_LANE_PERF tier=ast mode=frozen_native name=lazy_if sample=1 iterations=1600000 elapsed_ns=148735073 ns_per_eval=92.959 result=INT:2
EXPR_LANE_PERF tier=ast mode=frozen_native name=lazy_if sample=2 iterations=1600000 elapsed_ns=148168745 ns_per_eval=92.605 result=INT:2
EXPR_LANE_PERF tier=ast mode=frozen_native name=lazy_if sample=3 iterations=1600000 elapsed_ns=148240985 ns_per_eval=92.651 result=INT:2
EXPR_LANE_PERF tier=ast mode=frozen_native name=lazy_if sample=4 iterations=1600000 elapsed_ns=148658183 ns_per_eval=92.911 result=INT:2
EXPR_LANE_PERF tier=ast mode=frozen_native name=lazy_if sample=5 iterations=1600000 elapsed_ns=148825433 ns_per_eval=93.016 result=INT:2
EXPR_LANE_PERF tier=ast mode=frozen_native name=lazy_if sample=6 iterations=1600000 elapsed_ns=150039858 ns_per_eval=93.775 result=INT:2
EXPR_LANE_PERF tier=ast mode=frozen_native name=lazy_if sample=7 iterations=1600000 elapsed_ns=151892080 ns_per_eval=94.933 result=INT:2
EXPR_LANE_PERF tier=ast mode=frozen_native name=lazy_if sample=8 iterations=1600000 elapsed_ns=149232202 ns_per_eval=93.270 result=INT:2
EXPR_LANE_PERF tier=ast mode=frozen_native name=strcmp sample=0 iterations=800000 elapsed_ns=133089899 ns_per_eval=166.362 result=INT:-1
EXPR_LANE_PERF tier=ast mode=frozen_native name=strcmp sample=1 iterations=800000 elapsed_ns=133458308 ns_per_eval=166.823 result=INT:-1
EXPR_LANE_PERF tier=ast mode=frozen_native name=strcmp sample=2 iterations=800000 elapsed_ns=133226199 ns_per_eval=166.533 result=INT:-1
EXPR_LANE_PERF tier=ast mode=frozen_native name=strcmp sample=3 iterations=800000 elapsed_ns=132861830 ns_per_eval=166.077 result=INT:-1
EXPR_LANE_PERF tier=ast mode=frozen_native name=strcmp sample=4 iterations=800000 elapsed_ns=132464343 ns_per_eval=165.580 result=INT:-1
EXPR_LANE_PERF tier=ast mode=frozen_native name=strcmp sample=5 iterations=800000 elapsed_ns=132530872 ns_per_eval=165.664 result=INT:-1
EXPR_LANE_PERF tier=ast mode=frozen_native name=strcmp sample=6 iterations=800000 elapsed_ns=133181849 ns_per_eval=166.477 result=INT:-1
EXPR_LANE_PERF tier=ast mode=frozen_native name=strcmp sample=7 iterations=800000 elapsed_ns=133794577 ns_per_eval=167.243 result=INT:-1
EXPR_LANE_PERF tier=ast mode=frozen_native name=strcmp sample=8 iterations=800000 elapsed_ns=132584882 ns_per_eval=165.731 result=INT:-1
EXPR_LANE_PERF tier=ast mode=frozen_native name=decimal_add sample=0 iterations=480000 elapsed_ns=160359425 ns_per_eval=334.082 result=DEC:124.00
EXPR_LANE_PERF tier=ast mode=frozen_native name=decimal_add sample=1 iterations=480000 elapsed_ns=160592095 ns_per_eval=334.567 result=DEC:124.00
EXPR_LANE_PERF tier=ast mode=frozen_native name=decimal_add sample=2 iterations=480000 elapsed_ns=160074617 ns_per_eval=333.489 result=DEC:124.00
EXPR_LANE_PERF tier=ast mode=frozen_native name=decimal_add sample=3 iterations=480000 elapsed_ns=159535339 ns_per_eval=332.365 result=DEC:124.00
EXPR_LANE_PERF tier=ast mode=frozen_native name=decimal_add sample=4 iterations=480000 elapsed_ns=159401599 ns_per_eval=332.087 result=DEC:124.00
EXPR_LANE_PERF tier=ast mode=frozen_native name=decimal_add sample=5 iterations=480000 elapsed_ns=159325640 ns_per_eval=331.928 result=DEC:124.00
EXPR_LANE_PERF tier=ast mode=frozen_native name=decimal_add sample=6 iterations=480000 elapsed_ns=159782739 ns_per_eval=332.881 result=DEC:124.00
EXPR_LANE_PERF tier=ast mode=frozen_native name=decimal_add sample=7 iterations=480000 elapsed_ns=160214447 ns_per_eval=333.780 result=DEC:124.00
EXPR_LANE_PERF tier=ast mode=frozen_native name=decimal_add sample=8 iterations=480000 elapsed_ns=158982202 ns_per_eval=331.213 result=DEC:124.00
EXPR_LANE_PERF tier=ast mode=frozen_native name=json_type sample=0 iterations=480000 elapsed_ns=108638844 ns_per_eval=226.331 result=STR:OBJECT
EXPR_LANE_PERF tier=ast mode=frozen_native name=json_type sample=1 iterations=480000 elapsed_ns=108485904 ns_per_eval=226.012 result=STR:OBJECT
EXPR_LANE_PERF tier=ast mode=frozen_native name=json_type sample=2 iterations=480000 elapsed_ns=108582344 ns_per_eval=226.213 result=STR:OBJECT
EXPR_LANE_PERF tier=ast mode=frozen_native name=json_type sample=3 iterations=480000 elapsed_ns=108512964 ns_per_eval=226.069 result=STR:OBJECT
EXPR_LANE_PERF tier=ast mode=frozen_native name=json_type sample=4 iterations=480000 elapsed_ns=108522284 ns_per_eval=226.088 result=STR:OBJECT
EXPR_LANE_PERF tier=ast mode=frozen_native name=json_type sample=5 iterations=480000 elapsed_ns=109096142 ns_per_eval=227.284 result=STR:OBJECT
EXPR_LANE_PERF tier=ast mode=frozen_native name=json_type sample=6 iterations=480000 elapsed_ns=108422804 ns_per_eval=225.881 result=STR:OBJECT
EXPR_LANE_PERF tier=ast mode=frozen_native name=json_type sample=7 iterations=480000 elapsed_ns=108521664 ns_per_eval=226.087 result=STR:OBJECT
EXPR_LANE_PERF tier=ast mode=frozen_native name=json_type sample=8 iterations=480000 elapsed_ns=108664574 ns_per_eval=226.385 result=STR:OBJECT
EXPR_LANE_PERF tier=ast mode=frozen_native name=regexp_like sample=0 iterations=160000 elapsed_ns=1226761933 ns_per_eval=7667.262 result=INT:1
EXPR_LANE_PERF tier=ast mode=frozen_native name=regexp_like sample=1 iterations=160000 elapsed_ns=1219579297 ns_per_eval=7622.371 result=INT:1
EXPR_LANE_PERF tier=ast mode=frozen_native name=regexp_like sample=2 iterations=160000 elapsed_ns=1221481195 ns_per_eval=7634.257 result=INT:1
EXPR_LANE_PERF tier=ast mode=frozen_native name=regexp_like sample=3 iterations=160000 elapsed_ns=1223574592 ns_per_eval=7647.341 result=INT:1
EXPR_LANE_PERF tier=ast mode=frozen_native name=regexp_like sample=4 iterations=160000 elapsed_ns=1233458026 ns_per_eval=7709.113 result=INT:1
EXPR_LANE_PERF tier=ast mode=frozen_native name=regexp_like sample=5 iterations=160000 elapsed_ns=1221869640 ns_per_eval=7636.685 result=INT:1
EXPR_LANE_PERF tier=ast mode=frozen_native name=regexp_like sample=6 iterations=160000 elapsed_ns=1239862511 ns_per_eval=7749.141 result=INT:1
EXPR_LANE_PERF tier=ast mode=frozen_native name=regexp_like sample=7 iterations=160000 elapsed_ns=1231671749 ns_per_eval=7697.948 result=INT:1
EXPR_LANE_PERF tier=ast mode=frozen_native name=regexp_like sample=8 iterations=160000 elapsed_ns=1222725623 ns_per_eval=7642.035 result=INT:1
EXPR_LANE_PERF tier=chunk mode=frozen_native name=integer_add sample=0 iterations=3200000 elapsed_ns=294991204 ns_per_eval=92.185 result=INT:3
EXPR_LANE_PERF tier=chunk mode=frozen_native name=integer_add sample=1 iterations=3200000 elapsed_ns=295746490 ns_per_eval=92.421 result=INT:3
EXPR_LANE_PERF tier=chunk mode=frozen_native name=integer_add sample=2 iterations=3200000 elapsed_ns=295371552 ns_per_eval=92.304 result=INT:3
EXPR_LANE_PERF tier=chunk mode=frozen_native name=integer_add sample=3 iterations=3200000 elapsed_ns=294873075 ns_per_eval=92.148 result=INT:3
EXPR_LANE_PERF tier=chunk mode=frozen_native name=integer_add sample=4 iterations=3200000 elapsed_ns=295132354 ns_per_eval=92.229 result=INT:3
EXPR_LANE_PERF tier=chunk mode=frozen_native name=integer_add sample=5 iterations=3200000 elapsed_ns=296032491 ns_per_eval=92.510 result=INT:3
EXPR_LANE_PERF tier=chunk mode=frozen_native name=integer_add sample=6 iterations=3200000 elapsed_ns=295318945 ns_per_eval=92.287 result=INT:3
EXPR_LANE_PERF tier=chunk mode=frozen_native name=integer_add sample=7 iterations=3200000 elapsed_ns=295497943 ns_per_eval=92.343 result=INT:3
EXPR_LANE_PERF tier=chunk mode=frozen_native name=integer_add sample=8 iterations=3200000 elapsed_ns=296167391 ns_per_eval=92.552 result=INT:3
EXPR_LANE_PERF tier=chunk mode=frozen_native name=lazy_if sample=0 iterations=1600000 elapsed_ns=69692580 ns_per_eval=43.558 result=INT:2
EXPR_LANE_PERF tier=chunk mode=frozen_native name=lazy_if sample=1 iterations=1600000 elapsed_ns=69739851 ns_per_eval=43.587 result=INT:2
EXPR_LANE_PERF tier=chunk mode=frozen_native name=lazy_if sample=2 iterations=1600000 elapsed_ns=69705891 ns_per_eval=43.566 result=INT:2
EXPR_LANE_PERF tier=chunk mode=frozen_native name=lazy_if sample=3 iterations=1600000 elapsed_ns=69694741 ns_per_eval=43.559 result=INT:2
EXPR_LANE_PERF tier=chunk mode=frozen_native name=lazy_if sample=4 iterations=1600000 elapsed_ns=69685291 ns_per_eval=43.553 result=INT:2
EXPR_LANE_PERF tier=chunk mode=frozen_native name=lazy_if sample=5 iterations=1600000 elapsed_ns=69692171 ns_per_eval=43.558 result=INT:2
EXPR_LANE_PERF tier=chunk mode=frozen_native name=lazy_if sample=6 iterations=1600000 elapsed_ns=69666571 ns_per_eval=43.542 result=INT:2
EXPR_LANE_PERF tier=chunk mode=frozen_native name=lazy_if sample=7 iterations=1600000 elapsed_ns=69638141 ns_per_eval=43.524 result=INT:2
EXPR_LANE_PERF tier=chunk mode=frozen_native name=lazy_if sample=8 iterations=1600000 elapsed_ns=69637612 ns_per_eval=43.524 result=INT:2
EXPR_LANE_PERF tier=chunk mode=frozen_native name=strcmp sample=0 iterations=800000 elapsed_ns=61027907 ns_per_eval=76.285 result=INT:-1
EXPR_LANE_PERF tier=chunk mode=frozen_native name=strcmp sample=1 iterations=800000 elapsed_ns=61200566 ns_per_eval=76.501 result=INT:-1
EXPR_LANE_PERF tier=chunk mode=frozen_native name=strcmp sample=2 iterations=800000 elapsed_ns=61111146 ns_per_eval=76.389 result=INT:-1
EXPR_LANE_PERF tier=chunk mode=frozen_native name=strcmp sample=3 iterations=800000 elapsed_ns=61388666 ns_per_eval=76.736 result=INT:-1
EXPR_LANE_PERF tier=chunk mode=frozen_native name=strcmp sample=4 iterations=800000 elapsed_ns=62358532 ns_per_eval=77.948 result=INT:-1
EXPR_LANE_PERF tier=chunk mode=frozen_native name=strcmp sample=5 iterations=800000 elapsed_ns=61415295 ns_per_eval=76.769 result=INT:-1
EXPR_LANE_PERF tier=chunk mode=frozen_native name=strcmp sample=6 iterations=800000 elapsed_ns=62233581 ns_per_eval=77.792 result=INT:-1
EXPR_LANE_PERF tier=chunk mode=frozen_native name=strcmp sample=7 iterations=800000 elapsed_ns=62937850 ns_per_eval=78.672 result=INT:-1
EXPR_LANE_PERF tier=chunk mode=frozen_native name=strcmp sample=8 iterations=800000 elapsed_ns=62495341 ns_per_eval=78.119 result=INT:-1
EXPR_LANE_PERF tier=chunk mode=frozen_native name=decimal_add sample=0 iterations=480000 elapsed_ns=236711560 ns_per_eval=493.149 result=DEC:124.00
EXPR_LANE_PERF tier=chunk mode=frozen_native name=decimal_add sample=1 iterations=480000 elapsed_ns=238988100 ns_per_eval=497.892 result=DEC:124.00
EXPR_LANE_PERF tier=chunk mode=frozen_native name=decimal_add sample=2 iterations=480000 elapsed_ns=238665471 ns_per_eval=497.220 result=DEC:124.00
EXPR_LANE_PERF tier=chunk mode=frozen_native name=decimal_add sample=3 iterations=480000 elapsed_ns=238660681 ns_per_eval=497.210 result=DEC:124.00
EXPR_LANE_PERF tier=chunk mode=frozen_native name=decimal_add sample=4 iterations=480000 elapsed_ns=236965329 ns_per_eval=493.678 result=DEC:124.00
EXPR_LANE_PERF tier=chunk mode=frozen_native name=decimal_add sample=5 iterations=480000 elapsed_ns=237814796 ns_per_eval=495.447 result=DEC:124.00
EXPR_LANE_PERF tier=chunk mode=frozen_native name=decimal_add sample=6 iterations=480000 elapsed_ns=236086224 ns_per_eval=491.846 result=DEC:124.00
EXPR_LANE_PERF tier=chunk mode=frozen_native name=decimal_add sample=7 iterations=480000 elapsed_ns=237461316 ns_per_eval=494.711 result=DEC:124.00
EXPR_LANE_PERF tier=chunk mode=frozen_native name=decimal_add sample=8 iterations=480000 elapsed_ns=238122196 ns_per_eval=496.088 result=DEC:124.00
EXPR_LANE_PERF tier=chunk mode=frozen_native name=json_type sample=0 iterations=480000 elapsed_ns=101246151 ns_per_eval=210.929 result=STR:OBJECT
EXPR_LANE_PERF tier=chunk mode=frozen_native name=json_type sample=1 iterations=480000 elapsed_ns=101424140 ns_per_eval=211.300 result=STR:OBJECT
EXPR_LANE_PERF tier=chunk mode=frozen_native name=json_type sample=2 iterations=480000 elapsed_ns=101617330 ns_per_eval=211.703 result=STR:OBJECT
EXPR_LANE_PERF tier=chunk mode=frozen_native name=json_type sample=3 iterations=480000 elapsed_ns=101618609 ns_per_eval=211.705 result=STR:OBJECT
EXPR_LANE_PERF tier=chunk mode=frozen_native name=json_type sample=4 iterations=480000 elapsed_ns=101376011 ns_per_eval=211.200 result=STR:OBJECT
EXPR_LANE_PERF tier=chunk mode=frozen_native name=json_type sample=5 iterations=480000 elapsed_ns=101684889 ns_per_eval=211.844 result=STR:OBJECT
EXPR_LANE_PERF tier=chunk mode=frozen_native name=json_type sample=6 iterations=480000 elapsed_ns=101632070 ns_per_eval=211.733 result=STR:OBJECT
EXPR_LANE_PERF tier=chunk mode=frozen_native name=json_type sample=7 iterations=480000 elapsed_ns=101490820 ns_per_eval=211.439 result=STR:OBJECT
EXPR_LANE_PERF tier=chunk mode=frozen_native name=json_type sample=8 iterations=480000 elapsed_ns=101521991 ns_per_eval=211.504 result=STR:OBJECT
EXPR_LANE_PERF tier=chunk mode=frozen_native name=regexp_like sample=0 iterations=160000 elapsed_ns=38897899 ns_per_eval=243.112 result=INT:1
EXPR_LANE_PERF tier=chunk mode=frozen_native name=regexp_like sample=1 iterations=160000 elapsed_ns=38814140 ns_per_eval=242.588 result=INT:1
EXPR_LANE_PERF tier=chunk mode=frozen_native name=regexp_like sample=2 iterations=160000 elapsed_ns=38769899 ns_per_eval=242.312 result=INT:1
EXPR_LANE_PERF tier=chunk mode=frozen_native name=regexp_like sample=3 iterations=160000 elapsed_ns=38769180 ns_per_eval=242.307 result=INT:1
EXPR_LANE_PERF tier=chunk mode=frozen_native name=regexp_like sample=4 iterations=160000 elapsed_ns=38787410 ns_per_eval=242.421 result=INT:1
EXPR_LANE_PERF tier=chunk mode=frozen_native name=regexp_like sample=5 iterations=160000 elapsed_ns=38801889 ns_per_eval=242.512 result=INT:1
EXPR_LANE_PERF tier=chunk mode=frozen_native name=regexp_like sample=6 iterations=160000 elapsed_ns=38820320 ns_per_eval=242.627 result=INT:1
EXPR_LANE_PERF tier=chunk mode=frozen_native name=regexp_like sample=7 iterations=160000 elapsed_ns=38810169 ns_per_eval=242.564 result=INT:1
EXPR_LANE_PERF tier=chunk mode=frozen_native name=regexp_like sample=8 iterations=160000 elapsed_ns=38766540 ns_per_eval=242.291 result=INT:1
EXPR_LANE_CALIBRATION stage=after iterations=20000000 elapsed_ns=21729600 ns_per_iter=1.086 checksum=14785134113392808001
ok

test result: ok. 1 passed; 0 failed; 0 ignored; 0 measured; 1324 filtered out; finished in 24.24s

PERF_PROCESS_RUN suite=width-one revision=frozen run=4 order_cpu=2

running 1 test
test tests::lane_cache_performance::lane_cache_release_performance_probe ... EXPR_LANE_PERF_CONFIG warmups=2000 samples=9 revision=frozen iteration_multiplier=16
EXPR_LANE_CALIBRATION stage=before iterations=20000000 elapsed_ns=21980910 ns_per_iter=1.099 checksum=14785134113392808001
EXPR_LANE_PERF tier=ast mode=frozen_native name=integer_add sample=0 iterations=3200000 elapsed_ns=105724813 ns_per_eval=33.039 result=INT:3
EXPR_LANE_PERF tier=ast mode=frozen_native name=integer_add sample=1 iterations=3200000 elapsed_ns=108043584 ns_per_eval=33.764 result=INT:3
EXPR_LANE_PERF tier=ast mode=frozen_native name=integer_add sample=2 iterations=3200000 elapsed_ns=110775412 ns_per_eval=34.617 result=INT:3
EXPR_LANE_PERF tier=ast mode=frozen_native name=integer_add sample=3 iterations=3200000 elapsed_ns=103895210 ns_per_eval=32.467 result=INT:3
EXPR_LANE_PERF tier=ast mode=frozen_native name=integer_add sample=4 iterations=3200000 elapsed_ns=104207210 ns_per_eval=32.565 result=INT:3
EXPR_LANE_PERF tier=ast mode=frozen_native name=integer_add sample=5 iterations=3200000 elapsed_ns=104274959 ns_per_eval=32.586 result=INT:3
EXPR_LANE_PERF tier=ast mode=frozen_native name=integer_add sample=6 iterations=3200000 elapsed_ns=111340311 ns_per_eval=34.794 result=INT:3
EXPR_LANE_PERF tier=ast mode=frozen_native name=integer_add sample=7 iterations=3200000 elapsed_ns=107304336 ns_per_eval=33.533 result=INT:3
EXPR_LANE_PERF tier=ast mode=frozen_native name=integer_add sample=8 iterations=3200000 elapsed_ns=113214083 ns_per_eval=35.379 result=INT:3
EXPR_LANE_PERF tier=ast mode=frozen_native name=lazy_if sample=0 iterations=1600000 elapsed_ns=150987247 ns_per_eval=94.367 result=INT:2
EXPR_LANE_PERF tier=ast mode=frozen_native name=lazy_if sample=1 iterations=1600000 elapsed_ns=149576002 ns_per_eval=93.485 result=INT:2
EXPR_LANE_PERF tier=ast mode=frozen_native name=lazy_if sample=2 iterations=1600000 elapsed_ns=148633006 ns_per_eval=92.896 result=INT:2
EXPR_LANE_PERF tier=ast mode=frozen_native name=lazy_if sample=3 iterations=1600000 elapsed_ns=148908176 ns_per_eval=93.068 result=INT:2
EXPR_LANE_PERF tier=ast mode=frozen_native name=lazy_if sample=4 iterations=1600000 elapsed_ns=149788672 ns_per_eval=93.618 result=INT:2
EXPR_LANE_PERF tier=ast mode=frozen_native name=lazy_if sample=5 iterations=1600000 elapsed_ns=149259884 ns_per_eval=93.287 result=INT:2
EXPR_LANE_PERF tier=ast mode=frozen_native name=lazy_if sample=6 iterations=1600000 elapsed_ns=148381208 ns_per_eval=92.738 result=INT:2
EXPR_LANE_PERF tier=ast mode=frozen_native name=lazy_if sample=7 iterations=1600000 elapsed_ns=148335369 ns_per_eval=92.710 result=INT:2
EXPR_LANE_PERF tier=ast mode=frozen_native name=lazy_if sample=8 iterations=1600000 elapsed_ns=148386797 ns_per_eval=92.742 result=INT:2
EXPR_LANE_PERF tier=ast mode=frozen_native name=strcmp sample=0 iterations=800000 elapsed_ns=130554812 ns_per_eval=163.194 result=INT:-1
EXPR_LANE_PERF tier=ast mode=frozen_native name=strcmp sample=1 iterations=800000 elapsed_ns=130920210 ns_per_eval=163.650 result=INT:-1
EXPR_LANE_PERF tier=ast mode=frozen_native name=strcmp sample=2 iterations=800000 elapsed_ns=130551522 ns_per_eval=163.189 result=INT:-1
EXPR_LANE_PERF tier=ast mode=frozen_native name=strcmp sample=3 iterations=800000 elapsed_ns=130992501 ns_per_eval=163.741 result=INT:-1
EXPR_LANE_PERF tier=ast mode=frozen_native name=strcmp sample=4 iterations=800000 elapsed_ns=130994459 ns_per_eval=163.743 result=INT:-1
EXPR_LANE_PERF tier=ast mode=frozen_native name=strcmp sample=5 iterations=800000 elapsed_ns=130583272 ns_per_eval=163.229 result=INT:-1
EXPR_LANE_PERF tier=ast mode=frozen_native name=strcmp sample=6 iterations=800000 elapsed_ns=130606602 ns_per_eval=163.258 result=INT:-1
EXPR_LANE_PERF tier=ast mode=frozen_native name=strcmp sample=7 iterations=800000 elapsed_ns=130735971 ns_per_eval=163.420 result=INT:-1
EXPR_LANE_PERF tier=ast mode=frozen_native name=strcmp sample=8 iterations=800000 elapsed_ns=130896510 ns_per_eval=163.621 result=INT:-1
EXPR_LANE_PERF tier=ast mode=frozen_native name=decimal_add sample=0 iterations=480000 elapsed_ns=164225204 ns_per_eval=342.136 result=DEC:124.00
EXPR_LANE_PERF tier=ast mode=frozen_native name=decimal_add sample=1 iterations=480000 elapsed_ns=164522963 ns_per_eval=342.756 result=DEC:124.00
EXPR_LANE_PERF tier=ast mode=frozen_native name=decimal_add sample=2 iterations=480000 elapsed_ns=164456402 ns_per_eval=342.618 result=DEC:124.00
EXPR_LANE_PERF tier=ast mode=frozen_native name=decimal_add sample=3 iterations=480000 elapsed_ns=164570323 ns_per_eval=342.855 result=DEC:124.00
EXPR_LANE_PERF tier=ast mode=frozen_native name=decimal_add sample=4 iterations=480000 elapsed_ns=164378013 ns_per_eval=342.454 result=DEC:124.00
EXPR_LANE_PERF tier=ast mode=frozen_native name=decimal_add sample=5 iterations=480000 elapsed_ns=164230854 ns_per_eval=342.148 result=DEC:124.00
EXPR_LANE_PERF tier=ast mode=frozen_native name=decimal_add sample=6 iterations=480000 elapsed_ns=164238494 ns_per_eval=342.164 result=DEC:124.00
EXPR_LANE_PERF tier=ast mode=frozen_native name=decimal_add sample=7 iterations=480000 elapsed_ns=164690992 ns_per_eval=343.106 result=DEC:124.00
EXPR_LANE_PERF tier=ast mode=frozen_native name=decimal_add sample=8 iterations=480000 elapsed_ns=164436033 ns_per_eval=342.575 result=DEC:124.00
EXPR_LANE_PERF tier=ast mode=frozen_native name=json_type sample=0 iterations=480000 elapsed_ns=111029583 ns_per_eval=231.312 result=STR:OBJECT
EXPR_LANE_PERF tier=ast mode=frozen_native name=json_type sample=1 iterations=480000 elapsed_ns=111449522 ns_per_eval=232.187 result=STR:OBJECT
EXPR_LANE_PERF tier=ast mode=frozen_native name=json_type sample=2 iterations=480000 elapsed_ns=111124443 ns_per_eval=231.509 result=STR:OBJECT
EXPR_LANE_PERF tier=ast mode=frozen_native name=json_type sample=3 iterations=480000 elapsed_ns=110699294 ns_per_eval=230.624 result=STR:OBJECT
EXPR_LANE_PERF tier=ast mode=frozen_native name=json_type sample=4 iterations=480000 elapsed_ns=111093543 ns_per_eval=231.445 result=STR:OBJECT
EXPR_LANE_PERF tier=ast mode=frozen_native name=json_type sample=5 iterations=480000 elapsed_ns=110583015 ns_per_eval=230.381 result=STR:OBJECT
EXPR_LANE_PERF tier=ast mode=frozen_native name=json_type sample=6 iterations=480000 elapsed_ns=111272793 ns_per_eval=231.818 result=STR:OBJECT
EXPR_LANE_PERF tier=ast mode=frozen_native name=json_type sample=7 iterations=480000 elapsed_ns=110920114 ns_per_eval=231.084 result=STR:OBJECT
EXPR_LANE_PERF tier=ast mode=frozen_native name=json_type sample=8 iterations=480000 elapsed_ns=110559965 ns_per_eval=230.333 result=STR:OBJECT
EXPR_LANE_PERF tier=ast mode=frozen_native name=regexp_like sample=0 iterations=160000 elapsed_ns=1221555931 ns_per_eval=7634.725 result=INT:1
EXPR_LANE_PERF tier=ast mode=frozen_native name=regexp_like sample=1 iterations=160000 elapsed_ns=1222211833 ns_per_eval=7638.824 result=INT:1
EXPR_LANE_PERF tier=ast mode=frozen_native name=regexp_like sample=2 iterations=160000 elapsed_ns=1222889687 ns_per_eval=7643.061 result=INT:1
EXPR_LANE_PERF tier=ast mode=frozen_native name=regexp_like sample=3 iterations=160000 elapsed_ns=1226441937 ns_per_eval=7665.262 result=INT:1
EXPR_LANE_PERF tier=ast mode=frozen_native name=regexp_like sample=4 iterations=160000 elapsed_ns=1223624293 ns_per_eval=7647.652 result=INT:1
EXPR_LANE_PERF tier=ast mode=frozen_native name=regexp_like sample=5 iterations=160000 elapsed_ns=1226674026 ns_per_eval=7666.713 result=INT:1
EXPR_LANE_PERF tier=ast mode=frozen_native name=regexp_like sample=6 iterations=160000 elapsed_ns=1225881384 ns_per_eval=7661.759 result=INT:1
EXPR_LANE_PERF tier=ast mode=frozen_native name=regexp_like sample=7 iterations=160000 elapsed_ns=1224313987 ns_per_eval=7651.962 result=INT:1
EXPR_LANE_PERF tier=ast mode=frozen_native name=regexp_like sample=8 iterations=160000 elapsed_ns=1223746073 ns_per_eval=7648.413 result=INT:1
EXPR_LANE_PERF tier=chunk mode=frozen_native name=integer_add sample=0 iterations=3200000 elapsed_ns=294890740 ns_per_eval=92.153 result=INT:3
EXPR_LANE_PERF tier=chunk mode=frozen_native name=integer_add sample=1 iterations=3200000 elapsed_ns=295639266 ns_per_eval=92.387 result=INT:3
EXPR_LANE_PERF tier=chunk mode=frozen_native name=integer_add sample=2 iterations=3200000 elapsed_ns=295991266 ns_per_eval=92.497 result=INT:3
EXPR_LANE_PERF tier=chunk mode=frozen_native name=integer_add sample=3 iterations=3200000 elapsed_ns=295407767 ns_per_eval=92.315 result=INT:3
EXPR_LANE_PERF tier=chunk mode=frozen_native name=integer_add sample=4 iterations=3200000 elapsed_ns=295403538 ns_per_eval=92.314 result=INT:3
EXPR_LANE_PERF tier=chunk mode=frozen_native name=integer_add sample=5 iterations=3200000 elapsed_ns=295324810 ns_per_eval=92.289 result=INT:3
EXPR_LANE_PERF tier=chunk mode=frozen_native name=integer_add sample=6 iterations=3200000 elapsed_ns=295452749 ns_per_eval=92.329 result=INT:3
EXPR_LANE_PERF tier=chunk mode=frozen_native name=integer_add sample=7 iterations=3200000 elapsed_ns=295521348 ns_per_eval=92.350 result=INT:3
EXPR_LANE_PERF tier=chunk mode=frozen_native name=integer_add sample=8 iterations=3200000 elapsed_ns=295498719 ns_per_eval=92.343 result=INT:3
EXPR_LANE_PERF tier=chunk mode=frozen_native name=lazy_if sample=0 iterations=1600000 elapsed_ns=69870626 ns_per_eval=43.669 result=INT:2
EXPR_LANE_PERF tier=chunk mode=frozen_native name=lazy_if sample=1 iterations=1600000 elapsed_ns=69675727 ns_per_eval=43.547 result=INT:2
EXPR_LANE_PERF tier=chunk mode=frozen_native name=lazy_if sample=2 iterations=1600000 elapsed_ns=69632627 ns_per_eval=43.520 result=INT:2
EXPR_LANE_PERF tier=chunk mode=frozen_native name=lazy_if sample=3 iterations=1600000 elapsed_ns=69636787 ns_per_eval=43.523 result=INT:2
EXPR_LANE_PERF tier=chunk mode=frozen_native name=lazy_if sample=4 iterations=1600000 elapsed_ns=69656277 ns_per_eval=43.535 result=INT:2
EXPR_LANE_PERF tier=chunk mode=frozen_native name=lazy_if sample=5 iterations=1600000 elapsed_ns=69643798 ns_per_eval=43.527 result=INT:2
EXPR_LANE_PERF tier=chunk mode=frozen_native name=lazy_if sample=6 iterations=1600000 elapsed_ns=69626607 ns_per_eval=43.517 result=INT:2
EXPR_LANE_PERF tier=chunk mode=frozen_native name=lazy_if sample=7 iterations=1600000 elapsed_ns=69647627 ns_per_eval=43.530 result=INT:2
EXPR_LANE_PERF tier=chunk mode=frozen_native name=lazy_if sample=8 iterations=1600000 elapsed_ns=69646777 ns_per_eval=43.529 result=INT:2
EXPR_LANE_PERF tier=chunk mode=frozen_native name=strcmp sample=0 iterations=800000 elapsed_ns=60992522 ns_per_eval=76.241 result=INT:-1
EXPR_LANE_PERF tier=chunk mode=frozen_native name=strcmp sample=1 iterations=800000 elapsed_ns=61349911 ns_per_eval=76.687 result=INT:-1
EXPR_LANE_PERF tier=chunk mode=frozen_native name=strcmp sample=2 iterations=800000 elapsed_ns=61338291 ns_per_eval=76.673 result=INT:-1
EXPR_LANE_PERF tier=chunk mode=frozen_native name=strcmp sample=3 iterations=800000 elapsed_ns=61342551 ns_per_eval=76.678 result=INT:-1
EXPR_LANE_PERF tier=chunk mode=frozen_native name=strcmp sample=4 iterations=800000 elapsed_ns=61195002 ns_per_eval=76.494 result=INT:-1
EXPR_LANE_PERF tier=chunk mode=frozen_native name=strcmp sample=5 iterations=800000 elapsed_ns=61074592 ns_per_eval=76.343 result=INT:-1
EXPR_LANE_PERF tier=chunk mode=frozen_native name=strcmp sample=6 iterations=800000 elapsed_ns=61137882 ns_per_eval=76.422 result=INT:-1
EXPR_LANE_PERF tier=chunk mode=frozen_native name=strcmp sample=7 iterations=800000 elapsed_ns=61221211 ns_per_eval=76.527 result=INT:-1
EXPR_LANE_PERF tier=chunk mode=frozen_native name=strcmp sample=8 iterations=800000 elapsed_ns=61087842 ns_per_eval=76.360 result=INT:-1
EXPR_LANE_PERF tier=chunk mode=frozen_native name=decimal_add sample=0 iterations=480000 elapsed_ns=234048520 ns_per_eval=487.601 result=DEC:124.00
EXPR_LANE_PERF tier=chunk mode=frozen_native name=decimal_add sample=1 iterations=480000 elapsed_ns=232988664 ns_per_eval=485.393 result=DEC:124.00
EXPR_LANE_PERF tier=chunk mode=frozen_native name=decimal_add sample=2 iterations=480000 elapsed_ns=231558020 ns_per_eval=482.413 result=DEC:124.00
EXPR_LANE_PERF tier=chunk mode=frozen_native name=decimal_add sample=3 iterations=480000 elapsed_ns=232563497 ns_per_eval=484.507 result=DEC:124.00
EXPR_LANE_PERF tier=chunk mode=frozen_native name=decimal_add sample=4 iterations=480000 elapsed_ns=231131302 ns_per_eval=481.524 result=DEC:124.00
EXPR_LANE_PERF tier=chunk mode=frozen_native name=decimal_add sample=5 iterations=480000 elapsed_ns=233468284 ns_per_eval=486.392 result=DEC:124.00
EXPR_LANE_PERF tier=chunk mode=frozen_native name=decimal_add sample=6 iterations=480000 elapsed_ns=235530265 ns_per_eval=490.688 result=DEC:124.00
EXPR_LANE_PERF tier=chunk mode=frozen_native name=decimal_add sample=7 iterations=480000 elapsed_ns=236882370 ns_per_eval=493.505 result=DEC:124.00
EXPR_LANE_PERF tier=chunk mode=frozen_native name=decimal_add sample=8 iterations=480000 elapsed_ns=236977959 ns_per_eval=493.704 result=DEC:124.00
EXPR_LANE_PERF tier=chunk mode=frozen_native name=json_type sample=0 iterations=480000 elapsed_ns=101289140 ns_per_eval=211.019 result=STR:OBJECT
EXPR_LANE_PERF tier=chunk mode=frozen_native name=json_type sample=1 iterations=480000 elapsed_ns=101262720 ns_per_eval=210.964 result=STR:OBJECT
EXPR_LANE_PERF tier=chunk mode=frozen_native name=json_type sample=2 iterations=480000 elapsed_ns=101237769 ns_per_eval=210.912 result=STR:OBJECT
EXPR_LANE_PERF tier=chunk mode=frozen_native name=json_type sample=3 iterations=480000 elapsed_ns=101129701 ns_per_eval=210.687 result=STR:OBJECT
EXPR_LANE_PERF tier=chunk mode=frozen_native name=json_type sample=4 iterations=480000 elapsed_ns=100966791 ns_per_eval=210.347 result=STR:OBJECT
EXPR_LANE_PERF tier=chunk mode=frozen_native name=json_type sample=5 iterations=480000 elapsed_ns=101038471 ns_per_eval=210.497 result=STR:OBJECT
EXPR_LANE_PERF tier=chunk mode=frozen_native name=json_type sample=6 iterations=480000 elapsed_ns=101042350 ns_per_eval=210.505 result=STR:OBJECT
EXPR_LANE_PERF tier=chunk mode=frozen_native name=json_type sample=7 iterations=480000 elapsed_ns=101043461 ns_per_eval=210.507 result=STR:OBJECT
EXPR_LANE_PERF tier=chunk mode=frozen_native name=json_type sample=8 iterations=480000 elapsed_ns=100666343 ns_per_eval=209.722 result=STR:OBJECT
EXPR_LANE_PERF tier=chunk mode=frozen_native name=regexp_like sample=0 iterations=160000 elapsed_ns=38275965 ns_per_eval=239.225 result=INT:1
EXPR_LANE_PERF tier=chunk mode=frozen_native name=regexp_like sample=1 iterations=160000 elapsed_ns=38141796 ns_per_eval=238.386 result=INT:1
EXPR_LANE_PERF tier=chunk mode=frozen_native name=regexp_like sample=2 iterations=160000 elapsed_ns=38092035 ns_per_eval=238.075 result=INT:1
EXPR_LANE_PERF tier=chunk mode=frozen_native name=regexp_like sample=3 iterations=160000 elapsed_ns=38606944 ns_per_eval=241.293 result=INT:1
EXPR_LANE_PERF tier=chunk mode=frozen_native name=regexp_like sample=4 iterations=160000 elapsed_ns=38966962 ns_per_eval=243.544 result=INT:1
EXPR_LANE_PERF tier=chunk mode=frozen_native name=regexp_like sample=5 iterations=160000 elapsed_ns=38440224 ns_per_eval=240.251 result=INT:1
EXPR_LANE_PERF tier=chunk mode=frozen_native name=regexp_like sample=6 iterations=160000 elapsed_ns=38478905 ns_per_eval=240.493 result=INT:1
EXPR_LANE_PERF tier=chunk mode=frozen_native name=regexp_like sample=7 iterations=160000 elapsed_ns=38817283 ns_per_eval=242.608 result=INT:1
EXPR_LANE_PERF tier=chunk mode=frozen_native name=regexp_like sample=8 iterations=160000 elapsed_ns=38226545 ns_per_eval=238.916 result=INT:1
EXPR_LANE_CALIBRATION stage=after iterations=20000000 elapsed_ns=21737792 ns_per_iter=1.087 checksum=14785134113392808001
ok

test result: ok. 1 passed; 0 failed; 0 ignored; 0 measured; 1324 filtered out; finished in 24.25s

PERF_PROCESS_RUN suite=width-one revision=current run=4 order_cpu=2

running 1 test
test tests::lane_cache_performance::lane_cache_release_performance_probe ... EXPR_LANE_PERF_CONFIG warmups=2000 samples=9 iteration_divisor=1 iteration_multiplier=1 order=balanced-abba md5=excluded-known-release-prepare-failure
EXPR_LANE_CALIBRATION stage=before iterations=20000000 elapsed_ns=21796691 ns_per_iter=1.090 checksum=14785134113392808001
EXPR_LANE_PERF tier=ast mode=one_shot name=integer_add sample=0 iterations=200000 elapsed_ns=371215077 ns_per_eval=1856.075 result=INT:3
EXPR_LANE_PERF tier=ast mode=lane_cache name=integer_add sample=0 iterations=200000 elapsed_ns=193340848 ns_per_eval=966.704 result=INT:3
EXPR_LANE_PERF tier=ast mode=lane_cache name=integer_add sample=1 iterations=200000 elapsed_ns=193160969 ns_per_eval=965.805 result=INT:3
EXPR_LANE_PERF tier=ast mode=one_shot name=integer_add sample=1 iterations=200000 elapsed_ns=372943121 ns_per_eval=1864.716 result=INT:3
EXPR_LANE_PERF tier=ast mode=lane_cache name=integer_add sample=2 iterations=200000 elapsed_ns=193323719 ns_per_eval=966.619 result=INT:3
EXPR_LANE_PERF tier=ast mode=one_shot name=integer_add sample=2 iterations=200000 elapsed_ns=370158194 ns_per_eval=1850.791 result=INT:3
EXPR_LANE_PERF tier=ast mode=one_shot name=integer_add sample=3 iterations=200000 elapsed_ns=368951078 ns_per_eval=1844.755 result=INT:3
EXPR_LANE_PERF tier=ast mode=lane_cache name=integer_add sample=3 iterations=200000 elapsed_ns=193515199 ns_per_eval=967.576 result=INT:3
EXPR_LANE_PERF tier=ast mode=one_shot name=integer_add sample=4 iterations=200000 elapsed_ns=369577807 ns_per_eval=1847.889 result=INT:3
EXPR_LANE_PERF tier=ast mode=lane_cache name=integer_add sample=4 iterations=200000 elapsed_ns=193449629 ns_per_eval=967.248 result=INT:3
EXPR_LANE_PERF tier=ast mode=lane_cache name=integer_add sample=5 iterations=200000 elapsed_ns=193761488 ns_per_eval=968.807 result=INT:3
EXPR_LANE_PERF tier=ast mode=one_shot name=integer_add sample=5 iterations=200000 elapsed_ns=369914056 ns_per_eval=1849.570 result=INT:3
EXPR_LANE_PERF tier=ast mode=lane_cache name=integer_add sample=6 iterations=200000 elapsed_ns=193414579 ns_per_eval=967.073 result=INT:3
EXPR_LANE_PERF tier=ast mode=one_shot name=integer_add sample=6 iterations=200000 elapsed_ns=369598909 ns_per_eval=1847.995 result=INT:3
EXPR_LANE_PERF tier=ast mode=one_shot name=integer_add sample=7 iterations=200000 elapsed_ns=369460500 ns_per_eval=1847.303 result=INT:3
EXPR_LANE_PERF tier=ast mode=lane_cache name=integer_add sample=7 iterations=200000 elapsed_ns=194123697 ns_per_eval=970.618 result=INT:3
EXPR_LANE_PERF tier=ast mode=one_shot name=integer_add sample=8 iterations=200000 elapsed_ns=370263867 ns_per_eval=1851.319 result=INT:3
EXPR_LANE_PERF tier=ast mode=lane_cache name=integer_add sample=8 iterations=200000 elapsed_ns=193880109 ns_per_eval=969.401 result=INT:3
EXPR_LANE_PERF_WORKERS tier=ast name=integer_add count=1
EXPR_LANE_PERF tier=ast mode=one_shot name=lazy_if sample=0 iterations=100000 elapsed_ns=359961530 ns_per_eval=3599.615 result=INT:2
EXPR_LANE_PERF tier=ast mode=lane_cache name=lazy_if sample=0 iterations=100000 elapsed_ns=196709347 ns_per_eval=1967.093 result=INT:2
EXPR_LANE_PERF tier=ast mode=lane_cache name=lazy_if sample=1 iterations=100000 elapsed_ns=196438159 ns_per_eval=1964.382 result=INT:2
EXPR_LANE_PERF tier=ast mode=one_shot name=lazy_if sample=1 iterations=100000 elapsed_ns=360264029 ns_per_eval=3602.640 result=INT:2
EXPR_LANE_PERF tier=ast mode=lane_cache name=lazy_if sample=2 iterations=100000 elapsed_ns=196443999 ns_per_eval=1964.440 result=INT:2
EXPR_LANE_PERF tier=ast mode=one_shot name=lazy_if sample=2 iterations=100000 elapsed_ns=360486669 ns_per_eval=3604.867 result=INT:2
EXPR_LANE_PERF tier=ast mode=one_shot name=lazy_if sample=3 iterations=100000 elapsed_ns=360193701 ns_per_eval=3601.937 result=INT:2
EXPR_LANE_PERF tier=ast mode=lane_cache name=lazy_if sample=3 iterations=100000 elapsed_ns=196805177 ns_per_eval=1968.052 result=INT:2
EXPR_LANE_PERF tier=ast mode=one_shot name=lazy_if sample=4 iterations=100000 elapsed_ns=361720186 ns_per_eval=3617.202 result=INT:2
EXPR_LANE_PERF tier=ast mode=lane_cache name=lazy_if sample=4 iterations=100000 elapsed_ns=196997758 ns_per_eval=1969.978 result=INT:2
EXPR_LANE_PERF tier=ast mode=lane_cache name=lazy_if sample=5 iterations=100000 elapsed_ns=197280976 ns_per_eval=1972.810 result=INT:2
EXPR_LANE_PERF tier=ast mode=one_shot name=lazy_if sample=5 iterations=100000 elapsed_ns=361156218 ns_per_eval=3611.562 result=INT:2
EXPR_LANE_PERF tier=ast mode=lane_cache name=lazy_if sample=6 iterations=100000 elapsed_ns=196941999 ns_per_eval=1969.420 result=INT:2
EXPR_LANE_PERF tier=ast mode=one_shot name=lazy_if sample=6 iterations=100000 elapsed_ns=360982209 ns_per_eval=3609.822 result=INT:2
EXPR_LANE_PERF tier=ast mode=one_shot name=lazy_if sample=7 iterations=100000 elapsed_ns=360057304 ns_per_eval=3600.573 result=INT:2
EXPR_LANE_PERF tier=ast mode=lane_cache name=lazy_if sample=7 iterations=100000 elapsed_ns=196843210 ns_per_eval=1968.432 result=INT:2
EXPR_LANE_PERF tier=ast mode=one_shot name=lazy_if sample=8 iterations=100000 elapsed_ns=360587892 ns_per_eval=3605.879 result=INT:2
EXPR_LANE_PERF tier=ast mode=lane_cache name=lazy_if sample=8 iterations=100000 elapsed_ns=196392412 ns_per_eval=1963.924 result=INT:2
EXPR_LANE_PERF_WORKERS tier=ast name=lazy_if count=2
EXPR_LANE_PERF tier=ast mode=one_shot name=strcmp sample=0 iterations=50000 elapsed_ns=118321265 ns_per_eval=2366.425 result=INT:-1
EXPR_LANE_PERF tier=ast mode=lane_cache name=strcmp sample=0 iterations=50000 elapsed_ns=65477228 ns_per_eval=1309.545 result=INT:-1
EXPR_LANE_PERF tier=ast mode=lane_cache name=strcmp sample=1 iterations=50000 elapsed_ns=65309107 ns_per_eval=1306.182 result=INT:-1
EXPR_LANE_PERF tier=ast mode=one_shot name=strcmp sample=1 iterations=50000 elapsed_ns=118125557 ns_per_eval=2362.511 result=INT:-1
EXPR_LANE_PERF tier=ast mode=lane_cache name=strcmp sample=2 iterations=50000 elapsed_ns=65330977 ns_per_eval=1306.620 result=INT:-1
EXPR_LANE_PERF tier=ast mode=one_shot name=strcmp sample=2 iterations=50000 elapsed_ns=117728358 ns_per_eval=2354.567 result=INT:-1
EXPR_LANE_PERF tier=ast mode=one_shot name=strcmp sample=3 iterations=50000 elapsed_ns=117677638 ns_per_eval=2353.553 result=INT:-1
EXPR_LANE_PERF tier=ast mode=lane_cache name=strcmp sample=3 iterations=50000 elapsed_ns=65577437 ns_per_eval=1311.549 result=INT:-1
EXPR_LANE_PERF tier=ast mode=one_shot name=strcmp sample=4 iterations=50000 elapsed_ns=117703118 ns_per_eval=2354.062 result=INT:-1
EXPR_LANE_PERF tier=ast mode=lane_cache name=strcmp sample=4 iterations=50000 elapsed_ns=65469027 ns_per_eval=1309.381 result=INT:-1
EXPR_LANE_PERF tier=ast mode=lane_cache name=strcmp sample=5 iterations=50000 elapsed_ns=65403198 ns_per_eval=1308.064 result=INT:-1
EXPR_LANE_PERF tier=ast mode=one_shot name=strcmp sample=5 iterations=50000 elapsed_ns=117846477 ns_per_eval=2356.930 result=INT:-1
EXPR_LANE_PERF tier=ast mode=lane_cache name=strcmp sample=6 iterations=50000 elapsed_ns=65680617 ns_per_eval=1313.612 result=INT:-1
EXPR_LANE_PERF tier=ast mode=one_shot name=strcmp sample=6 iterations=50000 elapsed_ns=117973257 ns_per_eval=2359.465 result=INT:-1
EXPR_LANE_PERF tier=ast mode=one_shot name=strcmp sample=7 iterations=50000 elapsed_ns=117749728 ns_per_eval=2354.995 result=INT:-1
EXPR_LANE_PERF tier=ast mode=lane_cache name=strcmp sample=7 iterations=50000 elapsed_ns=65360728 ns_per_eval=1307.215 result=INT:-1
EXPR_LANE_PERF tier=ast mode=one_shot name=strcmp sample=8 iterations=50000 elapsed_ns=117854768 ns_per_eval=2357.095 result=INT:-1
EXPR_LANE_PERF tier=ast mode=lane_cache name=strcmp sample=8 iterations=50000 elapsed_ns=65224118 ns_per_eval=1304.482 result=INT:-1
EXPR_LANE_PERF_WORKERS tier=ast name=strcmp count=1
EXPR_LANE_PERF tier=ast mode=one_shot name=decimal_add sample=0 iterations=30000 elapsed_ns=99232582 ns_per_eval=3307.753 result=DEC:124.00
EXPR_LANE_PERF tier=ast mode=lane_cache name=decimal_add sample=0 iterations=30000 elapsed_ns=67255430 ns_per_eval=2241.848 result=DEC:124.00
EXPR_LANE_PERF tier=ast mode=lane_cache name=decimal_add sample=1 iterations=30000 elapsed_ns=67703099 ns_per_eval=2256.770 result=DEC:124.00
EXPR_LANE_PERF tier=ast mode=one_shot name=decimal_add sample=1 iterations=30000 elapsed_ns=101803062 ns_per_eval=3393.435 result=DEC:124.00
EXPR_LANE_PERF tier=ast mode=lane_cache name=decimal_add sample=2 iterations=30000 elapsed_ns=69266863 ns_per_eval=2308.895 result=DEC:124.00
EXPR_LANE_PERF tier=ast mode=one_shot name=decimal_add sample=2 iterations=30000 elapsed_ns=101429913 ns_per_eval=3380.997 result=DEC:124.00
EXPR_LANE_PERF tier=ast mode=one_shot name=decimal_add sample=3 iterations=30000 elapsed_ns=101180595 ns_per_eval=3372.686 result=DEC:124.00
EXPR_LANE_PERF tier=ast mode=lane_cache name=decimal_add sample=3 iterations=30000 elapsed_ns=68379496 ns_per_eval=2279.317 result=DEC:124.00
EXPR_LANE_PERF tier=ast mode=one_shot name=decimal_add sample=4 iterations=30000 elapsed_ns=99720550 ns_per_eval=3324.018 result=DEC:124.00
EXPR_LANE_PERF tier=ast mode=lane_cache name=decimal_add sample=4 iterations=30000 elapsed_ns=67432281 ns_per_eval=2247.743 result=DEC:124.00
EXPR_LANE_PERF tier=ast mode=lane_cache name=decimal_add sample=5 iterations=30000 elapsed_ns=67418829 ns_per_eval=2247.294 result=DEC:124.00
EXPR_LANE_PERF tier=ast mode=one_shot name=decimal_add sample=5 iterations=30000 elapsed_ns=101048945 ns_per_eval=3368.298 result=DEC:124.00
EXPR_LANE_PERF tier=ast mode=lane_cache name=decimal_add sample=6 iterations=30000 elapsed_ns=68541876 ns_per_eval=2284.729 result=DEC:124.00
EXPR_LANE_PERF tier=ast mode=one_shot name=decimal_add sample=6 iterations=30000 elapsed_ns=101072135 ns_per_eval=3369.071 result=DEC:124.00
EXPR_LANE_PERF tier=ast mode=one_shot name=decimal_add sample=7 iterations=30000 elapsed_ns=101417284 ns_per_eval=3380.576 result=DEC:124.00
EXPR_LANE_PERF tier=ast mode=lane_cache name=decimal_add sample=7 iterations=30000 elapsed_ns=68652305 ns_per_eval=2288.410 result=DEC:124.00
EXPR_LANE_PERF tier=ast mode=one_shot name=decimal_add sample=8 iterations=30000 elapsed_ns=100957116 ns_per_eval=3365.237 result=DEC:124.00
EXPR_LANE_PERF tier=ast mode=lane_cache name=decimal_add sample=8 iterations=30000 elapsed_ns=67688849 ns_per_eval=2256.295 result=DEC:124.00
EXPR_LANE_PERF_WORKERS tier=ast name=decimal_add count=1
EXPR_LANE_PERF tier=ast mode=one_shot name=json_type sample=0 iterations=30000 elapsed_ns=55704607 ns_per_eval=1856.820 result=STR:OBJECT
EXPR_LANE_PERF tier=ast mode=lane_cache name=json_type sample=0 iterations=30000 elapsed_ns=34252353 ns_per_eval=1141.745 result=STR:OBJECT
EXPR_LANE_PERF tier=ast mode=lane_cache name=json_type sample=1 iterations=30000 elapsed_ns=34180133 ns_per_eval=1139.338 result=STR:OBJECT
EXPR_LANE_PERF tier=ast mode=one_shot name=json_type sample=1 iterations=30000 elapsed_ns=55639887 ns_per_eval=1854.663 result=STR:OBJECT
EXPR_LANE_PERF tier=ast mode=lane_cache name=json_type sample=2 iterations=30000 elapsed_ns=34245953 ns_per_eval=1141.532 result=STR:OBJECT
EXPR_LANE_PERF tier=ast mode=one_shot name=json_type sample=2 iterations=30000 elapsed_ns=55602858 ns_per_eval=1853.429 result=STR:OBJECT
EXPR_LANE_PERF tier=ast mode=one_shot name=json_type sample=3 iterations=30000 elapsed_ns=55753477 ns_per_eval=1858.449 result=STR:OBJECT
EXPR_LANE_PERF tier=ast mode=lane_cache name=json_type sample=3 iterations=30000 elapsed_ns=34204983 ns_per_eval=1140.166 result=STR:OBJECT
EXPR_LANE_PERF tier=ast mode=one_shot name=json_type sample=4 iterations=30000 elapsed_ns=55624447 ns_per_eval=1854.148 result=STR:OBJECT
EXPR_LANE_PERF tier=ast mode=lane_cache name=json_type sample=4 iterations=30000 elapsed_ns=34169443 ns_per_eval=1138.981 result=STR:OBJECT
EXPR_LANE_PERF tier=ast mode=lane_cache name=json_type sample=5 iterations=30000 elapsed_ns=33934785 ns_per_eval=1131.159 result=STR:OBJECT
EXPR_LANE_PERF tier=ast mode=one_shot name=json_type sample=5 iterations=30000 elapsed_ns=55627927 ns_per_eval=1854.264 result=STR:OBJECT
EXPR_LANE_PERF tier=ast mode=lane_cache name=json_type sample=6 iterations=30000 elapsed_ns=34240163 ns_per_eval=1141.339 result=STR:OBJECT
EXPR_LANE_PERF tier=ast mode=one_shot name=json_type sample=6 iterations=30000 elapsed_ns=55785636 ns_per_eval=1859.521 result=STR:OBJECT
EXPR_LANE_PERF tier=ast mode=one_shot name=json_type sample=7 iterations=30000 elapsed_ns=55841617 ns_per_eval=1861.387 result=STR:OBJECT
EXPR_LANE_PERF tier=ast mode=lane_cache name=json_type sample=7 iterations=30000 elapsed_ns=34270513 ns_per_eval=1142.350 result=STR:OBJECT
EXPR_LANE_PERF tier=ast mode=one_shot name=json_type sample=8 iterations=30000 elapsed_ns=55767937 ns_per_eval=1858.931 result=STR:OBJECT
EXPR_LANE_PERF tier=ast mode=lane_cache name=json_type sample=8 iterations=30000 elapsed_ns=34238293 ns_per_eval=1141.276 result=STR:OBJECT
EXPR_LANE_PERF_WORKERS tier=ast name=json_type count=1
EXPR_LANE_PERF tier=ast mode=one_shot name=regexp_like sample=0 iterations=10000 elapsed_ns=105509348 ns_per_eval=10550.935 result=INT:1
EXPR_LANE_PERF tier=ast mode=lane_cache name=regexp_like sample=0 iterations=10000 elapsed_ns=93507976 ns_per_eval=9350.798 result=INT:1
EXPR_LANE_PERF tier=ast mode=lane_cache name=regexp_like sample=1 iterations=10000 elapsed_ns=93327507 ns_per_eval=9332.751 result=INT:1
EXPR_LANE_PERF tier=ast mode=one_shot name=regexp_like sample=1 iterations=10000 elapsed_ns=104786661 ns_per_eval=10478.666 result=INT:1
EXPR_LANE_PERF tier=ast mode=lane_cache name=regexp_like sample=2 iterations=10000 elapsed_ns=93588416 ns_per_eval=9358.842 result=INT:1
EXPR_LANE_PERF tier=ast mode=one_shot name=regexp_like sample=2 iterations=10000 elapsed_ns=106420354 ns_per_eval=10642.035 result=INT:1
EXPR_LANE_PERF tier=ast mode=one_shot name=regexp_like sample=3 iterations=10000 elapsed_ns=110751777 ns_per_eval=11075.178 result=INT:1
EXPR_LANE_PERF tier=ast mode=lane_cache name=regexp_like sample=3 iterations=10000 elapsed_ns=93843925 ns_per_eval=9384.392 result=INT:1
EXPR_LANE_PERF tier=ast mode=one_shot name=regexp_like sample=4 iterations=10000 elapsed_ns=105075749 ns_per_eval=10507.575 result=INT:1
EXPR_LANE_PERF tier=ast mode=lane_cache name=regexp_like sample=4 iterations=10000 elapsed_ns=92824409 ns_per_eval=9282.441 result=INT:1
EXPR_LANE_PERF tier=ast mode=lane_cache name=regexp_like sample=5 iterations=10000 elapsed_ns=93248318 ns_per_eval=9324.832 result=INT:1
EXPR_LANE_PERF tier=ast mode=one_shot name=regexp_like sample=5 iterations=10000 elapsed_ns=105120670 ns_per_eval=10512.067 result=INT:1
EXPR_LANE_PERF tier=ast mode=lane_cache name=regexp_like sample=6 iterations=10000 elapsed_ns=93568676 ns_per_eval=9356.868 result=INT:1
EXPR_LANE_PERF tier=ast mode=one_shot name=regexp_like sample=6 iterations=10000 elapsed_ns=105532468 ns_per_eval=10553.247 result=INT:1
EXPR_LANE_PERF tier=ast mode=one_shot name=regexp_like sample=7 iterations=10000 elapsed_ns=105597399 ns_per_eval=10559.740 result=INT:1
EXPR_LANE_PERF tier=ast mode=lane_cache name=regexp_like sample=7 iterations=10000 elapsed_ns=93900154 ns_per_eval=9390.015 result=INT:1
EXPR_LANE_PERF tier=ast mode=one_shot name=regexp_like sample=8 iterations=10000 elapsed_ns=105881337 ns_per_eval=10588.134 result=INT:1
EXPR_LANE_PERF tier=ast mode=lane_cache name=regexp_like sample=8 iterations=10000 elapsed_ns=94202184 ns_per_eval=9420.218 result=INT:1
EXPR_LANE_PERF_WORKERS tier=ast name=regexp_like count=1
EXPR_LANE_PERF tier=chunk mode=one_shot name=integer_add sample=0 iterations=200000 elapsed_ns=386406157 ns_per_eval=1932.031 result=INT:3
EXPR_LANE_PERF tier=chunk mode=lane_cache name=integer_add sample=0 iterations=200000 elapsed_ns=216949914 ns_per_eval=1084.750 result=INT:3
EXPR_LANE_PERF tier=chunk mode=lane_cache name=integer_add sample=1 iterations=200000 elapsed_ns=217533112 ns_per_eval=1087.666 result=INT:3
EXPR_LANE_PERF tier=chunk mode=one_shot name=integer_add sample=1 iterations=200000 elapsed_ns=385712430 ns_per_eval=1928.562 result=INT:3
EXPR_LANE_PERF tier=chunk mode=lane_cache name=integer_add sample=2 iterations=200000 elapsed_ns=217676012 ns_per_eval=1088.380 result=INT:3
EXPR_LANE_PERF tier=chunk mode=one_shot name=integer_add sample=2 iterations=200000 elapsed_ns=386574967 ns_per_eval=1932.875 result=INT:3
EXPR_LANE_PERF tier=chunk mode=one_shot name=integer_add sample=3 iterations=200000 elapsed_ns=385867712 ns_per_eval=1929.339 result=INT:3
EXPR_LANE_PERF tier=chunk mode=lane_cache name=integer_add sample=3 iterations=200000 elapsed_ns=216972365 ns_per_eval=1084.862 result=INT:3
EXPR_LANE_PERF tier=chunk mode=one_shot name=integer_add sample=4 iterations=200000 elapsed_ns=386212651 ns_per_eval=1931.063 result=INT:3
EXPR_LANE_PERF tier=chunk mode=lane_cache name=integer_add sample=4 iterations=200000 elapsed_ns=217258733 ns_per_eval=1086.294 result=INT:3
EXPR_LANE_PERF tier=chunk mode=lane_cache name=integer_add sample=5 iterations=200000 elapsed_ns=217625893 ns_per_eval=1088.129 result=INT:3
EXPR_LANE_PERF tier=chunk mode=one_shot name=integer_add sample=5 iterations=200000 elapsed_ns=385613315 ns_per_eval=1928.067 result=INT:3
EXPR_LANE_PERF tier=chunk mode=lane_cache name=integer_add sample=6 iterations=200000 elapsed_ns=216785267 ns_per_eval=1083.926 result=INT:3
EXPR_LANE_PERF tier=chunk mode=one_shot name=integer_add sample=6 iterations=200000 elapsed_ns=385170626 ns_per_eval=1925.853 result=INT:3
EXPR_LANE_PERF tier=chunk mode=one_shot name=integer_add sample=7 iterations=200000 elapsed_ns=384486100 ns_per_eval=1922.430 result=INT:3
EXPR_LANE_PERF tier=chunk mode=lane_cache name=integer_add sample=7 iterations=200000 elapsed_ns=217019547 ns_per_eval=1085.098 result=INT:3
EXPR_LANE_PERF tier=chunk mode=one_shot name=integer_add sample=8 iterations=200000 elapsed_ns=385271527 ns_per_eval=1926.358 result=INT:3
EXPR_LANE_PERF tier=chunk mode=lane_cache name=integer_add sample=8 iterations=200000 elapsed_ns=217399795 ns_per_eval=1086.999 result=INT:3
EXPR_LANE_PERF_WORKERS tier=chunk name=integer_add count=1
EXPR_LANE_PERF tier=chunk mode=one_shot name=lazy_if sample=0 iterations=100000 elapsed_ns=354838339 ns_per_eval=3548.383 result=INT:2
EXPR_LANE_PERF tier=chunk mode=lane_cache name=lazy_if sample=0 iterations=100000 elapsed_ns=193700450 ns_per_eval=1937.005 result=INT:2
EXPR_LANE_PERF tier=chunk mode=lane_cache name=lazy_if sample=1 iterations=100000 elapsed_ns=192608515 ns_per_eval=1926.085 result=INT:2
EXPR_LANE_PERF tier=chunk mode=one_shot name=lazy_if sample=1 iterations=100000 elapsed_ns=354162302 ns_per_eval=3541.623 result=INT:2
EXPR_LANE_PERF tier=chunk mode=lane_cache name=lazy_if sample=2 iterations=100000 elapsed_ns=192140577 ns_per_eval=1921.406 result=INT:2
EXPR_LANE_PERF tier=chunk mode=one_shot name=lazy_if sample=2 iterations=100000 elapsed_ns=353102197 ns_per_eval=3531.022 result=INT:2
EXPR_LANE_PERF tier=chunk mode=one_shot name=lazy_if sample=3 iterations=100000 elapsed_ns=354199904 ns_per_eval=3541.999 result=INT:2
EXPR_LANE_PERF tier=chunk mode=lane_cache name=lazy_if sample=3 iterations=100000 elapsed_ns=192675955 ns_per_eval=1926.760 result=INT:2
EXPR_LANE_PERF tier=chunk mode=one_shot name=lazy_if sample=4 iterations=100000 elapsed_ns=354609033 ns_per_eval=3546.090 result=INT:2
EXPR_LANE_PERF tier=chunk mode=lane_cache name=lazy_if sample=4 iterations=100000 elapsed_ns=193250163 ns_per_eval=1932.502 result=INT:2
EXPR_LANE_PERF tier=chunk mode=lane_cache name=lazy_if sample=5 iterations=100000 elapsed_ns=193030224 ns_per_eval=1930.302 result=INT:2
EXPR_LANE_PERF tier=chunk mode=one_shot name=lazy_if sample=5 iterations=100000 elapsed_ns=356282578 ns_per_eval=3562.826 result=INT:2
EXPR_LANE_PERF tier=chunk mode=lane_cache name=lazy_if sample=6 iterations=100000 elapsed_ns=192247197 ns_per_eval=1922.472 result=INT:2
EXPR_LANE_PERF tier=chunk mode=one_shot name=lazy_if sample=6 iterations=100000 elapsed_ns=353754857 ns_per_eval=3537.549 result=INT:2
EXPR_LANE_PERF tier=chunk mode=one_shot name=lazy_if sample=7 iterations=100000 elapsed_ns=353215420 ns_per_eval=3532.154 result=INT:2
EXPR_LANE_PERF tier=chunk mode=lane_cache name=lazy_if sample=7 iterations=100000 elapsed_ns=192333579 ns_per_eval=1923.336 result=INT:2
EXPR_LANE_PERF tier=chunk mode=one_shot name=lazy_if sample=8 iterations=100000 elapsed_ns=354186896 ns_per_eval=3541.869 result=INT:2
EXPR_LANE_PERF tier=chunk mode=lane_cache name=lazy_if sample=8 iterations=100000 elapsed_ns=193155075 ns_per_eval=1931.551 result=INT:2
EXPR_LANE_PERF_WORKERS tier=chunk name=lazy_if count=2
EXPR_LANE_PERF tier=chunk mode=one_shot name=strcmp sample=0 iterations=50000 elapsed_ns=116525128 ns_per_eval=2330.503 result=INT:-1
EXPR_LANE_PERF tier=chunk mode=lane_cache name=strcmp sample=0 iterations=50000 elapsed_ns=61777585 ns_per_eval=1235.552 result=INT:-1
EXPR_LANE_PERF tier=chunk mode=lane_cache name=strcmp sample=1 iterations=50000 elapsed_ns=61545377 ns_per_eval=1230.908 result=INT:-1
EXPR_LANE_PERF tier=chunk mode=one_shot name=strcmp sample=1 iterations=50000 elapsed_ns=116358249 ns_per_eval=2327.165 result=INT:-1
EXPR_LANE_PERF tier=chunk mode=lane_cache name=strcmp sample=2 iterations=50000 elapsed_ns=61731376 ns_per_eval=1234.628 result=INT:-1
EXPR_LANE_PERF tier=chunk mode=one_shot name=strcmp sample=2 iterations=50000 elapsed_ns=116320749 ns_per_eval=2326.415 result=INT:-1
EXPR_LANE_PERF tier=chunk mode=one_shot name=strcmp sample=3 iterations=50000 elapsed_ns=116319700 ns_per_eval=2326.394 result=INT:-1
EXPR_LANE_PERF tier=chunk mode=lane_cache name=strcmp sample=3 iterations=50000 elapsed_ns=61471616 ns_per_eval=1229.432 result=INT:-1
EXPR_LANE_PERF tier=chunk mode=one_shot name=strcmp sample=4 iterations=50000 elapsed_ns=116223410 ns_per_eval=2324.468 result=INT:-1
EXPR_LANE_PERF tier=chunk mode=lane_cache name=strcmp sample=4 iterations=50000 elapsed_ns=61993245 ns_per_eval=1239.865 result=INT:-1
EXPR_LANE_PERF tier=chunk mode=lane_cache name=strcmp sample=5 iterations=50000 elapsed_ns=61738796 ns_per_eval=1234.776 result=INT:-1
EXPR_LANE_PERF tier=chunk mode=one_shot name=strcmp sample=5 iterations=50000 elapsed_ns=116284249 ns_per_eval=2325.685 result=INT:-1
EXPR_LANE_PERF tier=chunk mode=lane_cache name=strcmp sample=6 iterations=50000 elapsed_ns=61592147 ns_per_eval=1231.843 result=INT:-1
EXPR_LANE_PERF tier=chunk mode=one_shot name=strcmp sample=6 iterations=50000 elapsed_ns=115947071 ns_per_eval=2318.941 result=INT:-1
EXPR_LANE_PERF tier=chunk mode=one_shot name=strcmp sample=7 iterations=50000 elapsed_ns=116091010 ns_per_eval=2321.820 result=INT:-1
EXPR_LANE_PERF tier=chunk mode=lane_cache name=strcmp sample=7 iterations=50000 elapsed_ns=61356468 ns_per_eval=1227.129 result=INT:-1
EXPR_LANE_PERF tier=chunk mode=one_shot name=strcmp sample=8 iterations=50000 elapsed_ns=116148260 ns_per_eval=2322.965 result=INT:-1
EXPR_LANE_PERF tier=chunk mode=lane_cache name=strcmp sample=8 iterations=50000 elapsed_ns=61541497 ns_per_eval=1230.830 result=INT:-1
EXPR_LANE_PERF_WORKERS tier=chunk name=strcmp count=1
EXPR_LANE_PERF tier=chunk mode=one_shot name=decimal_add sample=0 iterations=30000 elapsed_ns=105726182 ns_per_eval=3524.206 result=DEC:124.00
EXPR_LANE_PERF tier=chunk mode=lane_cache name=decimal_add sample=0 iterations=30000 elapsed_ns=73520629 ns_per_eval=2450.688 result=DEC:124.00
EXPR_LANE_PERF tier=chunk mode=lane_cache name=decimal_add sample=1 iterations=30000 elapsed_ns=73574409 ns_per_eval=2452.480 result=DEC:124.00
EXPR_LANE_PERF tier=chunk mode=one_shot name=decimal_add sample=1 iterations=30000 elapsed_ns=105622792 ns_per_eval=3520.760 result=DEC:124.00
EXPR_LANE_PERF tier=chunk mode=lane_cache name=decimal_add sample=2 iterations=30000 elapsed_ns=73489999 ns_per_eval=2449.667 result=DEC:124.00
EXPR_LANE_PERF tier=chunk mode=one_shot name=decimal_add sample=2 iterations=30000 elapsed_ns=105747353 ns_per_eval=3524.912 result=DEC:124.00
EXPR_LANE_PERF tier=chunk mode=one_shot name=decimal_add sample=3 iterations=30000 elapsed_ns=105693923 ns_per_eval=3523.131 result=DEC:124.00
EXPR_LANE_PERF tier=chunk mode=lane_cache name=decimal_add sample=3 iterations=30000 elapsed_ns=73427799 ns_per_eval=2447.593 result=DEC:124.00
EXPR_LANE_PERF tier=chunk mode=one_shot name=decimal_add sample=4 iterations=30000 elapsed_ns=105563253 ns_per_eval=3518.775 result=DEC:124.00
EXPR_LANE_PERF tier=chunk mode=lane_cache name=decimal_add sample=4 iterations=30000 elapsed_ns=73643039 ns_per_eval=2454.768 result=DEC:124.00
EXPR_LANE_PERF tier=chunk mode=lane_cache name=decimal_add sample=5 iterations=30000 elapsed_ns=73579339 ns_per_eval=2452.645 result=DEC:124.00
EXPR_LANE_PERF tier=chunk mode=one_shot name=decimal_add sample=5 iterations=30000 elapsed_ns=105746302 ns_per_eval=3524.877 result=DEC:124.00
EXPR_LANE_PERF tier=chunk mode=lane_cache name=decimal_add sample=6 iterations=30000 elapsed_ns=73460110 ns_per_eval=2448.670 result=DEC:124.00
EXPR_LANE_PERF tier=chunk mode=one_shot name=decimal_add sample=6 iterations=30000 elapsed_ns=105732072 ns_per_eval=3524.402 result=DEC:124.00
EXPR_LANE_PERF tier=chunk mode=one_shot name=decimal_add sample=7 iterations=30000 elapsed_ns=105640173 ns_per_eval=3521.339 result=DEC:124.00
EXPR_LANE_PERF tier=chunk mode=lane_cache name=decimal_add sample=7 iterations=30000 elapsed_ns=73584429 ns_per_eval=2452.814 result=DEC:124.00
EXPR_LANE_PERF tier=chunk mode=one_shot name=decimal_add sample=8 iterations=30000 elapsed_ns=105946922 ns_per_eval=3531.564 result=DEC:124.00
EXPR_LANE_PERF tier=chunk mode=lane_cache name=decimal_add sample=8 iterations=30000 elapsed_ns=73603369 ns_per_eval=2453.446 result=DEC:124.00
EXPR_LANE_PERF_WORKERS tier=chunk name=decimal_add count=1
EXPR_LANE_PERF tier=chunk mode=one_shot name=json_type sample=0 iterations=30000 elapsed_ns=54847633 ns_per_eval=1828.254 result=STR:OBJECT
EXPR_LANE_PERF tier=chunk mode=lane_cache name=json_type sample=0 iterations=30000 elapsed_ns=33979076 ns_per_eval=1132.636 result=STR:OBJECT
EXPR_LANE_PERF tier=chunk mode=lane_cache name=json_type sample=1 iterations=30000 elapsed_ns=33965096 ns_per_eval=1132.170 result=STR:OBJECT
EXPR_LANE_PERF tier=chunk mode=one_shot name=json_type sample=1 iterations=30000 elapsed_ns=54843553 ns_per_eval=1828.118 result=STR:OBJECT
EXPR_LANE_PERF tier=chunk mode=lane_cache name=json_type sample=2 iterations=30000 elapsed_ns=33975876 ns_per_eval=1132.529 result=STR:OBJECT
EXPR_LANE_PERF tier=chunk mode=one_shot name=json_type sample=2 iterations=30000 elapsed_ns=54772724 ns_per_eval=1825.757 result=STR:OBJECT
EXPR_LANE_PERF tier=chunk mode=one_shot name=json_type sample=3 iterations=30000 elapsed_ns=54863913 ns_per_eval=1828.797 result=STR:OBJECT
EXPR_LANE_PERF tier=chunk mode=lane_cache name=json_type sample=3 iterations=30000 elapsed_ns=33951006 ns_per_eval=1131.700 result=STR:OBJECT
EXPR_LANE_PERF tier=chunk mode=one_shot name=json_type sample=4 iterations=30000 elapsed_ns=54833504 ns_per_eval=1827.783 result=STR:OBJECT
EXPR_LANE_PERF tier=chunk mode=lane_cache name=json_type sample=4 iterations=30000 elapsed_ns=34159354 ns_per_eval=1138.645 result=STR:OBJECT
EXPR_LANE_PERF tier=chunk mode=lane_cache name=json_type sample=5 iterations=30000 elapsed_ns=33962676 ns_per_eval=1132.089 result=STR:OBJECT
EXPR_LANE_PERF tier=chunk mode=one_shot name=json_type sample=5 iterations=30000 elapsed_ns=55011793 ns_per_eval=1833.726 result=STR:OBJECT
EXPR_LANE_PERF tier=chunk mode=lane_cache name=json_type sample=6 iterations=30000 elapsed_ns=34059446 ns_per_eval=1135.315 result=STR:OBJECT
EXPR_LANE_PERF tier=chunk mode=one_shot name=json_type sample=6 iterations=30000 elapsed_ns=55148422 ns_per_eval=1838.281 result=STR:OBJECT
EXPR_LANE_PERF tier=chunk mode=one_shot name=json_type sample=7 iterations=30000 elapsed_ns=55082402 ns_per_eval=1836.080 result=STR:OBJECT
EXPR_LANE_PERF tier=chunk mode=lane_cache name=json_type sample=7 iterations=30000 elapsed_ns=34102945 ns_per_eval=1136.765 result=STR:OBJECT
EXPR_LANE_PERF tier=chunk mode=one_shot name=json_type sample=8 iterations=30000 elapsed_ns=54785254 ns_per_eval=1826.175 result=STR:OBJECT
EXPR_LANE_PERF tier=chunk mode=lane_cache name=json_type sample=8 iterations=30000 elapsed_ns=33999846 ns_per_eval=1133.328 result=STR:OBJECT
EXPR_LANE_PERF_WORKERS tier=chunk name=json_type count=1
EXPR_LANE_PERF tier=chunk mode=one_shot name=regexp_like sample=0 iterations=10000 elapsed_ns=25266600 ns_per_eval=2526.660 result=INT:1
EXPR_LANE_PERF tier=chunk mode=lane_cache name=regexp_like sample=0 iterations=10000 elapsed_ns=14709492 ns_per_eval=1470.949 result=INT:1
EXPR_LANE_PERF tier=chunk mode=lane_cache name=regexp_like sample=1 iterations=10000 elapsed_ns=14681502 ns_per_eval=1468.150 result=INT:1
EXPR_LANE_PERF tier=chunk mode=one_shot name=regexp_like sample=1 iterations=10000 elapsed_ns=25349530 ns_per_eval=2534.953 result=INT:1
EXPR_LANE_PERF tier=chunk mode=lane_cache name=regexp_like sample=2 iterations=10000 elapsed_ns=14754412 ns_per_eval=1475.441 result=INT:1
EXPR_LANE_PERF tier=chunk mode=one_shot name=regexp_like sample=2 iterations=10000 elapsed_ns=25402710 ns_per_eval=2540.271 result=INT:1
EXPR_LANE_PERF tier=chunk mode=one_shot name=regexp_like sample=3 iterations=10000 elapsed_ns=25302130 ns_per_eval=2530.213 result=INT:1
EXPR_LANE_PERF tier=chunk mode=lane_cache name=regexp_like sample=3 iterations=10000 elapsed_ns=14677622 ns_per_eval=1467.762 result=INT:1
EXPR_LANE_PERF tier=chunk mode=one_shot name=regexp_like sample=4 iterations=10000 elapsed_ns=25556499 ns_per_eval=2555.650 result=INT:1
EXPR_LANE_PERF tier=chunk mode=lane_cache name=regexp_like sample=4 iterations=10000 elapsed_ns=15060371 ns_per_eval=1506.037 result=INT:1
EXPR_LANE_PERF tier=chunk mode=lane_cache name=regexp_like sample=5 iterations=10000 elapsed_ns=15261519 ns_per_eval=1526.152 result=INT:1
EXPR_LANE_PERF tier=chunk mode=one_shot name=regexp_like sample=5 iterations=10000 elapsed_ns=25997758 ns_per_eval=2599.776 result=INT:1
EXPR_LANE_PERF tier=chunk mode=lane_cache name=regexp_like sample=6 iterations=10000 elapsed_ns=15147500 ns_per_eval=1514.750 result=INT:1
EXPR_LANE_PERF tier=chunk mode=one_shot name=regexp_like sample=6 iterations=10000 elapsed_ns=25796818 ns_per_eval=2579.682 result=INT:1
EXPR_LANE_PERF tier=chunk mode=one_shot name=regexp_like sample=7 iterations=10000 elapsed_ns=25751109 ns_per_eval=2575.111 result=INT:1
EXPR_LANE_PERF tier=chunk mode=lane_cache name=regexp_like sample=7 iterations=10000 elapsed_ns=15130170 ns_per_eval=1513.017 result=INT:1
EXPR_LANE_PERF tier=chunk mode=one_shot name=regexp_like sample=8 iterations=10000 elapsed_ns=25635929 ns_per_eval=2563.593 result=INT:1
EXPR_LANE_PERF tier=chunk mode=lane_cache name=regexp_like sample=8 iterations=10000 elapsed_ns=15062951 ns_per_eval=1506.295 result=INT:1
EXPR_LANE_PERF_WORKERS tier=chunk name=regexp_like count=1
EXPR_LANE_CALIBRATION stage=after iterations=20000000 elapsed_ns=21773584 ns_per_iter=1.089 checksum=14785134113392808001
ok

test result: ok. 1 passed; 0 failed; 0 ignored; 0 measured; 1473 filtered out; finished in 30.77s

PERF_PROCESS_RUN suite=width-one revision=current run=5 order_cpu=2

running 1 test
test tests::lane_cache_performance::lane_cache_release_performance_probe ... EXPR_LANE_PERF_CONFIG warmups=2000 samples=9 iteration_divisor=1 iteration_multiplier=1 order=balanced-abba md5=excluded-known-release-prepare-failure
EXPR_LANE_CALIBRATION stage=before iterations=20000000 elapsed_ns=21670644 ns_per_iter=1.084 checksum=14785134113392808001
EXPR_LANE_PERF tier=ast mode=one_shot name=integer_add sample=0 iterations=200000 elapsed_ns=370086369 ns_per_eval=1850.432 result=INT:3
EXPR_LANE_PERF tier=ast mode=lane_cache name=integer_add sample=0 iterations=200000 elapsed_ns=194178894 ns_per_eval=970.894 result=INT:3
EXPR_LANE_PERF tier=ast mode=lane_cache name=integer_add sample=1 iterations=200000 elapsed_ns=194251464 ns_per_eval=971.257 result=INT:3
EXPR_LANE_PERF tier=ast mode=one_shot name=integer_add sample=1 iterations=200000 elapsed_ns=371687435 ns_per_eval=1858.437 result=INT:3
EXPR_LANE_PERF tier=ast mode=lane_cache name=integer_add sample=2 iterations=200000 elapsed_ns=193864636 ns_per_eval=969.323 result=INT:3
EXPR_LANE_PERF tier=ast mode=one_shot name=integer_add sample=2 iterations=200000 elapsed_ns=370977788 ns_per_eval=1854.889 result=INT:3
EXPR_LANE_PERF tier=ast mode=one_shot name=integer_add sample=3 iterations=200000 elapsed_ns=370660650 ns_per_eval=1853.303 result=INT:3
EXPR_LANE_PERF tier=ast mode=lane_cache name=integer_add sample=3 iterations=200000 elapsed_ns=194323174 ns_per_eval=971.616 result=INT:3
EXPR_LANE_PERF tier=ast mode=one_shot name=integer_add sample=4 iterations=200000 elapsed_ns=372992412 ns_per_eval=1864.962 result=INT:3
EXPR_LANE_PERF tier=ast mode=lane_cache name=integer_add sample=4 iterations=200000 elapsed_ns=194118985 ns_per_eval=970.595 result=INT:3
EXPR_LANE_PERF tier=ast mode=lane_cache name=integer_add sample=5 iterations=200000 elapsed_ns=194400315 ns_per_eval=972.002 result=INT:3
EXPR_LANE_PERF tier=ast mode=one_shot name=integer_add sample=5 iterations=200000 elapsed_ns=369673185 ns_per_eval=1848.366 result=INT:3
EXPR_LANE_PERF tier=ast mode=lane_cache name=integer_add sample=6 iterations=200000 elapsed_ns=194432225 ns_per_eval=972.161 result=INT:3
EXPR_LANE_PERF tier=ast mode=one_shot name=integer_add sample=6 iterations=200000 elapsed_ns=369814925 ns_per_eval=1849.075 result=INT:3
EXPR_LANE_PERF tier=ast mode=one_shot name=integer_add sample=7 iterations=200000 elapsed_ns=369194897 ns_per_eval=1845.974 result=INT:3
EXPR_LANE_PERF tier=ast mode=lane_cache name=integer_add sample=7 iterations=200000 elapsed_ns=193963258 ns_per_eval=969.816 result=INT:3
EXPR_LANE_PERF tier=ast mode=one_shot name=integer_add sample=8 iterations=200000 elapsed_ns=370660293 ns_per_eval=1853.301 result=INT:3
EXPR_LANE_PERF tier=ast mode=lane_cache name=integer_add sample=8 iterations=200000 elapsed_ns=194002667 ns_per_eval=970.013 result=INT:3
EXPR_LANE_PERF_WORKERS tier=ast name=integer_add count=1
EXPR_LANE_PERF tier=ast mode=one_shot name=lazy_if sample=0 iterations=100000 elapsed_ns=357738005 ns_per_eval=3577.380 result=INT:2
EXPR_LANE_PERF tier=ast mode=lane_cache name=lazy_if sample=0 iterations=100000 elapsed_ns=195446272 ns_per_eval=1954.463 result=INT:2
EXPR_LANE_PERF tier=ast mode=lane_cache name=lazy_if sample=1 iterations=100000 elapsed_ns=195513502 ns_per_eval=1955.135 result=INT:2
EXPR_LANE_PERF tier=ast mode=one_shot name=lazy_if sample=1 iterations=100000 elapsed_ns=361483410 ns_per_eval=3614.834 result=INT:2
EXPR_LANE_PERF tier=ast mode=lane_cache name=lazy_if sample=2 iterations=100000 elapsed_ns=196193350 ns_per_eval=1961.934 result=INT:2
EXPR_LANE_PERF tier=ast mode=one_shot name=lazy_if sample=2 iterations=100000 elapsed_ns=361108863 ns_per_eval=3611.089 result=INT:2
EXPR_LANE_PERF tier=ast mode=one_shot name=lazy_if sample=3 iterations=100000 elapsed_ns=360851814 ns_per_eval=3608.518 result=INT:2
EXPR_LANE_PERF tier=ast mode=lane_cache name=lazy_if sample=3 iterations=100000 elapsed_ns=195191354 ns_per_eval=1951.914 result=INT:2
EXPR_LANE_PERF tier=ast mode=one_shot name=lazy_if sample=4 iterations=100000 elapsed_ns=360293987 ns_per_eval=3602.940 result=INT:2
EXPR_LANE_PERF tier=ast mode=lane_cache name=lazy_if sample=4 iterations=100000 elapsed_ns=195446675 ns_per_eval=1954.467 result=INT:2
EXPR_LANE_PERF tier=ast mode=lane_cache name=lazy_if sample=5 iterations=100000 elapsed_ns=194872106 ns_per_eval=1948.721 result=INT:2
EXPR_LANE_PERF tier=ast mode=one_shot name=lazy_if sample=5 iterations=100000 elapsed_ns=362284450 ns_per_eval=3622.845 result=INT:2
EXPR_LANE_PERF tier=ast mode=lane_cache name=lazy_if sample=6 iterations=100000 elapsed_ns=198205554 ns_per_eval=1982.056 result=INT:2
EXPR_LANE_PERF tier=ast mode=one_shot name=lazy_if sample=6 iterations=100000 elapsed_ns=361338294 ns_per_eval=3613.383 result=INT:2
EXPR_LANE_PERF tier=ast mode=one_shot name=lazy_if sample=7 iterations=100000 elapsed_ns=359773510 ns_per_eval=3597.735 result=INT:2
EXPR_LANE_PERF tier=ast mode=lane_cache name=lazy_if sample=7 iterations=100000 elapsed_ns=197377487 ns_per_eval=1973.775 result=INT:2
EXPR_LANE_PERF tier=ast mode=one_shot name=lazy_if sample=8 iterations=100000 elapsed_ns=361948683 ns_per_eval=3619.487 result=INT:2
EXPR_LANE_PERF tier=ast mode=lane_cache name=lazy_if sample=8 iterations=100000 elapsed_ns=197179468 ns_per_eval=1971.795 result=INT:2
EXPR_LANE_PERF_WORKERS tier=ast name=lazy_if count=2
EXPR_LANE_PERF tier=ast mode=one_shot name=strcmp sample=0 iterations=50000 elapsed_ns=117889198 ns_per_eval=2357.784 result=INT:-1
EXPR_LANE_PERF tier=ast mode=lane_cache name=strcmp sample=0 iterations=50000 elapsed_ns=65580374 ns_per_eval=1311.607 result=INT:-1
EXPR_LANE_PERF tier=ast mode=lane_cache name=strcmp sample=1 iterations=50000 elapsed_ns=65584703 ns_per_eval=1311.694 result=INT:-1
EXPR_LANE_PERF tier=ast mode=one_shot name=strcmp sample=1 iterations=50000 elapsed_ns=117574220 ns_per_eval=2351.484 result=INT:-1
EXPR_LANE_PERF tier=ast mode=lane_cache name=strcmp sample=2 iterations=50000 elapsed_ns=65299465 ns_per_eval=1305.989 result=INT:-1
EXPR_LANE_PERF tier=ast mode=one_shot name=strcmp sample=2 iterations=50000 elapsed_ns=117925458 ns_per_eval=2358.509 result=INT:-1
EXPR_LANE_PERF tier=ast mode=one_shot name=strcmp sample=3 iterations=50000 elapsed_ns=117714920 ns_per_eval=2354.298 result=INT:-1
EXPR_LANE_PERF tier=ast mode=lane_cache name=strcmp sample=3 iterations=50000 elapsed_ns=65581153 ns_per_eval=1311.623 result=INT:-1
EXPR_LANE_PERF tier=ast mode=one_shot name=strcmp sample=4 iterations=50000 elapsed_ns=117902629 ns_per_eval=2358.053 result=INT:-1
EXPR_LANE_PERF tier=ast mode=lane_cache name=strcmp sample=4 iterations=50000 elapsed_ns=65634143 ns_per_eval=1312.683 result=INT:-1
EXPR_LANE_PERF tier=ast mode=lane_cache name=strcmp sample=5 iterations=50000 elapsed_ns=65434455 ns_per_eval=1308.689 result=INT:-1
EXPR_LANE_PERF tier=ast mode=one_shot name=strcmp sample=5 iterations=50000 elapsed_ns=117977218 ns_per_eval=2359.544 result=INT:-1
EXPR_LANE_PERF tier=ast mode=lane_cache name=strcmp sample=6 iterations=50000 elapsed_ns=65508273 ns_per_eval=1310.165 result=INT:-1
EXPR_LANE_PERF tier=ast mode=one_shot name=strcmp sample=6 iterations=50000 elapsed_ns=117869710 ns_per_eval=2357.394 result=INT:-1
EXPR_LANE_PERF tier=ast mode=one_shot name=strcmp sample=7 iterations=50000 elapsed_ns=117762419 ns_per_eval=2355.248 result=INT:-1
EXPR_LANE_PERF tier=ast mode=lane_cache name=strcmp sample=7 iterations=50000 elapsed_ns=65430385 ns_per_eval=1308.608 result=INT:-1
EXPR_LANE_PERF tier=ast mode=one_shot name=strcmp sample=8 iterations=50000 elapsed_ns=117944440 ns_per_eval=2358.889 result=INT:-1
EXPR_LANE_PERF tier=ast mode=lane_cache name=strcmp sample=8 iterations=50000 elapsed_ns=65341435 ns_per_eval=1306.829 result=INT:-1
EXPR_LANE_PERF_WORKERS tier=ast name=strcmp count=1
EXPR_LANE_PERF tier=ast mode=one_shot name=decimal_add sample=0 iterations=30000 elapsed_ns=99596361 ns_per_eval=3319.879 result=DEC:124.00
EXPR_LANE_PERF tier=ast mode=lane_cache name=decimal_add sample=0 iterations=30000 elapsed_ns=67115367 ns_per_eval=2237.179 result=DEC:124.00
EXPR_LANE_PERF tier=ast mode=lane_cache name=decimal_add sample=1 iterations=30000 elapsed_ns=67351027 ns_per_eval=2245.034 result=DEC:124.00
EXPR_LANE_PERF tier=ast mode=one_shot name=decimal_add sample=1 iterations=30000 elapsed_ns=99933890 ns_per_eval=3331.130 result=DEC:124.00
EXPR_LANE_PERF tier=ast mode=lane_cache name=decimal_add sample=2 iterations=30000 elapsed_ns=67207617 ns_per_eval=2240.254 result=DEC:124.00
EXPR_LANE_PERF tier=ast mode=one_shot name=decimal_add sample=2 iterations=30000 elapsed_ns=99305972 ns_per_eval=3310.199 result=DEC:124.00
EXPR_LANE_PERF tier=ast mode=one_shot name=decimal_add sample=3 iterations=30000 elapsed_ns=99429731 ns_per_eval=3314.324 result=DEC:124.00
EXPR_LANE_PERF tier=ast mode=lane_cache name=decimal_add sample=3 iterations=30000 elapsed_ns=67633726 ns_per_eval=2254.458 result=DEC:124.00
EXPR_LANE_PERF tier=ast mode=one_shot name=decimal_add sample=4 iterations=30000 elapsed_ns=99125303 ns_per_eval=3304.177 result=DEC:124.00
EXPR_LANE_PERF tier=ast mode=lane_cache name=decimal_add sample=4 iterations=30000 elapsed_ns=67339147 ns_per_eval=2244.638 result=DEC:124.00
EXPR_LANE_PERF tier=ast mode=lane_cache name=decimal_add sample=5 iterations=30000 elapsed_ns=67548206 ns_per_eval=2251.607 result=DEC:124.00
EXPR_LANE_PERF tier=ast mode=one_shot name=decimal_add sample=5 iterations=30000 elapsed_ns=99021303 ns_per_eval=3300.710 result=DEC:124.00
EXPR_LANE_PERF tier=ast mode=lane_cache name=decimal_add sample=6 iterations=30000 elapsed_ns=67299448 ns_per_eval=2243.315 result=DEC:124.00
EXPR_LANE_PERF tier=ast mode=one_shot name=decimal_add sample=6 iterations=30000 elapsed_ns=99147172 ns_per_eval=3304.906 result=DEC:124.00
EXPR_LANE_PERF tier=ast mode=one_shot name=decimal_add sample=7 iterations=30000 elapsed_ns=99084093 ns_per_eval=3302.803 result=DEC:124.00
EXPR_LANE_PERF tier=ast mode=lane_cache name=decimal_add sample=7 iterations=30000 elapsed_ns=67294887 ns_per_eval=2243.163 result=DEC:124.00
EXPR_LANE_PERF tier=ast mode=one_shot name=decimal_add sample=8 iterations=30000 elapsed_ns=98819104 ns_per_eval=3293.970 result=DEC:124.00
EXPR_LANE_PERF tier=ast mode=lane_cache name=decimal_add sample=8 iterations=30000 elapsed_ns=67240288 ns_per_eval=2241.343 result=DEC:124.00
EXPR_LANE_PERF_WORKERS tier=ast name=decimal_add count=1
EXPR_LANE_PERF tier=ast mode=one_shot name=json_type sample=0 iterations=30000 elapsed_ns=55027515 ns_per_eval=1834.251 result=STR:OBJECT
EXPR_LANE_PERF tier=ast mode=lane_cache name=json_type sample=0 iterations=30000 elapsed_ns=33538939 ns_per_eval=1117.965 result=STR:OBJECT
EXPR_LANE_PERF tier=ast mode=lane_cache name=json_type sample=1 iterations=30000 elapsed_ns=33357570 ns_per_eval=1111.919 result=STR:OBJECT
EXPR_LANE_PERF tier=ast mode=one_shot name=json_type sample=1 iterations=30000 elapsed_ns=55634843 ns_per_eval=1854.495 result=STR:OBJECT
EXPR_LANE_PERF tier=ast mode=lane_cache name=json_type sample=2 iterations=30000 elapsed_ns=33318090 ns_per_eval=1110.603 result=STR:OBJECT
EXPR_LANE_PERF tier=ast mode=one_shot name=json_type sample=2 iterations=30000 elapsed_ns=55419544 ns_per_eval=1847.318 result=STR:OBJECT
EXPR_LANE_PERF tier=ast mode=one_shot name=json_type sample=3 iterations=30000 elapsed_ns=55495704 ns_per_eval=1849.857 result=STR:OBJECT
EXPR_LANE_PERF tier=ast mode=lane_cache name=json_type sample=3 iterations=30000 elapsed_ns=33306899 ns_per_eval=1110.230 result=STR:OBJECT
EXPR_LANE_PERF tier=ast mode=one_shot name=json_type sample=4 iterations=30000 elapsed_ns=55544013 ns_per_eval=1851.467 result=STR:OBJECT
EXPR_LANE_PERF tier=ast mode=lane_cache name=json_type sample=4 iterations=30000 elapsed_ns=33463810 ns_per_eval=1115.460 result=STR:OBJECT
EXPR_LANE_PERF tier=ast mode=lane_cache name=json_type sample=5 iterations=30000 elapsed_ns=33583329 ns_per_eval=1119.444 result=STR:OBJECT
EXPR_LANE_PERF tier=ast mode=one_shot name=json_type sample=5 iterations=30000 elapsed_ns=55045895 ns_per_eval=1834.863 result=STR:OBJECT
EXPR_LANE_PERF tier=ast mode=lane_cache name=json_type sample=6 iterations=30000 elapsed_ns=33384830 ns_per_eval=1112.828 result=STR:OBJECT
EXPR_LANE_PERF tier=ast mode=one_shot name=json_type sample=6 iterations=30000 elapsed_ns=55076715 ns_per_eval=1835.890 result=STR:OBJECT
EXPR_LANE_PERF tier=ast mode=one_shot name=json_type sample=7 iterations=30000 elapsed_ns=55258214 ns_per_eval=1841.940 result=STR:OBJECT
EXPR_LANE_PERF tier=ast mode=lane_cache name=json_type sample=7 iterations=30000 elapsed_ns=33633149 ns_per_eval=1121.105 result=STR:OBJECT
EXPR_LANE_PERF tier=ast mode=one_shot name=json_type sample=8 iterations=30000 elapsed_ns=55150244 ns_per_eval=1838.341 result=STR:OBJECT
EXPR_LANE_PERF tier=ast mode=lane_cache name=json_type sample=8 iterations=30000 elapsed_ns=33516850 ns_per_eval=1117.228 result=STR:OBJECT
EXPR_LANE_PERF_WORKERS tier=ast name=json_type count=1
EXPR_LANE_PERF tier=ast mode=one_shot name=regexp_like sample=0 iterations=10000 elapsed_ns=105639187 ns_per_eval=10563.919 result=INT:1
EXPR_LANE_PERF tier=ast mode=lane_cache name=regexp_like sample=0 iterations=10000 elapsed_ns=93631475 ns_per_eval=9363.147 result=INT:1
EXPR_LANE_PERF tier=ast mode=lane_cache name=regexp_like sample=1 iterations=10000 elapsed_ns=93504616 ns_per_eval=9350.462 result=INT:1
EXPR_LANE_PERF tier=ast mode=one_shot name=regexp_like sample=1 iterations=10000 elapsed_ns=105801877 ns_per_eval=10580.188 result=INT:1
EXPR_LANE_PERF tier=ast mode=lane_cache name=regexp_like sample=2 iterations=10000 elapsed_ns=94396702 ns_per_eval=9439.670 result=INT:1
EXPR_LANE_PERF tier=ast mode=one_shot name=regexp_like sample=2 iterations=10000 elapsed_ns=105898547 ns_per_eval=10589.855 result=INT:1
EXPR_LANE_PERF tier=ast mode=one_shot name=regexp_like sample=3 iterations=10000 elapsed_ns=105435368 ns_per_eval=10543.537 result=INT:1
EXPR_LANE_PERF tier=ast mode=lane_cache name=regexp_like sample=3 iterations=10000 elapsed_ns=96183616 ns_per_eval=9618.362 result=INT:1
EXPR_LANE_PERF tier=ast mode=one_shot name=regexp_like sample=4 iterations=10000 elapsed_ns=106373675 ns_per_eval=10637.368 result=INT:1
EXPR_LANE_PERF tier=ast mode=lane_cache name=regexp_like sample=4 iterations=10000 elapsed_ns=93317986 ns_per_eval=9331.799 result=INT:1
EXPR_LANE_PERF tier=ast mode=lane_cache name=regexp_like sample=5 iterations=10000 elapsed_ns=92956617 ns_per_eval=9295.662 result=INT:1
EXPR_LANE_PERF tier=ast mode=one_shot name=regexp_like sample=5 iterations=10000 elapsed_ns=105186760 ns_per_eval=10518.676 result=INT:1
EXPR_LANE_PERF tier=ast mode=lane_cache name=regexp_like sample=6 iterations=10000 elapsed_ns=93544546 ns_per_eval=9354.455 result=INT:1
EXPR_LANE_PERF tier=ast mode=one_shot name=regexp_like sample=6 iterations=10000 elapsed_ns=104627012 ns_per_eval=10462.701 result=INT:1
EXPR_LANE_PERF tier=ast mode=one_shot name=regexp_like sample=7 iterations=10000 elapsed_ns=104455563 ns_per_eval=10445.556 result=INT:1
EXPR_LANE_PERF tier=ast mode=lane_cache name=regexp_like sample=7 iterations=10000 elapsed_ns=92679919 ns_per_eval=9267.992 result=INT:1
EXPR_LANE_PERF tier=ast mode=one_shot name=regexp_like sample=8 iterations=10000 elapsed_ns=105514819 ns_per_eval=10551.482 result=INT:1
EXPR_LANE_PERF tier=ast mode=lane_cache name=regexp_like sample=8 iterations=10000 elapsed_ns=92634669 ns_per_eval=9263.467 result=INT:1
EXPR_LANE_PERF_WORKERS tier=ast name=regexp_like count=1
EXPR_LANE_PERF tier=chunk mode=one_shot name=integer_add sample=0 iterations=200000 elapsed_ns=382890957 ns_per_eval=1914.455 result=INT:3
EXPR_LANE_PERF tier=chunk mode=lane_cache name=integer_add sample=0 iterations=200000 elapsed_ns=215476102 ns_per_eval=1077.381 result=INT:3
EXPR_LANE_PERF tier=chunk mode=lane_cache name=integer_add sample=1 iterations=200000 elapsed_ns=215589790 ns_per_eval=1077.949 result=INT:3
EXPR_LANE_PERF tier=chunk mode=one_shot name=integer_add sample=1 iterations=200000 elapsed_ns=382884030 ns_per_eval=1914.420 result=INT:3
EXPR_LANE_PERF tier=chunk mode=lane_cache name=integer_add sample=2 iterations=200000 elapsed_ns=214966433 ns_per_eval=1074.832 result=INT:3
EXPR_LANE_PERF tier=chunk mode=one_shot name=integer_add sample=2 iterations=200000 elapsed_ns=383656638 ns_per_eval=1918.283 result=INT:3
EXPR_LANE_PERF tier=chunk mode=one_shot name=integer_add sample=3 iterations=200000 elapsed_ns=384101505 ns_per_eval=1920.508 result=INT:3
EXPR_LANE_PERF tier=chunk mode=lane_cache name=integer_add sample=3 iterations=200000 elapsed_ns=214965014 ns_per_eval=1074.825 result=INT:3
EXPR_LANE_PERF tier=chunk mode=one_shot name=integer_add sample=4 iterations=200000 elapsed_ns=383183010 ns_per_eval=1915.915 result=INT:3
EXPR_LANE_PERF tier=chunk mode=lane_cache name=integer_add sample=4 iterations=200000 elapsed_ns=214695386 ns_per_eval=1073.477 result=INT:3
EXPR_LANE_PERF tier=chunk mode=lane_cache name=integer_add sample=5 iterations=200000 elapsed_ns=214969854 ns_per_eval=1074.849 result=INT:3
EXPR_LANE_PERF tier=chunk mode=one_shot name=integer_add sample=5 iterations=200000 elapsed_ns=382325715 ns_per_eval=1911.629 result=INT:3
EXPR_LANE_PERF tier=chunk mode=lane_cache name=integer_add sample=6 iterations=200000 elapsed_ns=214875735 ns_per_eval=1074.379 result=INT:3
EXPR_LANE_PERF tier=chunk mode=one_shot name=integer_add sample=6 iterations=200000 elapsed_ns=389982976 ns_per_eval=1949.915 result=INT:3
EXPR_LANE_PERF tier=chunk mode=one_shot name=integer_add sample=7 iterations=200000 elapsed_ns=382389125 ns_per_eval=1911.946 result=INT:3
EXPR_LANE_PERF tier=chunk mode=lane_cache name=integer_add sample=7 iterations=200000 elapsed_ns=214305228 ns_per_eval=1071.526 result=INT:3
EXPR_LANE_PERF tier=chunk mode=one_shot name=integer_add sample=8 iterations=200000 elapsed_ns=382532796 ns_per_eval=1912.664 result=INT:3
EXPR_LANE_PERF tier=chunk mode=lane_cache name=integer_add sample=8 iterations=200000 elapsed_ns=214737506 ns_per_eval=1073.688 result=INT:3
EXPR_LANE_PERF_WORKERS tier=chunk name=integer_add count=1
EXPR_LANE_PERF tier=chunk mode=one_shot name=lazy_if sample=0 iterations=100000 elapsed_ns=357002166 ns_per_eval=3570.022 result=INT:2
EXPR_LANE_PERF tier=chunk mode=lane_cache name=lazy_if sample=0 iterations=100000 elapsed_ns=191462457 ns_per_eval=1914.625 result=INT:2
EXPR_LANE_PERF tier=chunk mode=lane_cache name=lazy_if sample=1 iterations=100000 elapsed_ns=191627247 ns_per_eval=1916.272 result=INT:2
EXPR_LANE_PERF tier=chunk mode=one_shot name=lazy_if sample=1 iterations=100000 elapsed_ns=355237873 ns_per_eval=3552.379 result=INT:2
EXPR_LANE_PERF tier=chunk mode=lane_cache name=lazy_if sample=2 iterations=100000 elapsed_ns=191702257 ns_per_eval=1917.023 result=INT:2
EXPR_LANE_PERF tier=chunk mode=one_shot name=lazy_if sample=2 iterations=100000 elapsed_ns=355378003 ns_per_eval=3553.780 result=INT:2
EXPR_LANE_PERF tier=chunk mode=one_shot name=lazy_if sample=3 iterations=100000 elapsed_ns=355365913 ns_per_eval=3553.659 result=INT:2
EXPR_LANE_PERF tier=chunk mode=lane_cache name=lazy_if sample=3 iterations=100000 elapsed_ns=192177806 ns_per_eval=1921.778 result=INT:2
EXPR_LANE_PERF tier=chunk mode=one_shot name=lazy_if sample=4 iterations=100000 elapsed_ns=356664609 ns_per_eval=3566.646 result=INT:2
EXPR_LANE_PERF tier=chunk mode=lane_cache name=lazy_if sample=4 iterations=100000 elapsed_ns=192402615 ns_per_eval=1924.026 result=INT:2
EXPR_LANE_PERF tier=chunk mode=lane_cache name=lazy_if sample=5 iterations=100000 elapsed_ns=191807538 ns_per_eval=1918.075 result=INT:2
EXPR_LANE_PERF tier=chunk mode=one_shot name=lazy_if sample=5 iterations=100000 elapsed_ns=356571430 ns_per_eval=3565.714 result=INT:2
EXPR_LANE_PERF tier=chunk mode=lane_cache name=lazy_if sample=6 iterations=100000 elapsed_ns=192450486 ns_per_eval=1924.505 result=INT:2
EXPR_LANE_PERF tier=chunk mode=one_shot name=lazy_if sample=6 iterations=100000 elapsed_ns=357282638 ns_per_eval=3572.826 result=INT:2
EXPR_LANE_PERF tier=chunk mode=one_shot name=lazy_if sample=7 iterations=100000 elapsed_ns=359267410 ns_per_eval=3592.674 result=INT:2
EXPR_LANE_PERF tier=chunk mode=lane_cache name=lazy_if sample=7 iterations=100000 elapsed_ns=192081718 ns_per_eval=1920.817 result=INT:2
EXPR_LANE_PERF tier=chunk mode=one_shot name=lazy_if sample=8 iterations=100000 elapsed_ns=358920222 ns_per_eval=3589.202 result=INT:2
EXPR_LANE_PERF tier=chunk mode=lane_cache name=lazy_if sample=8 iterations=100000 elapsed_ns=192227147 ns_per_eval=1922.271 result=INT:2
EXPR_LANE_PERF_WORKERS tier=chunk name=lazy_if count=2
EXPR_LANE_PERF tier=chunk mode=one_shot name=strcmp sample=0 iterations=50000 elapsed_ns=115590143 ns_per_eval=2311.803 result=INT:-1
EXPR_LANE_PERF tier=chunk mode=lane_cache name=strcmp sample=0 iterations=50000 elapsed_ns=61416383 ns_per_eval=1228.328 result=INT:-1
EXPR_LANE_PERF tier=chunk mode=lane_cache name=strcmp sample=1 iterations=50000 elapsed_ns=61139013 ns_per_eval=1222.780 result=INT:-1
EXPR_LANE_PERF tier=chunk mode=one_shot name=strcmp sample=1 iterations=50000 elapsed_ns=115350565 ns_per_eval=2307.011 result=INT:-1
EXPR_LANE_PERF tier=chunk mode=lane_cache name=strcmp sample=2 iterations=50000 elapsed_ns=61327403 ns_per_eval=1226.548 result=INT:-1
EXPR_LANE_PERF tier=chunk mode=one_shot name=strcmp sample=2 iterations=50000 elapsed_ns=115531084 ns_per_eval=2310.622 result=INT:-1
EXPR_LANE_PERF tier=chunk mode=one_shot name=strcmp sample=3 iterations=50000 elapsed_ns=115935122 ns_per_eval=2318.702 result=INT:-1
EXPR_LANE_PERF tier=chunk mode=lane_cache name=strcmp sample=3 iterations=50000 elapsed_ns=61920881 ns_per_eval=1238.418 result=INT:-1
EXPR_LANE_PERF tier=chunk mode=one_shot name=strcmp sample=4 iterations=50000 elapsed_ns=116208931 ns_per_eval=2324.179 result=INT:-1
EXPR_LANE_PERF tier=chunk mode=lane_cache name=strcmp sample=4 iterations=50000 elapsed_ns=61899401 ns_per_eval=1237.988 result=INT:-1
EXPR_LANE_PERF tier=chunk mode=lane_cache name=strcmp sample=5 iterations=50000 elapsed_ns=61879631 ns_per_eval=1237.593 result=INT:-1
EXPR_LANE_PERF tier=chunk mode=one_shot name=strcmp sample=5 iterations=50000 elapsed_ns=115988082 ns_per_eval=2319.762 result=INT:-1
EXPR_LANE_PERF tier=chunk mode=lane_cache name=strcmp sample=6 iterations=50000 elapsed_ns=62134010 ns_per_eval=1242.680 result=INT:-1
EXPR_LANE_PERF tier=chunk mode=one_shot name=strcmp sample=6 iterations=50000 elapsed_ns=115890933 ns_per_eval=2317.819 result=INT:-1
EXPR_LANE_PERF tier=chunk mode=one_shot name=strcmp sample=7 iterations=50000 elapsed_ns=115817023 ns_per_eval=2316.340 result=INT:-1
EXPR_LANE_PERF tier=chunk mode=lane_cache name=strcmp sample=7 iterations=50000 elapsed_ns=61649042 ns_per_eval=1232.981 result=INT:-1
EXPR_LANE_PERF tier=chunk mode=one_shot name=strcmp sample=8 iterations=50000 elapsed_ns=115688944 ns_per_eval=2313.779 result=INT:-1
EXPR_LANE_PERF tier=chunk mode=lane_cache name=strcmp sample=8 iterations=50000 elapsed_ns=61654571 ns_per_eval=1233.091 result=INT:-1
EXPR_LANE_PERF_WORKERS tier=chunk name=strcmp count=1
EXPR_LANE_PERF tier=chunk mode=one_shot name=decimal_add sample=0 iterations=30000 elapsed_ns=105292303 ns_per_eval=3509.743 result=DEC:124.00
EXPR_LANE_PERF tier=chunk mode=lane_cache name=decimal_add sample=0 iterations=30000 elapsed_ns=73356348 ns_per_eval=2445.212 result=DEC:124.00
EXPR_LANE_PERF tier=chunk mode=lane_cache name=decimal_add sample=1 iterations=30000 elapsed_ns=73186317 ns_per_eval=2439.544 result=DEC:124.00
EXPR_LANE_PERF tier=chunk mode=one_shot name=decimal_add sample=1 iterations=30000 elapsed_ns=105688272 ns_per_eval=3522.942 result=DEC:124.00
EXPR_LANE_PERF tier=chunk mode=lane_cache name=decimal_add sample=2 iterations=30000 elapsed_ns=73269098 ns_per_eval=2442.303 result=DEC:124.00
EXPR_LANE_PERF tier=chunk mode=one_shot name=decimal_add sample=2 iterations=30000 elapsed_ns=105664881 ns_per_eval=3522.163 result=DEC:124.00
EXPR_LANE_PERF tier=chunk mode=one_shot name=decimal_add sample=3 iterations=30000 elapsed_ns=105679693 ns_per_eval=3522.656 result=DEC:124.00
EXPR_LANE_PERF tier=chunk mode=lane_cache name=decimal_add sample=3 iterations=30000 elapsed_ns=73381557 ns_per_eval=2446.052 result=DEC:124.00
EXPR_LANE_PERF tier=chunk mode=one_shot name=decimal_add sample=4 iterations=30000 elapsed_ns=105360894 ns_per_eval=3512.030 result=DEC:124.00
EXPR_LANE_PERF tier=chunk mode=lane_cache name=decimal_add sample=4 iterations=30000 elapsed_ns=73497356 ns_per_eval=2449.912 result=DEC:124.00
EXPR_LANE_PERF tier=chunk mode=lane_cache name=decimal_add sample=5 iterations=30000 elapsed_ns=73571207 ns_per_eval=2452.374 result=DEC:124.00
EXPR_LANE_PERF tier=chunk mode=one_shot name=decimal_add sample=5 iterations=30000 elapsed_ns=105856592 ns_per_eval=3528.553 result=DEC:124.00
EXPR_LANE_PERF tier=chunk mode=lane_cache name=decimal_add sample=6 iterations=30000 elapsed_ns=73483296 ns_per_eval=2449.443 result=DEC:124.00
EXPR_LANE_PERF tier=chunk mode=one_shot name=decimal_add sample=6 iterations=30000 elapsed_ns=105504013 ns_per_eval=3516.800 result=DEC:124.00
EXPR_LANE_PERF tier=chunk mode=one_shot name=decimal_add sample=7 iterations=30000 elapsed_ns=105206855 ns_per_eval=3506.895 result=DEC:124.00
EXPR_LANE_PERF tier=chunk mode=lane_cache name=decimal_add sample=7 iterations=30000 elapsed_ns=73113268 ns_per_eval=2437.109 result=DEC:124.00
EXPR_LANE_PERF tier=chunk mode=one_shot name=decimal_add sample=8 iterations=30000 elapsed_ns=105476743 ns_per_eval=3515.891 result=DEC:124.00
EXPR_LANE_PERF tier=chunk mode=lane_cache name=decimal_add sample=8 iterations=30000 elapsed_ns=73267858 ns_per_eval=2442.262 result=DEC:124.00
EXPR_LANE_PERF_WORKERS tier=chunk name=decimal_add count=1
EXPR_LANE_PERF tier=chunk mode=one_shot name=json_type sample=0 iterations=30000 elapsed_ns=54616530 ns_per_eval=1820.551 result=STR:OBJECT
EXPR_LANE_PERF tier=chunk mode=lane_cache name=json_type sample=0 iterations=30000 elapsed_ns=33572661 ns_per_eval=1119.089 result=STR:OBJECT
EXPR_LANE_PERF tier=chunk mode=lane_cache name=json_type sample=1 iterations=30000 elapsed_ns=33594630 ns_per_eval=1119.821 result=STR:OBJECT
EXPR_LANE_PERF tier=chunk mode=one_shot name=json_type sample=1 iterations=30000 elapsed_ns=54532970 ns_per_eval=1817.766 result=STR:OBJECT
EXPR_LANE_PERF tier=chunk mode=lane_cache name=json_type sample=2 iterations=30000 elapsed_ns=33651341 ns_per_eval=1121.711 result=STR:OBJECT
EXPR_LANE_PERF tier=chunk mode=one_shot name=json_type sample=2 iterations=30000 elapsed_ns=54576379 ns_per_eval=1819.213 result=STR:OBJECT
EXPR_LANE_PERF tier=chunk mode=one_shot name=json_type sample=3 iterations=30000 elapsed_ns=54836799 ns_per_eval=1827.893 result=STR:OBJECT
EXPR_LANE_PERF tier=chunk mode=lane_cache name=json_type sample=3 iterations=30000 elapsed_ns=34428727 ns_per_eval=1147.624 result=STR:OBJECT
EXPR_LANE_PERF tier=chunk mode=one_shot name=json_type sample=4 iterations=30000 elapsed_ns=54801189 ns_per_eval=1826.706 result=STR:OBJECT
EXPR_LANE_PERF tier=chunk mode=lane_cache name=json_type sample=4 iterations=30000 elapsed_ns=34333038 ns_per_eval=1144.435 result=STR:OBJECT
EXPR_LANE_PERF tier=chunk mode=lane_cache name=json_type sample=5 iterations=30000 elapsed_ns=34321727 ns_per_eval=1144.058 result=STR:OBJECT
EXPR_LANE_PERF tier=chunk mode=one_shot name=json_type sample=5 iterations=30000 elapsed_ns=54651010 ns_per_eval=1821.700 result=STR:OBJECT
EXPR_LANE_PERF tier=chunk mode=lane_cache name=json_type sample=6 iterations=30000 elapsed_ns=34271148 ns_per_eval=1142.372 result=STR:OBJECT
EXPR_LANE_PERF tier=chunk mode=one_shot name=json_type sample=6 iterations=30000 elapsed_ns=54597410 ns_per_eval=1819.914 result=STR:OBJECT
EXPR_LANE_PERF tier=chunk mode=one_shot name=json_type sample=7 iterations=30000 elapsed_ns=54577300 ns_per_eval=1819.243 result=STR:OBJECT
EXPR_LANE_PERF tier=chunk mode=lane_cache name=json_type sample=7 iterations=30000 elapsed_ns=34286278 ns_per_eval=1142.876 result=STR:OBJECT
EXPR_LANE_PERF tier=chunk mode=one_shot name=json_type sample=8 iterations=30000 elapsed_ns=54546929 ns_per_eval=1818.231 result=STR:OBJECT
EXPR_LANE_PERF tier=chunk mode=lane_cache name=json_type sample=8 iterations=30000 elapsed_ns=34182579 ns_per_eval=1139.419 result=STR:OBJECT
EXPR_LANE_PERF_WORKERS tier=chunk name=json_type count=1
EXPR_LANE_PERF tier=chunk mode=one_shot name=regexp_like sample=0 iterations=10000 elapsed_ns=24985983 ns_per_eval=2498.598 result=INT:1
EXPR_LANE_PERF tier=chunk mode=lane_cache name=regexp_like sample=0 iterations=10000 elapsed_ns=14420985 ns_per_eval=1442.099 result=INT:1
EXPR_LANE_PERF tier=chunk mode=lane_cache name=regexp_like sample=1 iterations=10000 elapsed_ns=14449514 ns_per_eval=1444.951 result=INT:1
EXPR_LANE_PERF tier=chunk mode=one_shot name=regexp_like sample=1 iterations=10000 elapsed_ns=25247153 ns_per_eval=2524.715 result=INT:1
EXPR_LANE_PERF tier=chunk mode=lane_cache name=regexp_like sample=2 iterations=10000 elapsed_ns=14536444 ns_per_eval=1453.644 result=INT:1
EXPR_LANE_PERF tier=chunk mode=one_shot name=regexp_like sample=2 iterations=10000 elapsed_ns=25192583 ns_per_eval=2519.258 result=INT:1
EXPR_LANE_PERF tier=chunk mode=one_shot name=regexp_like sample=3 iterations=10000 elapsed_ns=25116583 ns_per_eval=2511.658 result=INT:1
EXPR_LANE_PERF tier=chunk mode=lane_cache name=regexp_like sample=3 iterations=10000 elapsed_ns=14564924 ns_per_eval=1456.492 result=INT:1
EXPR_LANE_PERF tier=chunk mode=one_shot name=regexp_like sample=4 iterations=10000 elapsed_ns=25264293 ns_per_eval=2526.429 result=INT:1
EXPR_LANE_PERF tier=chunk mode=lane_cache name=regexp_like sample=4 iterations=10000 elapsed_ns=14626324 ns_per_eval=1462.632 result=INT:1
EXPR_LANE_PERF tier=chunk mode=lane_cache name=regexp_like sample=5 iterations=10000 elapsed_ns=14586084 ns_per_eval=1458.608 result=INT:1
EXPR_LANE_PERF tier=chunk mode=one_shot name=regexp_like sample=5 iterations=10000 elapsed_ns=25209422 ns_per_eval=2520.942 result=INT:1
EXPR_LANE_PERF tier=chunk mode=lane_cache name=regexp_like sample=6 iterations=10000 elapsed_ns=14597984 ns_per_eval=1459.798 result=INT:1
EXPR_LANE_PERF tier=chunk mode=one_shot name=regexp_like sample=6 iterations=10000 elapsed_ns=25190583 ns_per_eval=2519.058 result=INT:1
EXPR_LANE_PERF tier=chunk mode=one_shot name=regexp_like sample=7 iterations=10000 elapsed_ns=25167903 ns_per_eval=2516.790 result=INT:1
EXPR_LANE_PERF tier=chunk mode=lane_cache name=regexp_like sample=7 iterations=10000 elapsed_ns=14601744 ns_per_eval=1460.174 result=INT:1
EXPR_LANE_PERF tier=chunk mode=one_shot name=regexp_like sample=8 iterations=10000 elapsed_ns=25382742 ns_per_eval=2538.274 result=INT:1
EXPR_LANE_PERF tier=chunk mode=lane_cache name=regexp_like sample=8 iterations=10000 elapsed_ns=14673954 ns_per_eval=1467.395 result=INT:1
EXPR_LANE_PERF_WORKERS tier=chunk name=regexp_like count=1
EXPR_LANE_CALIBRATION stage=after iterations=20000000 elapsed_ns=21808955 ns_per_iter=1.090 checksum=14785134113392808001
ok

test result: ok. 1 passed; 0 failed; 0 ignored; 0 measured; 1473 filtered out; finished in 30.70s

PERF_PROCESS_RUN suite=width-one revision=frozen run=5 order_cpu=2

running 1 test
test tests::lane_cache_performance::lane_cache_release_performance_probe ... EXPR_LANE_PERF_CONFIG warmups=2000 samples=9 revision=frozen iteration_multiplier=16
EXPR_LANE_CALIBRATION stage=before iterations=20000000 elapsed_ns=22105635 ns_per_iter=1.105 checksum=14785134113392808001
EXPR_LANE_PERF tier=ast mode=frozen_native name=integer_add sample=0 iterations=3200000 elapsed_ns=113938661 ns_per_eval=35.606 result=INT:3
EXPR_LANE_PERF tier=ast mode=frozen_native name=integer_add sample=1 iterations=3200000 elapsed_ns=103375472 ns_per_eval=32.305 result=INT:3
EXPR_LANE_PERF tier=ast mode=frozen_native name=integer_add sample=2 iterations=3200000 elapsed_ns=103375782 ns_per_eval=32.305 result=INT:3
EXPR_LANE_PERF tier=ast mode=frozen_native name=integer_add sample=3 iterations=3200000 elapsed_ns=103349522 ns_per_eval=32.297 result=INT:3
EXPR_LANE_PERF tier=ast mode=frozen_native name=integer_add sample=4 iterations=3200000 elapsed_ns=103267293 ns_per_eval=32.271 result=INT:3
EXPR_LANE_PERF tier=ast mode=frozen_native name=integer_add sample=5 iterations=3200000 elapsed_ns=103162502 ns_per_eval=32.238 result=INT:3
EXPR_LANE_PERF tier=ast mode=frozen_native name=integer_add sample=6 iterations=3200000 elapsed_ns=103346253 ns_per_eval=32.296 result=INT:3
EXPR_LANE_PERF tier=ast mode=frozen_native name=integer_add sample=7 iterations=3200000 elapsed_ns=103433542 ns_per_eval=32.323 result=INT:3
EXPR_LANE_PERF tier=ast mode=frozen_native name=integer_add sample=8 iterations=3200000 elapsed_ns=103571121 ns_per_eval=32.366 result=INT:3
EXPR_LANE_PERF tier=ast mode=frozen_native name=lazy_if sample=0 iterations=1600000 elapsed_ns=148872858 ns_per_eval=93.046 result=INT:2
EXPR_LANE_PERF tier=ast mode=frozen_native name=lazy_if sample=1 iterations=1600000 elapsed_ns=149500764 ns_per_eval=93.438 result=INT:2
EXPR_LANE_PERF tier=ast mode=frozen_native name=lazy_if sample=2 iterations=1600000 elapsed_ns=149119917 ns_per_eval=93.200 result=INT:2
EXPR_LANE_PERF tier=ast mode=frozen_native name=lazy_if sample=3 iterations=1600000 elapsed_ns=148831537 ns_per_eval=93.020 result=INT:2
EXPR_LANE_PERF tier=ast mode=frozen_native name=lazy_if sample=4 iterations=1600000 elapsed_ns=148915777 ns_per_eval=93.072 result=INT:2
EXPR_LANE_PERF tier=ast mode=frozen_native name=lazy_if sample=5 iterations=1600000 elapsed_ns=148795948 ns_per_eval=92.997 result=INT:2
EXPR_LANE_PERF tier=ast mode=frozen_native name=lazy_if sample=6 iterations=1600000 elapsed_ns=148408860 ns_per_eval=92.756 result=INT:2
EXPR_LANE_PERF tier=ast mode=frozen_native name=lazy_if sample=7 iterations=1600000 elapsed_ns=148226610 ns_per_eval=92.642 result=INT:2
EXPR_LANE_PERF tier=ast mode=frozen_native name=lazy_if sample=8 iterations=1600000 elapsed_ns=148142990 ns_per_eval=92.589 result=INT:2
EXPR_LANE_PERF tier=ast mode=frozen_native name=strcmp sample=0 iterations=800000 elapsed_ns=131124386 ns_per_eval=163.905 result=INT:-1
EXPR_LANE_PERF tier=ast mode=frozen_native name=strcmp sample=1 iterations=800000 elapsed_ns=131569614 ns_per_eval=164.462 result=INT:-1
EXPR_LANE_PERF tier=ast mode=frozen_native name=strcmp sample=2 iterations=800000 elapsed_ns=131347455 ns_per_eval=164.184 result=INT:-1
EXPR_LANE_PERF tier=ast mode=frozen_native name=strcmp sample=3 iterations=800000 elapsed_ns=131396186 ns_per_eval=164.245 result=INT:-1
EXPR_LANE_PERF tier=ast mode=frozen_native name=strcmp sample=4 iterations=800000 elapsed_ns=131224005 ns_per_eval=164.030 result=INT:-1
EXPR_LANE_PERF tier=ast mode=frozen_native name=strcmp sample=5 iterations=800000 elapsed_ns=131600415 ns_per_eval=164.501 result=INT:-1
EXPR_LANE_PERF tier=ast mode=frozen_native name=strcmp sample=6 iterations=800000 elapsed_ns=131659624 ns_per_eval=164.575 result=INT:-1
EXPR_LANE_PERF tier=ast mode=frozen_native name=strcmp sample=7 iterations=800000 elapsed_ns=131521355 ns_per_eval=164.402 result=INT:-1
EXPR_LANE_PERF tier=ast mode=frozen_native name=strcmp sample=8 iterations=800000 elapsed_ns=131489135 ns_per_eval=164.361 result=INT:-1
EXPR_LANE_PERF tier=ast mode=frozen_native name=decimal_add sample=0 iterations=480000 elapsed_ns=157082356 ns_per_eval=327.255 result=DEC:124.00
EXPR_LANE_PERF tier=ast mode=frozen_native name=decimal_add sample=1 iterations=480000 elapsed_ns=159358559 ns_per_eval=331.997 result=DEC:124.00
EXPR_LANE_PERF tier=ast mode=frozen_native name=decimal_add sample=2 iterations=480000 elapsed_ns=158357452 ns_per_eval=329.911 result=DEC:124.00
EXPR_LANE_PERF tier=ast mode=frozen_native name=decimal_add sample=3 iterations=480000 elapsed_ns=158167073 ns_per_eval=329.515 result=DEC:124.00
EXPR_LANE_PERF tier=ast mode=frozen_native name=decimal_add sample=4 iterations=480000 elapsed_ns=157704294 ns_per_eval=328.551 result=DEC:124.00
EXPR_LANE_PERF tier=ast mode=frozen_native name=decimal_add sample=5 iterations=480000 elapsed_ns=157540047 ns_per_eval=328.208 result=DEC:124.00
EXPR_LANE_PERF tier=ast mode=frozen_native name=decimal_add sample=6 iterations=480000 elapsed_ns=157329256 ns_per_eval=327.769 result=DEC:124.00
EXPR_LANE_PERF tier=ast mode=frozen_native name=decimal_add sample=7 iterations=480000 elapsed_ns=157818434 ns_per_eval=328.788 result=DEC:124.00
EXPR_LANE_PERF tier=ast mode=frozen_native name=decimal_add sample=8 iterations=480000 elapsed_ns=156363691 ns_per_eval=325.758 result=DEC:124.00
EXPR_LANE_PERF tier=ast mode=frozen_native name=json_type sample=0 iterations=480000 elapsed_ns=108548774 ns_per_eval=226.143 result=STR:OBJECT
EXPR_LANE_PERF tier=ast mode=frozen_native name=json_type sample=1 iterations=480000 elapsed_ns=108727352 ns_per_eval=226.515 result=STR:OBJECT
EXPR_LANE_PERF tier=ast mode=frozen_native name=json_type sample=2 iterations=480000 elapsed_ns=108687234 ns_per_eval=226.432 result=STR:OBJECT
EXPR_LANE_PERF tier=ast mode=frozen_native name=json_type sample=3 iterations=480000 elapsed_ns=109033141 ns_per_eval=227.152 result=STR:OBJECT
EXPR_LANE_PERF tier=ast mode=frozen_native name=json_type sample=4 iterations=480000 elapsed_ns=109211242 ns_per_eval=227.523 result=STR:OBJECT
EXPR_LANE_PERF tier=ast mode=frozen_native name=json_type sample=5 iterations=480000 elapsed_ns=109157231 ns_per_eval=227.411 result=STR:OBJECT
EXPR_LANE_PERF tier=ast mode=frozen_native name=json_type sample=6 iterations=480000 elapsed_ns=109338691 ns_per_eval=227.789 result=STR:OBJECT
EXPR_LANE_PERF tier=ast mode=frozen_native name=json_type sample=7 iterations=480000 elapsed_ns=109277581 ns_per_eval=227.662 result=STR:OBJECT
EXPR_LANE_PERF tier=ast mode=frozen_native name=json_type sample=8 iterations=480000 elapsed_ns=109246971 ns_per_eval=227.598 result=STR:OBJECT
EXPR_LANE_PERF tier=ast mode=frozen_native name=regexp_like sample=0 iterations=160000 elapsed_ns=1217442586 ns_per_eval=7609.016 result=INT:1
EXPR_LANE_PERF tier=ast mode=frozen_native name=regexp_like sample=1 iterations=160000 elapsed_ns=1223187048 ns_per_eval=7644.919 result=INT:1
EXPR_LANE_PERF tier=ast mode=frozen_native name=regexp_like sample=2 iterations=160000 elapsed_ns=1223624331 ns_per_eval=7647.652 result=INT:1
EXPR_LANE_PERF tier=ast mode=frozen_native name=regexp_like sample=3 iterations=160000 elapsed_ns=1238450729 ns_per_eval=7740.317 result=INT:1
EXPR_LANE_PERF tier=ast mode=frozen_native name=regexp_like sample=4 iterations=160000 elapsed_ns=1241012274 ns_per_eval=7756.327 result=INT:1
EXPR_LANE_PERF tier=ast mode=frozen_native name=regexp_like sample=5 iterations=160000 elapsed_ns=1236201346 ns_per_eval=7726.258 result=INT:1
EXPR_LANE_PERF tier=ast mode=frozen_native name=regexp_like sample=6 iterations=160000 elapsed_ns=1231741487 ns_per_eval=7698.384 result=INT:1
EXPR_LANE_PERF tier=ast mode=frozen_native name=regexp_like sample=7 iterations=160000 elapsed_ns=1235151950 ns_per_eval=7719.700 result=INT:1
EXPR_LANE_PERF tier=ast mode=frozen_native name=regexp_like sample=8 iterations=160000 elapsed_ns=1228412820 ns_per_eval=7677.580 result=INT:1
EXPR_LANE_PERF tier=chunk mode=frozen_native name=integer_add sample=0 iterations=3200000 elapsed_ns=297965148 ns_per_eval=93.114 result=INT:3
EXPR_LANE_PERF tier=chunk mode=frozen_native name=integer_add sample=1 iterations=3200000 elapsed_ns=297927279 ns_per_eval=93.102 result=INT:3
EXPR_LANE_PERF tier=chunk mode=frozen_native name=integer_add sample=2 iterations=3200000 elapsed_ns=296188184 ns_per_eval=92.559 result=INT:3
EXPR_LANE_PERF tier=chunk mode=frozen_native name=integer_add sample=3 iterations=3200000 elapsed_ns=295480848 ns_per_eval=92.338 result=INT:3
EXPR_LANE_PERF tier=chunk mode=frozen_native name=integer_add sample=4 iterations=3200000 elapsed_ns=295114650 ns_per_eval=92.223 result=INT:3
EXPR_LANE_PERF tier=chunk mode=frozen_native name=integer_add sample=5 iterations=3200000 elapsed_ns=295171949 ns_per_eval=92.241 result=INT:3
EXPR_LANE_PERF tier=chunk mode=frozen_native name=integer_add sample=6 iterations=3200000 elapsed_ns=294911922 ns_per_eval=92.160 result=INT:3
EXPR_LANE_PERF tier=chunk mode=frozen_native name=integer_add sample=7 iterations=3200000 elapsed_ns=295026590 ns_per_eval=92.196 result=INT:3
EXPR_LANE_PERF tier=chunk mode=frozen_native name=integer_add sample=8 iterations=3200000 elapsed_ns=295445269 ns_per_eval=92.327 result=INT:3
EXPR_LANE_PERF tier=chunk mode=frozen_native name=lazy_if sample=0 iterations=1600000 elapsed_ns=69887956 ns_per_eval=43.680 result=INT:2
EXPR_LANE_PERF tier=chunk mode=frozen_native name=lazy_if sample=1 iterations=1600000 elapsed_ns=69578976 ns_per_eval=43.487 result=INT:2
EXPR_LANE_PERF tier=chunk mode=frozen_native name=lazy_if sample=2 iterations=1600000 elapsed_ns=69496926 ns_per_eval=43.436 result=INT:2
EXPR_LANE_PERF tier=chunk mode=frozen_native name=lazy_if sample=3 iterations=1600000 elapsed_ns=69575236 ns_per_eval=43.485 result=INT:2
EXPR_LANE_PERF tier=chunk mode=frozen_native name=lazy_if sample=4 iterations=1600000 elapsed_ns=69525357 ns_per_eval=43.453 result=INT:2
EXPR_LANE_PERF tier=chunk mode=frozen_native name=lazy_if sample=5 iterations=1600000 elapsed_ns=69691696 ns_per_eval=43.557 result=INT:2
EXPR_LANE_PERF tier=chunk mode=frozen_native name=lazy_if sample=6 iterations=1600000 elapsed_ns=69628066 ns_per_eval=43.518 result=INT:2
EXPR_LANE_PERF tier=chunk mode=frozen_native name=lazy_if sample=7 iterations=1600000 elapsed_ns=69609015 ns_per_eval=43.506 result=INT:2
EXPR_LANE_PERF tier=chunk mode=frozen_native name=lazy_if sample=8 iterations=1600000 elapsed_ns=69652517 ns_per_eval=43.533 result=INT:2
EXPR_LANE_PERF tier=chunk mode=frozen_native name=strcmp sample=0 iterations=800000 elapsed_ns=61056469 ns_per_eval=76.321 result=INT:-1
EXPR_LANE_PERF tier=chunk mode=frozen_native name=strcmp sample=1 iterations=800000 elapsed_ns=61021518 ns_per_eval=76.277 result=INT:-1
EXPR_LANE_PERF tier=chunk mode=frozen_native name=strcmp sample=2 iterations=800000 elapsed_ns=61115438 ns_per_eval=76.394 result=INT:-1
EXPR_LANE_PERF tier=chunk mode=frozen_native name=strcmp sample=3 iterations=800000 elapsed_ns=61117128 ns_per_eval=76.396 result=INT:-1
EXPR_LANE_PERF tier=chunk mode=frozen_native name=strcmp sample=4 iterations=800000 elapsed_ns=61271139 ns_per_eval=76.589 result=INT:-1
EXPR_LANE_PERF tier=chunk mode=frozen_native name=strcmp sample=5 iterations=800000 elapsed_ns=61270687 ns_per_eval=76.588 result=INT:-1
EXPR_LANE_PERF tier=chunk mode=frozen_native name=strcmp sample=6 iterations=800000 elapsed_ns=61329498 ns_per_eval=76.662 result=INT:-1
EXPR_LANE_PERF tier=chunk mode=frozen_native name=strcmp sample=7 iterations=800000 elapsed_ns=61125378 ns_per_eval=76.407 result=INT:-1
EXPR_LANE_PERF tier=chunk mode=frozen_native name=strcmp sample=8 iterations=800000 elapsed_ns=61159388 ns_per_eval=76.449 result=INT:-1
EXPR_LANE_PERF tier=chunk mode=frozen_native name=decimal_add sample=0 iterations=480000 elapsed_ns=224897308 ns_per_eval=468.536 result=DEC:124.00
EXPR_LANE_PERF tier=chunk mode=frozen_native name=decimal_add sample=1 iterations=480000 elapsed_ns=224756048 ns_per_eval=468.242 result=DEC:124.00
EXPR_LANE_PERF tier=chunk mode=frozen_native name=decimal_add sample=2 iterations=480000 elapsed_ns=225986854 ns_per_eval=470.806 result=DEC:124.00
EXPR_LANE_PERF tier=chunk mode=frozen_native name=decimal_add sample=3 iterations=480000 elapsed_ns=227100700 ns_per_eval=473.126 result=DEC:124.00
EXPR_LANE_PERF tier=chunk mode=frozen_native name=decimal_add sample=4 iterations=480000 elapsed_ns=226897571 ns_per_eval=472.703 result=DEC:124.00
EXPR_LANE_PERF tier=chunk mode=frozen_native name=decimal_add sample=5 iterations=480000 elapsed_ns=225632816 ns_per_eval=470.068 result=DEC:124.00
EXPR_LANE_PERF tier=chunk mode=frozen_native name=decimal_add sample=6 iterations=480000 elapsed_ns=225955584 ns_per_eval=470.741 result=DEC:124.00
EXPR_LANE_PERF tier=chunk mode=frozen_native name=decimal_add sample=7 iterations=480000 elapsed_ns=225609247 ns_per_eval=470.019 result=DEC:124.00
EXPR_LANE_PERF tier=chunk mode=frozen_native name=decimal_add sample=8 iterations=480000 elapsed_ns=227977018 ns_per_eval=474.952 result=DEC:124.00
EXPR_LANE_PERF tier=chunk mode=frozen_native name=json_type sample=0 iterations=480000 elapsed_ns=101239657 ns_per_eval=210.916 result=STR:OBJECT
EXPR_LANE_PERF tier=chunk mode=frozen_native name=json_type sample=1 iterations=480000 elapsed_ns=101306017 ns_per_eval=211.054 result=STR:OBJECT
EXPR_LANE_PERF tier=chunk mode=frozen_native name=json_type sample=2 iterations=480000 elapsed_ns=101109338 ns_per_eval=210.644 result=STR:OBJECT
EXPR_LANE_PERF tier=chunk mode=frozen_native name=json_type sample=3 iterations=480000 elapsed_ns=101294217 ns_per_eval=211.030 result=STR:OBJECT
EXPR_LANE_PERF tier=chunk mode=frozen_native name=json_type sample=4 iterations=480000 elapsed_ns=101402316 ns_per_eval=211.255 result=STR:OBJECT
EXPR_LANE_PERF tier=chunk mode=frozen_native name=json_type sample=5 iterations=480000 elapsed_ns=101199467 ns_per_eval=210.832 result=STR:OBJECT
EXPR_LANE_PERF tier=chunk mode=frozen_native name=json_type sample=6 iterations=480000 elapsed_ns=101053698 ns_per_eval=210.529 result=STR:OBJECT
EXPR_LANE_PERF tier=chunk mode=frozen_native name=json_type sample=7 iterations=480000 elapsed_ns=101065318 ns_per_eval=210.553 result=STR:OBJECT
EXPR_LANE_PERF tier=chunk mode=frozen_native name=json_type sample=8 iterations=480000 elapsed_ns=101210847 ns_per_eval=210.856 result=STR:OBJECT
EXPR_LANE_PERF tier=chunk mode=frozen_native name=regexp_like sample=0 iterations=160000 elapsed_ns=38303875 ns_per_eval=239.399 result=INT:1
EXPR_LANE_PERF tier=chunk mode=frozen_native name=regexp_like sample=1 iterations=160000 elapsed_ns=38321075 ns_per_eval=239.507 result=INT:1
EXPR_LANE_PERF tier=chunk mode=frozen_native name=regexp_like sample=2 iterations=160000 elapsed_ns=38104966 ns_per_eval=238.156 result=INT:1
EXPR_LANE_PERF tier=chunk mode=frozen_native name=regexp_like sample=3 iterations=160000 elapsed_ns=38272536 ns_per_eval=239.203 result=INT:1
EXPR_LANE_PERF tier=chunk mode=frozen_native name=regexp_like sample=4 iterations=160000 elapsed_ns=38171735 ns_per_eval=238.573 result=INT:1
EXPR_LANE_PERF tier=chunk mode=frozen_native name=regexp_like sample=5 iterations=160000 elapsed_ns=38333565 ns_per_eval=239.585 result=INT:1
EXPR_LANE_PERF tier=chunk mode=frozen_native name=regexp_like sample=6 iterations=160000 elapsed_ns=38071797 ns_per_eval=237.949 result=INT:1
EXPR_LANE_PERF tier=chunk mode=frozen_native name=regexp_like sample=7 iterations=160000 elapsed_ns=38012136 ns_per_eval=237.576 result=INT:1
EXPR_LANE_PERF tier=chunk mode=frozen_native name=regexp_like sample=8 iterations=160000 elapsed_ns=38148936 ns_per_eval=238.431 result=INT:1
EXPR_LANE_CALIBRATION stage=after iterations=20000000 elapsed_ns=21788687 ns_per_iter=1.089 checksum=14785134113392808001
ok

test result: ok. 1 passed; 0 failed; 0 ignored; 0 measured; 1324 filtered out; finished in 24.13s

