signature_id,proto_name,rust_name,engine_dispatch,engine_family,engine_target,baseline_engine_dispatch,local_proto_available,baseline_local_proto_available,baseline_adapter_mapping,current_adapter_source_evidence,current_adapter_generated_name_candidates,baseline_facade_whitelist,current_facade_whitelist_evidence,pushdown_catalog_direct_selection,go_constructor_candidate_names,go_internal_cast_constructor_evidence,borrowed_classification,risk_flags,classification,admission_status,admission_names
0,Unspecified,,False,,,False,True,True,False,False,,False,,False,coercibility,,no_dispatch,,not_dispatched_by_engine,excluded,coercibility
1,CastIntAsInt,CastIntAsInt,True,impl_cast,map_cast_func(expr)?,True,True,True,False,True,arithmetic:Cast{}As{};coerce:Cast{}As{},False,,False,,castAsIntFunctionClass.getFunction,mapper_requires_runtime_probe,cast_field_metadata_selects_kernel,engine_dispatch_adapter_gap_or_new_mapping_evidence,untested,
2,CastIntAsReal,CastIntAsReal,True,impl_cast,map_cast_func(expr)?,True,True,True,False,False,arithmetic:Cast{}As{};coerce:Cast{}As{},False,,True,,castAsRealFunctionClass.getFunction,mapper_requires_runtime_probe,cast_field_metadata_selects_kernel,engine_dispatch_adapter_gap_or_new_mapping_evidence,admitted,cast_double
3,CastIntAsString,CastIntAsString,True,impl_cast,map_cast_func(expr)?,True,True,True,False,False,arithmetic:Cast{}As{};coerce:Cast{}As{},False,,False,,castAsStringFunctionClass.getFunction,mapper_requires_runtime_probe,cast_field_metadata_selects_kernel,engine_dispatch_adapter_gap_or_new_mapping_evidence,untested,
4,CastIntAsDecimal,CastIntAsDecimal,True,impl_cast,map_cast_func(expr)?,True,True,True,False,True,arithmetic:Cast{}As{};coerce:Cast{}As{},False,,True,,castAsDecimalFunctionClass.getFunction,mapper_requires_runtime_probe,cast_field_metadata_selects_kernel,engine_dispatch_adapter_gap_or_new_mapping_evidence,admitted,cast_decimal
5,CastIntAsTime,CastIntAsTime,True,impl_cast,map_cast_func(expr)?,True,True,True,False,False,arithmetic:Cast{}As{};coerce:Cast{}As{},False,,False,,castAsTimeFunctionClass.getFunction,mapper_requires_runtime_probe,cast_field_metadata_selects_kernel,engine_dispatch_adapter_gap_or_new_mapping_evidence,untested,
6,CastIntAsDuration,CastIntAsDuration,True,impl_cast,map_cast_func(expr)?,True,True,True,False,False,arithmetic:Cast{}As{};coerce:Cast{}As{},False,,False,,castAsDurationFunctionClass.getFunction,mapper_requires_runtime_probe,cast_field_metadata_selects_kernel,engine_dispatch_adapter_gap_or_new_mapping_evidence,untested,
7,CastIntAsJson,CastIntAsJson,True,impl_cast,map_cast_func(expr)?,True,True,True,False,False,arithmetic:Cast{}As{};coerce:Cast{}As{},False,,False,,castAsJSONFunctionClass.getFunction,mapper_requires_runtime_probe,cast_field_metadata_selects_kernel,engine_dispatch_adapter_gap_or_new_mapping_evidence,untested,
10,CastRealAsInt,CastRealAsInt,True,impl_cast,map_cast_func(expr)?,True,True,True,False,False,arithmetic:Cast{}As{};coerce:Cast{}As{},False,,False,,castAsIntFunctionClass.getFunction,mapper_requires_runtime_probe,cast_field_metadata_selects_kernel,engine_dispatch_adapter_gap_or_new_mapping_evidence,untested,
11,CastRealAsReal,CastRealAsReal,True,impl_cast,map_cast_func(expr)?,True,True,True,False,False,arithmetic:Cast{}As{};coerce:Cast{}As{},False,,False,,castAsRealFunctionClass.getFunction,mapper_requires_runtime_probe,cast_field_metadata_selects_kernel,engine_dispatch_adapter_gap_or_new_mapping_evidence,untested,
12,CastRealAsString,CastRealAsString,True,impl_cast,map_cast_func(expr)?,True,True,True,False,False,arithmetic:Cast{}As{};coerce:Cast{}As{},False,,False,,castAsStringFunctionClass.getFunction,mapper_requires_runtime_probe,cast_field_metadata_selects_kernel,engine_dispatch_adapter_gap_or_new_mapping_evidence,untested,
13,CastRealAsDecimal,CastRealAsDecimal,True,impl_cast,map_cast_func(expr)?,True,True,True,False,False,arithmetic:Cast{}As{};coerce:Cast{}As{},False,,False,,castAsDecimalFunctionClass.getFunction,mapper_requires_runtime_probe,cast_field_metadata_selects_kernel,engine_dispatch_adapter_gap_or_new_mapping_evidence,untested,
14,CastRealAsTime,CastRealAsTime,True,impl_cast,map_cast_func(expr)?,True,True,True,False,False,arithmetic:Cast{}As{};coerce:Cast{}As{},False,,False,,castAsTimeFunctionClass.getFunction,mapper_requires_runtime_probe,cast_field_metadata_selects_kernel,engine_dispatch_adapter_gap_or_new_mapping_evidence,untested,
15,CastRealAsDuration,CastRealAsDuration,True,impl_cast,map_cast_func(expr)?,True,True,True,False,False,arithmetic:Cast{}As{};coerce:Cast{}As{},False,,False,,castAsDurationFunctionClass.getFunction,mapper_requires_runtime_probe,cast_field_metadata_selects_kernel,engine_dispatch_adapter_gap_or_new_mapping_evidence,untested,
16,CastRealAsJson,CastRealAsJson,True,impl_cast,map_cast_func(expr)?,True,True,True,False,False,arithmetic:Cast{}As{};coerce:Cast{}As{},False,,False,,castAsJSONFunctionClass.getFunction,mapper_requires_runtime_probe,cast_field_metadata_selects_kernel,engine_dispatch_adapter_gap_or_new_mapping_evidence,untested,
20,CastDecimalAsInt,CastDecimalAsInt,True,impl_cast,map_cast_func(expr)?,True,True,True,False,True,arithmetic:Cast{}As{};coerce:Cast{}As{},False,,False,,castAsIntFunctionClass.getFunction,mapper_requires_runtime_probe,cast_field_metadata_selects_kernel,engine_dispatch_adapter_gap_or_new_mapping_evidence,untested,
21,CastDecimalAsReal,CastDecimalAsReal,True,impl_cast,map_cast_func(expr)?,True,True,True,False,False,arithmetic:Cast{}As{};coerce:Cast{}As{},False,,True,,castAsRealFunctionClass.getFunction,mapper_requires_runtime_probe,cast_field_metadata_selects_kernel,engine_dispatch_adapter_gap_or_new_mapping_evidence,admitted,cast_double
22,CastDecimalAsString,CastDecimalAsString,True,impl_cast,map_cast_func(expr)?,True,True,True,False,False,arithmetic:Cast{}As{};coerce:Cast{}As{},False,,False,,castAsStringFunctionClass.getFunction,mapper_requires_runtime_probe,cast_field_metadata_selects_kernel,engine_dispatch_adapter_gap_or_new_mapping_evidence,untested,
23,CastDecimalAsDecimal,CastDecimalAsDecimal,True,impl_cast,map_cast_func(expr)?,True,True,True,False,False,arithmetic:Cast{}As{};coerce:Cast{}As{},False,,False,,castAsDecimalFunctionClass.getFunction,mapper_requires_runtime_probe,cast_field_metadata_selects_kernel,engine_dispatch_adapter_gap_or_new_mapping_evidence,untested,
24,CastDecimalAsTime,CastDecimalAsTime,True,impl_cast,map_cast_func(expr)?,True,True,True,False,False,arithmetic:Cast{}As{};coerce:Cast{}As{},False,,False,,castAsTimeFunctionClass.getFunction,mapper_requires_runtime_probe,cast_field_metadata_selects_kernel,engine_dispatch_adapter_gap_or_new_mapping_evidence,untested,
25,CastDecimalAsDuration,CastDecimalAsDuration,True,impl_cast,map_cast_func(expr)?,True,True,True,False,False,arithmetic:Cast{}As{};coerce:Cast{}As{},False,,False,,castAsDurationFunctionClass.getFunction,mapper_requires_runtime_probe,cast_field_metadata_selects_kernel,engine_dispatch_adapter_gap_or_new_mapping_evidence,untested,
26,CastDecimalAsJson,CastDecimalAsJson,True,impl_cast,map_cast_func(expr)?,True,True,True,False,False,arithmetic:Cast{}As{};coerce:Cast{}As{},False,,False,,castAsJSONFunctionClass.getFunction,mapper_requires_runtime_probe,cast_field_metadata_selects_kernel,engine_dispatch_adapter_gap_or_new_mapping_evidence,untested,
30,CastStringAsInt,CastStringAsInt,True,impl_cast,map_cast_func(expr)?,True,True,True,False,True,arithmetic:Cast{}As{};coerce:Cast{}As{},False,,False,,castAsIntFunctionClass.getFunction,mapper_requires_runtime_probe,cast_field_metadata_selects_kernel,engine_dispatch_adapter_gap_or_new_mapping_evidence,untested,
31,CastStringAsReal,CastStringAsReal,True,impl_cast,map_cast_func(expr)?,True,True,True,False,True,arithmetic:Cast{}As{};coerce:Cast{}As{},False,,True,,castAsRealFunctionClass.getFunction,mapper_requires_runtime_probe,cast_field_metadata_selects_kernel,engine_dispatch_adapter_gap_or_new_mapping_evidence,admitted,cast_double
32,CastStringAsString,CastStringAsString,True,impl_cast,map_cast_func(expr)?,True,True,True,False,False,arithmetic:Cast{}As{};coerce:Cast{}As{},False,,False,,castAsStringFunctionClass.getFunction,mapper_requires_runtime_probe,cast_field_metadata_selects_kernel,engine_dispatch_adapter_gap_or_new_mapping_evidence,untested,
33,CastStringAsDecimal,CastStringAsDecimal,True,impl_cast,map_cast_func(expr)?,True,True,True,False,False,arithmetic:Cast{}As{};coerce:Cast{}As{},False,,True,,castAsDecimalFunctionClass.getFunction,mapper_requires_runtime_probe,cast_field_metadata_selects_kernel,engine_dispatch_adapter_gap_or_new_mapping_evidence,admitted,cast_decimal
34,CastStringAsTime,CastStringAsTime,True,impl_cast,map_cast_func(expr)?,True,True,True,False,False,arithmetic:Cast{}As{};coerce:Cast{}As{},False,,False,,castAsTimeFunctionClass.getFunction,mapper_requires_runtime_probe,cast_field_metadata_selects_kernel,engine_dispatch_adapter_gap_or_new_mapping_evidence,untested,
35,CastStringAsDuration,CastStringAsDuration,True,impl_cast,map_cast_func(expr)?,True,True,True,False,False,arithmetic:Cast{}As{};coerce:Cast{}As{},False,,False,,castAsDurationFunctionClass.getFunction,mapper_requires_runtime_probe,cast_field_metadata_selects_kernel,engine_dispatch_adapter_gap_or_new_mapping_evidence,untested,
36,CastStringAsJson,CastStringAsJson,True,impl_cast,map_cast_func(expr)?,True,True,True,False,False,arithmetic:Cast{}As{};coerce:Cast{}As{},False,,False,,castAsJSONFunctionClass.getFunction,mapper_requires_runtime_probe,cast_field_metadata_selects_kernel,engine_dispatch_adapter_gap_or_new_mapping_evidence,untested,
40,CastTimeAsInt,CastTimeAsInt,True,impl_cast,map_cast_func(expr)?,True,True,True,False,False,arithmetic:Cast{}As{};coerce:Cast{}As{},False,,False,,castAsIntFunctionClass.getFunction,mapper_requires_runtime_probe,cast_field_metadata_selects_kernel,engine_dispatch_adapter_gap_or_new_mapping_evidence,untested,
41,CastTimeAsReal,CastTimeAsReal,True,impl_cast,map_cast_func(expr)?,True,True,True,False,False,arithmetic:Cast{}As{};coerce:Cast{}As{},False,,False,,castAsRealFunctionClass.getFunction,mapper_requires_runtime_probe,cast_field_metadata_selects_kernel,engine_dispatch_adapter_gap_or_new_mapping_evidence,untested,
42,CastTimeAsString,CastTimeAsString,True,impl_cast,map_cast_func(expr)?,True,True,True,False,False,arithmetic:Cast{}As{};coerce:Cast{}As{},False,,False,,castAsStringFunctionClass.getFunction,mapper_requires_runtime_probe,cast_field_metadata_selects_kernel,engine_dispatch_adapter_gap_or_new_mapping_evidence,untested,
43,CastTimeAsDecimal,CastTimeAsDecimal,True,impl_cast,map_cast_func(expr)?,True,True,True,False,False,arithmetic:Cast{}As{};coerce:Cast{}As{},False,,False,,castAsDecimalFunctionClass.getFunction,mapper_requires_runtime_probe,cast_field_metadata_selects_kernel,engine_dispatch_adapter_gap_or_new_mapping_evidence,untested,
44,CastTimeAsTime,CastTimeAsTime,True,impl_cast,map_cast_func(expr)?,True,True,True,False,False,arithmetic:Cast{}As{};coerce:Cast{}As{},False,,False,,castAsTimeFunctionClass.getFunction,mapper_requires_runtime_probe,cast_field_metadata_selects_kernel,engine_dispatch_adapter_gap_or_new_mapping_evidence,untested,
45,CastTimeAsDuration,CastTimeAsDuration,True,impl_cast,map_cast_func(expr)?,True,True,True,False,False,arithmetic:Cast{}As{};coerce:Cast{}As{},False,,False,,castAsDurationFunctionClass.getFunction,mapper_requires_runtime_probe,cast_field_metadata_selects_kernel,engine_dispatch_adapter_gap_or_new_mapping_evidence,untested,
46,CastTimeAsJson,CastTimeAsJson,True,impl_cast,map_cast_func(expr)?,True,True,True,False,False,arithmetic:Cast{}As{};coerce:Cast{}As{},False,,False,,castAsJSONFunctionClass.getFunction,mapper_requires_runtime_probe,cast_field_metadata_selects_kernel,engine_dispatch_adapter_gap_or_new_mapping_evidence,untested,
50,CastDurationAsInt,CastDurationAsInt,True,impl_cast,map_cast_func(expr)?,True,True,True,False,False,arithmetic:Cast{}As{};coerce:Cast{}As{},False,,False,,castAsIntFunctionClass.getFunction,mapper_requires_runtime_probe,cast_field_metadata_selects_kernel,engine_dispatch_adapter_gap_or_new_mapping_evidence,untested,
51,CastDurationAsReal,CastDurationAsReal,True,impl_cast,map_cast_func(expr)?,True,True,True,False,False,arithmetic:Cast{}As{};coerce:Cast{}As{},False,,False,,castAsRealFunctionClass.getFunction,mapper_requires_runtime_probe,cast_field_metadata_selects_kernel,engine_dispatch_adapter_gap_or_new_mapping_evidence,untested,
52,CastDurationAsString,CastDurationAsString,True,impl_cast,map_cast_func(expr)?,True,True,True,False,False,arithmetic:Cast{}As{};coerce:Cast{}As{},False,,False,,castAsStringFunctionClass.getFunction,mapper_requires_runtime_probe,cast_field_metadata_selects_kernel,engine_dispatch_adapter_gap_or_new_mapping_evidence,untested,
53,CastDurationAsDecimal,CastDurationAsDecimal,True,impl_cast,map_cast_func(expr)?,True,True,True,False,False,arithmetic:Cast{}As{};coerce:Cast{}As{},False,,False,,castAsDecimalFunctionClass.getFunction,mapper_requires_runtime_probe,cast_field_metadata_selects_kernel,engine_dispatch_adapter_gap_or_new_mapping_evidence,untested,
54,CastDurationAsTime,CastDurationAsTime,True,impl_cast,map_cast_func(expr)?,True,True,True,False,False,arithmetic:Cast{}As{};coerce:Cast{}As{},False,,False,,castAsTimeFunctionClass.getFunction,mapper_requires_runtime_probe,current_date_clock_context;cast_field_metadata_selects_kernel,engine_dispatch_semantic_exclusion_or_review,untested,
55,CastDurationAsDuration,CastDurationAsDuration,True,impl_cast,map_cast_func(expr)?,True,True,True,False,False,arithmetic:Cast{}As{};coerce:Cast{}As{},False,,False,,castAsDurationFunctionClass.getFunction,mapper_requires_runtime_probe,cast_field_metadata_selects_kernel,engine_dispatch_adapter_gap_or_new_mapping_evidence,untested,
56,CastDurationAsJson,CastDurationAsJson,True,impl_cast,map_cast_func(expr)?,True,True,True,False,False,arithmetic:Cast{}As{};coerce:Cast{}As{},False,,False,,castAsJSONFunctionClass.getFunction,mapper_requires_runtime_probe,cast_field_metadata_selects_kernel,engine_dispatch_adapter_gap_or_new_mapping_evidence,untested,
60,CastJsonAsInt,CastJsonAsInt,True,impl_cast,map_cast_func(expr)?,True,True,True,False,False,arithmetic:Cast{}As{};coerce:Cast{}As{},False,,False,,castAsIntFunctionClass.getFunction,mapper_requires_runtime_probe,cast_field_metadata_selects_kernel,engine_dispatch_adapter_gap_or_new_mapping_evidence,untested,
61,CastJsonAsReal,CastJsonAsReal,True,impl_cast,map_cast_func(expr)?,True,True,True,False,False,arithmetic:Cast{}As{};coerce:Cast{}As{},False,,False,,castAsRealFunctionClass.getFunction,mapper_requires_runtime_probe,cast_field_metadata_selects_kernel,engine_dispatch_adapter_gap_or_new_mapping_evidence,untested,
62,CastJsonAsString,CastJsonAsString,True,impl_cast,map_cast_func(expr)?,True,True,True,False,True,arithmetic:Cast{}As{};coerce:Cast{}As{},False,,False,,castAsStringFunctionClass.getFunction,mapper_requires_runtime_probe,cast_field_metadata_selects_kernel,engine_dispatch_adapter_gap_or_new_mapping_evidence,untested,
63,CastJsonAsDecimal,CastJsonAsDecimal,True,impl_cast,map_cast_func(expr)?,True,True,True,False,False,arithmetic:Cast{}As{};coerce:Cast{}As{},False,,False,,castAsDecimalFunctionClass.getFunction,mapper_requires_runtime_probe,cast_field_metadata_selects_kernel,engine_dispatch_adapter_gap_or_new_mapping_evidence,untested,
64,CastJsonAsTime,CastJsonAsTime,True,impl_cast,map_cast_func(expr)?,True,True,True,False,False,arithmetic:Cast{}As{};coerce:Cast{}As{},False,,False,,castAsTimeFunctionClass.getFunction,mapper_requires_runtime_probe,cast_field_metadata_selects_kernel,engine_dispatch_adapter_gap_or_new_mapping_evidence,untested,
65,CastJsonAsDuration,CastJsonAsDuration,True,impl_cast,map_cast_func(expr)?,True,True,True,False,False,arithmetic:Cast{}As{};coerce:Cast{}As{},False,,False,,castAsDurationFunctionClass.getFunction,mapper_requires_runtime_probe,cast_field_metadata_selects_kernel,engine_dispatch_adapter_gap_or_new_mapping_evidence,untested,
66,CastJsonAsJson,CastJsonAsJson,True,impl_cast,map_cast_func(expr)?,True,True,True,False,False,arithmetic:Cast{}As{};coerce:Cast{}As{},False,,False,,castAsJSONFunctionClass.getFunction,mapper_requires_runtime_probe,cast_field_metadata_selects_kernel,engine_dispatch_adapter_gap_or_new_mapping_evidence,untested,
100,LTInt,LtInt,True,impl_compare,"map_int_sig(value, children, compare_mapper::<CmpOpLt>)?",True,True,True,True,False,comparison:{prefix}{},True,,False,eq;ge;gt;le;lt;ne;nulleq,,mapper_to_annotated_kernel_type_and_tree_dependent,,baseline_adapter_signature_with_shape_restrictions,admitted,eq;ge;gt;le;lt;ne;nulleq
101,LTReal,LtReal,True,impl_compare,"compare_fn_meta::<BasicComparer<Real, CmpOpLt>>()",True,True,True,True,False,comparison:{prefix}{},True,,False,eq;ge;gt;le;lt;ne;nulleq,,annotated_kernel_type_and_tree_dependent,,baseline_adapter_signature_with_shape_restrictions,admitted,eq;ge;gt;le;lt;ne;nulleq
102,LTDecimal,LtDecimal,True,impl_compare,"compare_fn_meta::<BasicComparer<Decimal, CmpOpLt>>()",True,True,True,False,False,comparison:{prefix}Decimal;comparison:{prefix}{},True,,False,eq;ge;gt;le;lt;ne;nulleq,,annotated_kernel_type_and_tree_dependent,,engine_dispatch_adapter_gap_or_new_mapping_evidence,admitted,eq;ge;gt;le;lt;ne;nulleq
103,LTString,LtString,True,impl_compare,map_string_compare_sig::<CmpOpLt>(ft)?,True,True,True,False,False,comparison:{prefix}{},False,,False,eq;ge;gt;le;lt;ne;nulleq,,mapper_requires_runtime_probe,,engine_dispatch_adapter_gap_or_new_mapping_evidence,admitted,eq;ge;gt;le;lt;ne;nulleq
104,LTTime,LtTime,True,impl_compare,"compare_fn_meta::<BasicComparer<DateTime, CmpOpLt>>()",True,True,True,False,False,comparison:{prefix}{},False,,False,eq;ge;gt;le;lt;ne;nulleq,,annotated_kernel_type_and_tree_dependent,,engine_dispatch_adapter_gap_or_new_mapping_evidence,admitted,eq;ge;gt;le;lt;ne;nulleq
105,LTDuration,LtDuration,True,impl_compare,"compare_fn_meta::<BasicComparer<Duration, CmpOpLt>>()",True,False,False,False,False,comparison:{prefix}{},False,,False,eq;ge;gt;le;lt;ne;nulleq,,annotated_kernel_type_and_tree_dependent,,engine_dispatch_adapter_gap_or_new_mapping_evidence,admitted,eq;ge;gt;le;lt;ne;nulleq
106,LTJson,LtJson,True,impl_compare,compare_json_fn_meta::<CmpOpLt>(),True,False,False,False,False,comparison:{prefix}{},False,,False,eq;ge;gt;le;lt;ne;nulleq,,no_annotated_direct_loader,,engine_dispatch_adapter_gap_or_new_mapping_evidence,admitted,eq;ge;gt;le;lt;ne;nulleq
110,LEInt,LeInt,True,impl_compare,"map_int_sig(value, children, compare_mapper::<CmpOpLe>)?",True,True,True,True,False,comparison:{prefix}{},True,,False,eq;ge;gt;le;lt;ne;nulleq,,mapper_to_annotated_kernel_type_and_tree_dependent,,baseline_adapter_signature_with_shape_restrictions,admitted,eq;ge;gt;le;lt;ne;nulleq
111,LEReal,LeReal,True,impl_compare,"compare_fn_meta::<BasicComparer<Real, CmpOpLe>>()",True,True,True,True,False,comparison:{prefix}{},True,,False,eq;ge;gt;le;lt;ne;nulleq,,annotated_kernel_type_and_tree_dependent,,baseline_adapter_signature_with_shape_restrictions,admitted,eq;ge;gt;le;lt;ne;nulleq
112,LEDecimal,LeDecimal,True,impl_compare,"compare_fn_meta::<BasicComparer<Decimal, CmpOpLe>>()",True,True,True,False,False,comparison:{prefix}Decimal;comparison:{prefix}{},True,,False,eq;ge;gt;le;lt;ne;nulleq,,annotated_kernel_type_and_tree_dependent,,engine_dispatch_adapter_gap_or_new_mapping_evidence,admitted,eq;ge;gt;le;lt;ne;nulleq
113,LEString,LeString,True,impl_compare,map_string_compare_sig::<CmpOpLe>(ft)?,True,True,True,False,False,comparison:{prefix}{},False,,False,eq;ge;gt;le;lt;ne;nulleq,,mapper_requires_runtime_probe,,engine_dispatch_adapter_gap_or_new_mapping_evidence,admitted,eq;ge;gt;le;lt;ne;nulleq
114,LETime,LeTime,True,impl_compare,"compare_fn_meta::<BasicComparer<DateTime, CmpOpLe>>()",True,True,True,False,False,comparison:{prefix}{},False,,False,eq;ge;gt;le;lt;ne;nulleq,,annotated_kernel_type_and_tree_dependent,,engine_dispatch_adapter_gap_or_new_mapping_evidence,admitted,eq;ge;gt;le;lt;ne;nulleq
115,LEDuration,LeDuration,True,impl_compare,"compare_fn_meta::<BasicComparer<Duration, CmpOpLe>>()",True,False,False,False,False,comparison:{prefix}{},False,,False,eq;ge;gt;le;lt;ne;nulleq,,annotated_kernel_type_and_tree_dependent,,engine_dispatch_adapter_gap_or_new_mapping_evidence,admitted,eq;ge;gt;le;lt;ne;nulleq
116,LEJson,LeJson,True,impl_compare,compare_json_fn_meta::<CmpOpLe>(),True,False,False,False,False,comparison:{prefix}{},False,,False,eq;ge;gt;le;lt;ne;nulleq,,no_annotated_direct_loader,,engine_dispatch_adapter_gap_or_new_mapping_evidence,admitted,eq;ge;gt;le;lt;ne;nulleq
120,GTInt,GtInt,True,impl_compare,"map_int_sig(value, children, compare_mapper::<CmpOpGt>)?",True,True,True,True,False,comparison:{prefix}{},True,,True,eq;ge;gt;le;lt;ne;nulleq,,mapper_to_annotated_kernel_type_and_tree_dependent,,baseline_adapter_signature_with_shape_restrictions,admitted,eq;ge;gt;le;lt;ne;nulleq
121,GTReal,GtReal,True,impl_compare,"compare_fn_meta::<BasicComparer<Real, CmpOpGt>>()",True,True,True,True,False,comparison:{prefix}{},True,,False,eq;ge;gt;le;lt;ne;nulleq,,annotated_kernel_type_and_tree_dependent,,baseline_adapter_signature_with_shape_restrictions,admitted,eq;ge;gt;le;lt;ne;nulleq
122,GTDecimal,GtDecimal,True,impl_compare,"compare_fn_meta::<BasicComparer<Decimal, CmpOpGt>>()",True,True,True,False,False,comparison:{prefix}Decimal;comparison:{prefix}{},True,,False,eq;ge;gt;le;lt;ne;nulleq,,annotated_kernel_type_and_tree_dependent,,engine_dispatch_adapter_gap_or_new_mapping_evidence,admitted,eq;ge;gt;le;lt;ne;nulleq
123,GTString,GtString,True,impl_compare,map_string_compare_sig::<CmpOpGt>(ft)?,True,True,True,False,False,comparison:{prefix}{},False,,False,eq;ge;gt;le;lt;ne;nulleq,,mapper_requires_runtime_probe,,engine_dispatch_adapter_gap_or_new_mapping_evidence,admitted,eq;ge;gt;le;lt;ne;nulleq
124,GTTime,GtTime,True,impl_compare,"compare_fn_meta::<BasicComparer<DateTime, CmpOpGt>>()",True,True,True,False,False,comparison:{prefix}{},False,,False,eq;ge;gt;le;lt;ne;nulleq,,annotated_kernel_type_and_tree_dependent,,engine_dispatch_adapter_gap_or_new_mapping_evidence,admitted,eq;ge;gt;le;lt;ne;nulleq
125,GTDuration,GtDuration,True,impl_compare,"compare_fn_meta::<BasicComparer<Duration, CmpOpGt>>()",True,False,False,False,False,comparison:{prefix}{},False,,False,eq;ge;gt;le;lt;ne;nulleq,,annotated_kernel_type_and_tree_dependent,,engine_dispatch_adapter_gap_or_new_mapping_evidence,admitted,eq;ge;gt;le;lt;ne;nulleq
126,GTJson,GtJson,True,impl_compare,compare_json_fn_meta::<CmpOpGt>(),True,False,False,False,False,comparison:{prefix}{},False,,False,eq;ge;gt;le;lt;ne;nulleq,,no_annotated_direct_loader,,engine_dispatch_adapter_gap_or_new_mapping_evidence,admitted,eq;ge;gt;le;lt;ne;nulleq
130,GEInt,GeInt,True,impl_compare,"map_int_sig(value, children, compare_mapper::<CmpOpGe>)?",True,True,True,True,False,comparison:{prefix}{},True,,False,eq;ge;gt;le;lt;ne;nulleq,,mapper_to_annotated_kernel_type_and_tree_dependent,,baseline_adapter_signature_with_shape_restrictions,admitted,eq;ge;gt;le;lt;ne;nulleq
131,GEReal,GeReal,True,impl_compare,"compare_fn_meta::<BasicComparer<Real, CmpOpGe>>()",True,True,True,True,False,comparison:{prefix}{},True,,False,eq;ge;gt;le;lt;ne;nulleq,,annotated_kernel_type_and_tree_dependent,,baseline_adapter_signature_with_shape_restrictions,admitted,eq;ge;gt;le;lt;ne;nulleq
132,GEDecimal,GeDecimal,True,impl_compare,"compare_fn_meta::<BasicComparer<Decimal, CmpOpGe>>()",True,True,True,False,False,comparison:{prefix}Decimal;comparison:{prefix}{},True,,False,eq;ge;gt;le;lt;ne;nulleq,,annotated_kernel_type_and_tree_dependent,,engine_dispatch_adapter_gap_or_new_mapping_evidence,admitted,eq;ge;gt;le;lt;ne;nulleq
133,GEString,GeString,True,impl_compare,map_string_compare_sig::<CmpOpGe>(ft)?,True,True,True,False,False,comparison:{prefix}{},False,,False,eq;ge;gt;le;lt;ne;nulleq,,mapper_requires_runtime_probe,,engine_dispatch_adapter_gap_or_new_mapping_evidence,admitted,eq;ge;gt;le;lt;ne;nulleq
134,GETime,GeTime,True,impl_compare,"compare_fn_meta::<BasicComparer<DateTime, CmpOpGe>>()",True,True,True,False,False,comparison:{prefix}{},False,,False,eq;ge;gt;le;lt;ne;nulleq,,annotated_kernel_type_and_tree_dependent,,engine_dispatch_adapter_gap_or_new_mapping_evidence,admitted,eq;ge;gt;le;lt;ne;nulleq
135,GEDuration,GeDuration,True,impl_compare,"compare_fn_meta::<BasicComparer<Duration, CmpOpGe>>()",True,False,False,False,False,comparison:{prefix}{},False,,False,eq;ge;gt;le;lt;ne;nulleq,,annotated_kernel_type_and_tree_dependent,,engine_dispatch_adapter_gap_or_new_mapping_evidence,admitted,eq;ge;gt;le;lt;ne;nulleq
136,GEJson,GeJson,True,impl_compare,compare_json_fn_meta::<CmpOpGe>(),True,False,False,False,False,comparison:{prefix}{},False,,False,eq;ge;gt;le;lt;ne;nulleq,,no_annotated_direct_loader,,engine_dispatch_adapter_gap_or_new_mapping_evidence,admitted,eq;ge;gt;le;lt;ne;nulleq
140,EQInt,EqInt,True,impl_compare,"map_int_sig(value, children, compare_mapper::<CmpOpEq>)?",True,True,True,True,False,comparison:{prefix}{},True,,True,eq;ge;gt;le;lt;ne;nulleq,,mapper_to_annotated_kernel_type_and_tree_dependent,,baseline_adapter_signature_with_shape_restrictions,admitted,eq;ge;gt;le;lt;ne;nulleq
141,EQReal,EqReal,True,impl_compare,"compare_fn_meta::<BasicComparer<Real, CmpOpEq>>()",True,True,True,True,False,comparison:{prefix}{},True,,False,eq;ge;gt;le;lt;ne;nulleq,,annotated_kernel_type_and_tree_dependent,,baseline_adapter_signature_with_shape_restrictions,admitted,eq;ge;gt;le;lt;ne;nulleq
142,EQDecimal,EqDecimal,True,impl_compare,"compare_fn_meta::<BasicComparer<Decimal, CmpOpEq>>()",True,True,True,False,False,comparison:{prefix}Decimal;comparison:{prefix}{},True,,False,eq;ge;gt;le;lt;ne;nulleq,,annotated_kernel_type_and_tree_dependent,,engine_dispatch_adapter_gap_or_new_mapping_evidence,admitted,eq;ge;gt;le;lt;ne;nulleq
143,EQString,EqString,True,impl_compare,map_string_compare_sig::<CmpOpEq>(ft)?,True,True,True,False,False,comparison:{prefix}{},False,,False,eq;ge;gt;le;lt;ne;nulleq,,mapper_requires_runtime_probe,,engine_dispatch_adapter_gap_or_new_mapping_evidence,admitted,eq;ge;gt;le;lt;ne;nulleq
144,EQTime,EqTime,True,impl_compare,"compare_fn_meta::<BasicComparer<DateTime, CmpOpEq>>()",True,True,True,False,False,comparison:{prefix}{},False,,False,eq;ge;gt;le;lt;ne;nulleq,,annotated_kernel_type_and_tree_dependent,,engine_dispatch_adapter_gap_or_new_mapping_evidence,admitted,eq;ge;gt;le;lt;ne;nulleq
145,EQDuration,EqDuration,True,impl_compare,"compare_fn_meta::<BasicComparer<Duration, CmpOpEq>>()",True,False,False,False,False,comparison:{prefix}{},False,,False,eq;ge;gt;le;lt;ne;nulleq,,annotated_kernel_type_and_tree_dependent,,engine_dispatch_adapter_gap_or_new_mapping_evidence,admitted,eq;ge;gt;le;lt;ne;nulleq
146,EQJson,EqJson,True,impl_compare,compare_json_fn_meta::<CmpOpEq>(),True,False,False,False,False,comparison:{prefix}{},False,,False,eq;ge;gt;le;lt;ne;nulleq,,no_annotated_direct_loader,,engine_dispatch_adapter_gap_or_new_mapping_evidence,admitted,eq;ge;gt;le;lt;ne;nulleq
150,NEInt,NeInt,True,impl_compare,"map_int_sig(value, children, compare_mapper::<CmpOpNe>)?",True,True,True,True,False,comparison:{prefix}{},True,,False,eq;ge;gt;le;lt;ne;nulleq,,mapper_to_annotated_kernel_type_and_tree_dependent,,baseline_adapter_signature_with_shape_restrictions,admitted,eq;ge;gt;le;lt;ne;nulleq
151,NEReal,NeReal,True,impl_compare,"compare_fn_meta::<BasicComparer<Real, CmpOpNe>>()",True,True,True,True,False,comparison:{prefix}{},True,,False,eq;ge;gt;le;lt;ne;nulleq,,annotated_kernel_type_and_tree_dependent,,baseline_adapter_signature_with_shape_restrictions,admitted,eq;ge;gt;le;lt;ne;nulleq
152,NEDecimal,NeDecimal,True,impl_compare,"compare_fn_meta::<BasicComparer<Decimal, CmpOpNe>>()",True,True,True,False,False,comparison:{prefix}Decimal;comparison:{prefix}{},True,,False,eq;ge;gt;le;lt;ne;nulleq,,annotated_kernel_type_and_tree_dependent,,engine_dispatch_adapter_gap_or_new_mapping_evidence,admitted,eq;ge;gt;le;lt;ne;nulleq
153,NEString,NeString,True,impl_compare,map_string_compare_sig::<CmpOpNe>(ft)?,True,True,True,False,False,comparison:{prefix}{},False,,False,eq;ge;gt;le;lt;ne;nulleq,,mapper_requires_runtime_probe,,engine_dispatch_adapter_gap_or_new_mapping_evidence,admitted,eq;ge;gt;le;lt;ne;nulleq
154,NETime,NeTime,True,impl_compare,"compare_fn_meta::<BasicComparer<DateTime, CmpOpNe>>()",True,True,True,False,False,comparison:{prefix}{},False,,False,eq;ge;gt;le;lt;ne;nulleq,,annotated_kernel_type_and_tree_dependent,,engine_dispatch_adapter_gap_or_new_mapping_evidence,admitted,eq;ge;gt;le;lt;ne;nulleq
155,NEDuration,NeDuration,True,impl_compare,"compare_fn_meta::<BasicComparer<Duration, CmpOpNe>>()",True,False,False,False,False,comparison:{prefix}{},False,,False,eq;ge;gt;le;lt;ne;nulleq,,annotated_kernel_type_and_tree_dependent,,engine_dispatch_adapter_gap_or_new_mapping_evidence,admitted,eq;ge;gt;le;lt;ne;nulleq
156,NEJson,NeJson,True,impl_compare,compare_json_fn_meta::<CmpOpNe>(),True,False,False,False,False,comparison:{prefix}{},False,,False,eq;ge;gt;le;lt;ne;nulleq,,no_annotated_direct_loader,,engine_dispatch_adapter_gap_or_new_mapping_evidence,admitted,eq;ge;gt;le;lt;ne;nulleq
160,NullEQInt,NullEqInt,True,impl_compare,"map_int_sig(value, children, compare_mapper::<CmpOpNullEq>)?",True,True,True,True,False,comparison:{prefix}{};nullif:NullEq{},True,,False,eq;ge;gt;le;lt;ne;nulleq,,mapper_to_annotated_kernel_type_and_tree_dependent,,baseline_adapter_signature_with_shape_restrictions,admitted,eq;ge;gt;le;lt;ne;nulleq
161,NullEQReal,NullEqReal,True,impl_compare,"compare_fn_meta::<BasicComparer<Real, CmpOpNullEq>>()",True,True,True,True,False,comparison:{prefix}{};nullif:NullEq{},True,,False,eq;ge;gt;le;lt;ne;nulleq,,annotated_kernel_type_and_tree_dependent,,baseline_adapter_signature_with_shape_restrictions,admitted,eq;ge;gt;le;lt;ne;nulleq
162,NullEQDecimal,NullEqDecimal,True,impl_compare,"compare_fn_meta::<BasicComparer<Decimal, CmpOpNullEq>>()",True,False,False,False,False,comparison:{prefix}Decimal;comparison:{prefix}{};nullif:NullEq{},True,,False,eq;ge;gt;le;lt;ne;nulleq,,annotated_kernel_type_and_tree_dependent,,engine_dispatch_adapter_gap_or_new_mapping_evidence,admitted,eq;ge;gt;le;lt;ne;nulleq
163,NullEQString,NullEqString,True,impl_compare,map_string_compare_sig::<CmpOpNullEq>(ft)?,True,False,False,False,False,comparison:{prefix}{};nullif:NullEq{},False,,False,eq;ge;gt;le;lt;ne;nulleq,,mapper_requires_runtime_probe,,engine_dispatch_adapter_gap_or_new_mapping_evidence,admitted,eq;ge;gt;le;lt;ne;nulleq
164,NullEQTime,NullEqTime,True,impl_compare,"compare_fn_meta::<BasicComparer<DateTime, CmpOpNullEq>>()",True,False,False,False,False,comparison:{prefix}{};nullif:NullEq{},False,,False,eq;ge;gt;le;lt;ne;nulleq,,annotated_kernel_type_and_tree_dependent,,engine_dispatch_adapter_gap_or_new_mapping_evidence,admitted,eq;ge;gt;le;lt;ne;nulleq
165,NullEQDuration,NullEqDuration,True,impl_compare,"compare_fn_meta::<BasicComparer<Duration, CmpOpNullEq>>()",True,False,False,False,False,comparison:{prefix}{};nullif:NullEq{},False,,False,eq;ge;gt;le;lt;ne;nulleq,,annotated_kernel_type_and_tree_dependent,,engine_dispatch_adapter_gap_or_new_mapping_evidence,admitted,eq;ge;gt;le;lt;ne;nulleq
166,NullEQJson,NullEqJson,True,impl_compare,compare_json_fn_meta::<CmpOpNullEq>(),True,False,False,False,False,comparison:{prefix}{};nullif:NullEq{},False,,False,eq;ge;gt;le;lt;ne;nulleq,,no_annotated_direct_loader,,engine_dispatch_adapter_gap_or_new_mapping_evidence,admitted,eq;ge;gt;le;lt;ne;nulleq
200,PlusReal,PlusReal,True,impl_arithmetic,arithmetic_fn_meta::<RealPlus>(),True,True,True,True,False,arithmetic:{prefix}{},True,,False,plus,,annotated_kernel_type_and_tree_dependent,,baseline_adapter_signature_with_shape_restrictions,admitted,plus
201,PlusDecimal,PlusDecimal,True,impl_arithmetic,arithmetic_fn_meta::<DecimalPlus>(),True,True,True,False,False,arithmetic:{prefix}{},True,,True,plus,,annotated_kernel_type_and_tree_dependent,,engine_dispatch_adapter_gap_or_new_mapping_evidence,admitted,plus
203,PlusInt,PlusInt,True,impl_arithmetic,"map_int_sig(value, children, plus_mapper)?",True,True,True,True,False,arithmetic:{prefix}{},True,,True,plus,,mapper_to_annotated_kernel_type_and_tree_dependent,,baseline_adapter_signature_with_shape_restrictions,admitted,plus
204,MinusReal,MinusReal,True,impl_arithmetic,arithmetic_fn_meta::<RealMinus>(),True,True,True,True,False,arithmetic:{prefix}{},True,,False,minus,,annotated_kernel_type_and_tree_dependent,,baseline_adapter_signature_with_shape_restrictions,admitted,minus
205,MinusDecimal,MinusDecimal,True,impl_arithmetic,arithmetic_fn_meta::<DecimalMinus>(),True,True,True,False,False,arithmetic:{prefix}{},True,,True,minus,,annotated_kernel_type_and_tree_dependent,,engine_dispatch_adapter_gap_or_new_mapping_evidence,admitted,minus
207,MinusInt,MinusInt,True,impl_arithmetic,"map_int_sig(value, children, minus_mapper)?",True,True,True,True,False,arithmetic:{prefix}{},True,,False,minus,,mapper_to_annotated_kernel_type_and_tree_dependent,,baseline_adapter_signature_with_shape_restrictions,admitted,minus
208,MultiplyReal,MultiplyReal,True,impl_arithmetic,arithmetic_fn_meta::<RealMultiply>(),True,True,True,True,False,arithmetic:{prefix}{},True,,False,mul,,annotated_kernel_type_and_tree_dependent,,baseline_adapter_signature_with_shape_restrictions,admitted,mul
209,MultiplyDecimal,MultiplyDecimal,True,impl_arithmetic,arithmetic_fn_meta::<DecimalMultiply>(),True,True,True,False,False,arithmetic:{prefix}{},True,,True,mul,,annotated_kernel_type_and_tree_dependent,,engine_dispatch_adapter_gap_or_new_mapping_evidence,admitted,mul
210,MultiplyInt,MultiplyInt,True,impl_arithmetic,"map_int_sig(value, children, multiply_mapper)?",True,True,True,True,False,arithmetic:{prefix}{},True,,False,mul,,mapper_to_annotated_kernel_type_and_tree_dependent,,baseline_adapter_signature_with_shape_restrictions,admitted,mul
211,DivideReal,DivideReal,True,impl_arithmetic,arithmetic_with_ctx_fn_meta::<RealDivide>(),True,True,True,False,False,arithmetic:{prefix}{},True,,False,div,,annotated_kernel_type_and_tree_dependent,,engine_dispatch_adapter_gap_or_new_mapping_evidence,admitted,div
212,DivideDecimal,DivideDecimal,True,impl_arithmetic,arithmetic_with_ctx_fn_meta::<DecimalDivide>(),True,True,True,False,False,arithmetic:{prefix}{},True,,False,div,,annotated_kernel_type_and_tree_dependent,,engine_dispatch_adapter_gap_or_new_mapping_evidence,admitted,div
213,IntDivideInt,IntDivideInt,True,impl_arithmetic,"map_int_sig(value, children, divide_mapper)?",True,True,True,False,False,arithmetic:{prefix}{},True,,False,intdiv,,mapper_to_annotated_kernel_type_and_tree_dependent,,engine_dispatch_adapter_gap_or_new_mapping_evidence,admitted,intdiv
214,IntDivideDecimal,IntDivideDecimal,True,impl_arithmetic,"map_int_sig(value, children, divide_decimal_mapper)?",True,True,True,False,False,arithmetic:{prefix}{},False,,False,intdiv,,mapper_requires_runtime_probe,,engine_dispatch_adapter_gap_or_new_mapping_evidence,admitted,intdiv
215,ModReal,ModReal,True,impl_arithmetic,arithmetic_fn_meta::<RealMod>(),True,True,True,False,False,arithmetic:{prefix}{},True,,True,mod,,annotated_kernel_type_and_tree_dependent,,engine_dispatch_adapter_gap_or_new_mapping_evidence,admitted,mod
216,ModDecimal,ModDecimal,True,impl_arithmetic,arithmetic_with_ctx_fn_meta::<DecimalMod>(),True,True,True,False,False,arithmetic:{prefix}{},True,,True,mod,,annotated_kernel_type_and_tree_dependent,,engine_dispatch_adapter_gap_or_new_mapping_evidence,admitted,mod
217,ModInt,ModInt,True,impl_arithmetic,"map_int_sig(value, children, mod_mapper)?",True,False,False,False,False,arithmetic:{prefix}{},True,,False,,,mapper_to_annotated_kernel_type_and_tree_dependent,,engine_dispatch_adapter_gap_or_new_mapping_evidence,untested,
218,MultiplyIntUnsigned,MultiplyIntUnsigned,True,impl_arithmetic,arithmetic_fn_meta::<UintUintMultiply>(),True,True,True,False,False,,False,,False,mul,,annotated_kernel_type_and_tree_dependent,,engine_dispatch_adapter_gap_or_new_mapping_evidence,admitted,mul
219,PlusIntUnsignedUnsigned,PlusIntUnsignedUnsigned,True,impl_arithmetic,arithmetic_fn_meta::<UintUintPlus>(),True,True,True,False,False,,False,,False,,,annotated_kernel_type_and_tree_dependent,,engine_dispatch_adapter_gap_or_new_mapping_evidence,untested,
220,PlusIntUnsignedSigned,PlusIntUnsignedSigned,True,impl_arithmetic,arithmetic_fn_meta::<UintIntPlus>(),True,True,True,False,False,,False,,False,,,annotated_kernel_type_and_tree_dependent,,engine_dispatch_adapter_gap_or_new_mapping_evidence,untested,
221,PlusIntSignedUnsigned,PlusIntSignedUnsigned,True,impl_arithmetic,arithmetic_fn_meta::<IntUintPlus>(),True,True,True,False,False,,False,,False,,,annotated_kernel_type_and_tree_dependent,,engine_dispatch_adapter_gap_or_new_mapping_evidence,untested,
222,PlusIntSignedSigned,PlusIntSignedSigned,True,impl_arithmetic,arithmetic_fn_meta::<IntIntPlus>(),True,True,True,False,False,,False,,False,,,annotated_kernel_type_and_tree_dependent,,engine_dispatch_adapter_gap_or_new_mapping_evidence,untested,
223,ModIntUnsignedUnsigned,ModIntUnsignedUnsigned,True,impl_arithmetic,arithmetic_fn_meta::<UintUintMod>(),True,True,True,False,False,,False,,True,mod,,annotated_kernel_type_and_tree_dependent,,engine_dispatch_adapter_gap_or_new_mapping_evidence,admitted,mod
224,ModIntUnsignedSigned,ModIntUnsignedSigned,True,impl_arithmetic,arithmetic_fn_meta::<UintIntMod>(),True,True,True,False,False,,False,,True,mod,,annotated_kernel_type_and_tree_dependent,,engine_dispatch_adapter_gap_or_new_mapping_evidence,admitted,mod
225,ModIntSignedUnsigned,ModIntSignedUnsigned,True,impl_arithmetic,arithmetic_fn_meta::<IntUintMod>(),True,True,True,False,False,,False,,True,mod,,annotated_kernel_type_and_tree_dependent,,engine_dispatch_adapter_gap_or_new_mapping_evidence,admitted,mod
226,ModIntSignedSigned,ModIntSignedSigned,True,impl_arithmetic,arithmetic_fn_meta::<IntIntMod>(),True,True,True,False,False,,False,,True,mod,,annotated_kernel_type_and_tree_dependent,,engine_dispatch_adapter_gap_or_new_mapping_evidence,admitted,mod
227,MinusIntUnsignedUnsigned,,False,,,False,True,True,False,False,,False,,False,,,no_dispatch,,not_dispatched_by_engine,untested,
228,MinusIntUnsignedSigned,,False,,,False,True,True,False,False,,False,,False,,,no_dispatch,,not_dispatched_by_engine,untested,
229,MinusIntSignedUnsigned,,False,,,False,True,True,False,False,,False,,False,,,no_dispatch,,not_dispatched_by_engine,untested,
230,MinusIntSignedSigned,,False,,,False,True,True,False,False,,False,,False,,,no_dispatch,,not_dispatched_by_engine,untested,
231,MinusIntForcedUnsignedUnsigned,,False,,,False,True,True,False,False,,False,,False,,,no_dispatch,,not_dispatched_by_engine,untested,
232,MinusIntForcedUnsignedSigned,,False,,,False,True,True,False,False,,False,,False,,,no_dispatch,,not_dispatched_by_engine,untested,
233,MinusIntForcedSignedUnsigned,,False,,,False,True,True,False,False,,False,,False,,,no_dispatch,,not_dispatched_by_engine,untested,
234,IntDivideIntUnsignedUnsigned,,False,,,False,True,True,False,False,,False,,False,,,no_dispatch,,not_dispatched_by_engine,untested,
235,IntDivideIntUnsignedSigned,,False,,,False,True,True,False,False,,False,,False,,,no_dispatch,,not_dispatched_by_engine,untested,
236,IntDivideIntSignedSigned,,False,,,False,True,True,False,False,,False,,False,,,no_dispatch,,not_dispatched_by_engine,untested,
237,IntDivideIntSignedUnsigned,,False,,,False,True,True,False,False,,False,,False,,,no_dispatch,,not_dispatched_by_engine,untested,
2101,AbsInt,AbsInt,True,impl_math,abs_int_fn_meta(),True,True,True,True,False,math:Abs{},True,,False,abs,,annotated_kernel_type_and_tree_dependent,,baseline_adapter_signature_with_shape_restrictions,admitted,abs
2102,AbsUInt,AbsUInt,True,impl_math,abs_uint_fn_meta(),True,False,False,False,True,math:Abs{},True,,False,abs,,annotated_kernel_type_and_tree_dependent,,engine_dispatch_adapter_gap_or_new_mapping_evidence,admitted,abs
2103,AbsReal,AbsReal,True,impl_math,abs_real_fn_meta(),True,True,True,True,False,math:Abs{},True,,False,abs,,annotated_kernel_type_and_tree_dependent,,baseline_adapter_signature_with_shape_restrictions,admitted,abs
2104,AbsDecimal,AbsDecimal,True,impl_math,abs_decimal_fn_meta(),True,False,False,False,False,math:Abs{},True,,False,abs,,no_annotated_direct_loader,,engine_dispatch_adapter_gap_or_new_mapping_evidence,admitted,abs
2105,CeilIntToDec,CeilIntToDec,True,impl_math,ceil_fn_meta::<CeilIntToDec>(),True,False,False,False,False,math:{prefix}{suffix},False,,False,ceil;ceiling,,no_annotated_direct_loader,,engine_dispatch_adapter_gap_or_new_mapping_evidence,excluded,ceil;ceiling
2106,CeilIntToInt,CeilIntToInt,True,impl_math,ceil_fn_meta::<CeilIntToInt>(),True,False,False,False,False,math:{prefix}{suffix},False,,False,ceil;ceiling,,no_annotated_direct_loader,,engine_dispatch_adapter_gap_or_new_mapping_evidence,excluded,ceil;ceiling
2107,CeilDecToInt,CeilDecToInt,True,impl_math,ceil_fn_meta::<CeilDecToInt>(),True,False,False,False,False,math:{prefix}{suffix},False,,False,ceil;ceiling,,no_annotated_direct_loader,,engine_dispatch_adapter_gap_or_new_mapping_evidence,excluded,ceil;ceiling
2108,CeilDecToDec,CeilDecToDec,True,impl_math,ceil_fn_meta::<CeilDecToDec>(),True,False,False,False,False,math:{prefix}{suffix},False,,False,ceil;ceiling,,no_annotated_direct_loader,,engine_dispatch_adapter_gap_or_new_mapping_evidence,excluded,ceil;ceiling
2109,CeilReal,CeilReal,True,impl_math,ceil_fn_meta::<CeilReal>(),True,False,False,False,False,math:{prefix}{suffix};math:{prefix}{},False,,False,ceil;ceiling,,no_annotated_direct_loader,,engine_dispatch_adapter_gap_or_new_mapping_evidence,excluded,ceil;ceiling
2110,FloorIntToDec,FloorIntToDec,True,impl_math,floor_fn_meta::<FloorIntToDec>(),True,False,False,False,False,math:{prefix}{suffix},False,,False,floor,,no_annotated_direct_loader,,engine_dispatch_adapter_gap_or_new_mapping_evidence,excluded,floor
2111,FloorIntToInt,FloorIntToInt,True,impl_math,floor_fn_meta::<FloorIntToInt>(),True,False,False,False,False,math:{prefix}{suffix},False,,False,floor,,no_annotated_direct_loader,,engine_dispatch_adapter_gap_or_new_mapping_evidence,excluded,floor
2112,FloorDecToInt,FloorDecToInt,True,impl_math,floor_fn_meta::<FloorDecToInt>(),True,False,False,False,False,math:{prefix}{suffix},False,,False,floor,,no_annotated_direct_loader,,engine_dispatch_adapter_gap_or_new_mapping_evidence,excluded,floor
2113,FloorDecToDec,FloorDecToDec,True,impl_math,floor_fn_meta::<FloorDecToDec>(),True,False,False,False,False,math:{prefix}{suffix},False,,False,floor,,no_annotated_direct_loader,,engine_dispatch_adapter_gap_or_new_mapping_evidence,excluded,floor
2114,FloorReal,FloorReal,True,impl_math,floor_fn_meta::<FloorReal>(),True,False,False,False,False,math:{prefix}{suffix};math:{prefix}{},False,,False,floor,,no_annotated_direct_loader,,engine_dispatch_adapter_gap_or_new_mapping_evidence,excluded,floor
2121,RoundReal,RoundReal,True,impl_math,round_real_fn_meta(),True,True,True,False,False,math:{prefix}{suffix};math:{prefix}{},False,,True,round,,no_annotated_direct_loader,,engine_dispatch_adapter_gap_or_new_mapping_evidence,excluded,round
2122,RoundInt,RoundInt,True,impl_math,round_int_fn_meta(),True,True,True,False,False,math:{prefix}{},False,,True,round,,no_annotated_direct_loader,,engine_dispatch_adapter_gap_or_new_mapping_evidence,excluded,round
2123,RoundDec,RoundDec,True,impl_math,round_dec_fn_meta(),True,True,True,False,False,math:{prefix}{suffix};math:{prefix}{},False,,True,round,,no_annotated_direct_loader,,engine_dispatch_adapter_gap_or_new_mapping_evidence,excluded,round
2124,RoundWithFracReal,RoundWithFracReal,True,impl_math,round_with_frac_real_fn_meta(),True,False,False,False,False,math:{prefix}{suffix};math:{prefix}{},False,,False,round,,no_annotated_direct_loader,,engine_dispatch_adapter_gap_or_new_mapping_evidence,excluded,round
2125,RoundWithFracInt,RoundWithFracInt,True,impl_math,round_with_frac_int_fn_meta(),True,False,False,False,False,math:{prefix}{},False,,False,round,,no_annotated_direct_loader,,engine_dispatch_adapter_gap_or_new_mapping_evidence,excluded,round
2126,RoundWithFracDec,RoundWithFracDec,True,impl_math,round_with_frac_dec_fn_meta(),True,False,False,False,False,math:{prefix}{suffix};math:{prefix}{},False,,False,round,,no_annotated_direct_loader,,engine_dispatch_adapter_gap_or_new_mapping_evidence,excluded,round
2131,Log1Arg,Log1Arg,True,impl_math,log_1_arg_fn_meta(),True,False,False,False,True,,False,,False,ln;log,,no_annotated_direct_loader,,engine_dispatch_adapter_gap_or_new_mapping_evidence,admitted,ln;log
2132,Log2Args,Log2Args,True,impl_math,log_2_arg_fn_meta(),True,False,False,False,True,,False,,False,ln;log,,no_annotated_direct_loader,,engine_dispatch_adapter_gap_or_new_mapping_evidence,admitted,ln;log
2133,Log2,Log2,True,impl_math,log2_fn_meta(),True,False,False,False,True,,False,,False,log2,,no_annotated_direct_loader,,engine_dispatch_adapter_gap_or_new_mapping_evidence,admitted,log2
2134,Log10,Log10,True,impl_math,log10_fn_meta(),True,False,False,False,True,,False,,False,log10,,no_annotated_direct_loader,,engine_dispatch_adapter_gap_or_new_mapping_evidence,admitted,log10
2135,Rand,Rand,True,impl_math,rand_fn_meta(),True,False,False,False,False,,False,,False,rand,,no_annotated_direct_loader,volatile_clock_rng_or_uuid,engine_dispatch_semantic_exclusion_or_review,excluded,rand
2136,RandWithSeedFirstGen,RandWithSeedFirstGen,True,impl_math,rand_with_seed_first_gen_fn_meta(),True,False,False,False,False,,False,,False,rand,,no_annotated_direct_loader,first_generation_not_session_seeded_sequence,engine_dispatch_semantic_exclusion_or_review,excluded,rand
2137,Pow,Pow,True,impl_math,pow_fn_meta(),True,True,True,False,True,,False,,True,pow;power,,no_annotated_direct_loader,,engine_dispatch_adapter_gap_or_new_mapping_evidence,excluded,pow;power
2138,Conv,Conv,True,impl_math,conv_fn_meta(),True,True,True,False,True,,False,,True,conv,,no_annotated_direct_loader,,engine_dispatch_adapter_gap_or_new_mapping_evidence,excluded,conv
2139,CRC32,Crc32,True,impl_math,crc32_fn_meta(),True,False,False,False,True,,False,,False,crc32,,no_annotated_direct_loader,,engine_dispatch_adapter_gap_or_new_mapping_evidence,admitted,crc32
2140,Sign,Sign,True,impl_math,sign_fn_meta(),True,False,False,False,True,,False,,False,sign,,no_annotated_direct_loader,,engine_dispatch_adapter_gap_or_new_mapping_evidence,admitted,sign
2141,Sqrt,Sqrt,True,impl_math,sqrt_fn_meta(),True,False,False,False,True,,False,,False,sqrt,,no_annotated_direct_loader,,engine_dispatch_adapter_gap_or_new_mapping_evidence,admitted,sqrt
2142,Acos,Acos,True,impl_math,acos_fn_meta(),True,True,True,False,True,,False,,True,acos,,no_annotated_direct_loader,,engine_dispatch_adapter_gap_or_new_mapping_evidence,excluded,acos
2143,Asin,Asin,True,impl_math,asin_fn_meta(),True,True,True,False,True,,False,,True,asin,,no_annotated_direct_loader,,engine_dispatch_adapter_gap_or_new_mapping_evidence,excluded,asin
2144,Atan1Arg,Atan1Arg,True,impl_math,atan_1_arg_fn_meta(),True,True,True,False,True,,False,,True,atan;atan2,,no_annotated_direct_loader,,engine_dispatch_adapter_gap_or_new_mapping_evidence,excluded,atan;atan2
2145,Atan2Args,Atan2Args,True,impl_math,atan_2_args_fn_meta(),True,True,True,False,True,,False,,True,atan;atan2,,no_annotated_direct_loader,,engine_dispatch_adapter_gap_or_new_mapping_evidence,excluded,atan;atan2
2146,Cos,Cos,True,impl_math,cos_fn_meta(),True,True,True,False,True,,False,,True,cos,,no_annotated_direct_loader,,engine_dispatch_adapter_gap_or_new_mapping_evidence,excluded,cos
2147,Cot,Cot,True,impl_math,cot_fn_meta(),True,True,True,False,True,,False,,True,cot,,no_annotated_direct_loader,,engine_dispatch_adapter_gap_or_new_mapping_evidence,excluded,cot
2148,Degrees,Degrees,True,impl_math,degrees_fn_meta(),True,False,False,False,True,,False,,False,degrees,,no_annotated_direct_loader,,engine_dispatch_adapter_gap_or_new_mapping_evidence,excluded,degrees
2149,Exp,Exp,True,impl_math,exp_fn_meta(),True,False,False,False,True,,False,,False,exp,,no_annotated_direct_loader,,engine_dispatch_adapter_gap_or_new_mapping_evidence,admitted,exp
2150,PI,Pi,True,impl_math,pi_fn_meta(),True,True,True,False,True,,False,,True,pi,,no_annotated_direct_loader,,engine_dispatch_adapter_gap_or_new_mapping_evidence,admitted,pi
2151,Radians,Radians,True,impl_math,radians_fn_meta(),True,False,False,False,True,,False,,False,radians,,no_annotated_direct_loader,,engine_dispatch_adapter_gap_or_new_mapping_evidence,excluded,radians
2152,Sin,Sin,True,impl_math,sin_fn_meta(),True,True,True,False,True,,False,,True,sin,,no_annotated_direct_loader,,engine_dispatch_adapter_gap_or_new_mapping_evidence,excluded,sin
2153,Tan,Tan,True,impl_math,tan_fn_meta(),True,False,False,False,True,,False,,False,tan,,no_annotated_direct_loader,,engine_dispatch_adapter_gap_or_new_mapping_evidence,excluded,tan
2154,TruncateInt,TruncateInt,True,impl_math,"map_rhs_int_sig(value, children, truncate_int_mapper)?",True,False,False,False,False,math:Truncate{},False,,False,truncate,,mapper_requires_runtime_probe,,engine_dispatch_adapter_gap_or_new_mapping_evidence,excluded,truncate
2155,TruncateReal,TruncateReal,True,impl_math,"map_rhs_int_sig(value, children, truncate_real_mapper)?",True,False,False,False,False,math:Truncate{},False,,False,truncate,,mapper_requires_runtime_probe,,engine_dispatch_adapter_gap_or_new_mapping_evidence,excluded,truncate
2156,TruncateDecimal,TruncateDecimal,True,impl_math,"map_rhs_int_sig(value, children, truncate_decimal_mapper)?",True,False,False,False,False,math:Truncate{},False,,False,truncate,,mapper_requires_runtime_probe,,engine_dispatch_adapter_gap_or_new_mapping_evidence,excluded,truncate
2157,TruncateUint,TruncateUint,True,impl_math,"map_rhs_int_sig(value, children, truncate_uint_mapper)?",True,False,False,False,False,math:Truncate{},False,,False,truncate,,mapper_requires_runtime_probe,,engine_dispatch_adapter_gap_or_new_mapping_evidence,excluded,truncate
3101,LogicalAnd,LogicalAnd,True,impl_op,logical_and_fn_meta().with_lazy(lazy_logical_and),True,True,True,False,True,,False,,True,and,,no_annotated_direct_loader,lazy_strategy_requires_runtime_probe,engine_dispatch_semantic_exclusion_or_review,admitted,and
3102,LogicalOr,LogicalOr,True,impl_op,logical_or_fn_meta().with_lazy(lazy_logical_or),True,True,True,False,True,,False,,True,or,,no_annotated_direct_loader,lazy_strategy_requires_runtime_probe,engine_dispatch_semantic_exclusion_or_review,admitted,or
3103,LogicalXor,LogicalXor,True,impl_op,logical_xor_fn_meta().with_lazy(lazy_logical_xor),True,False,False,False,True,,False,,False,xor,,no_annotated_direct_loader,,engine_dispatch_adapter_gap_or_new_mapping_evidence,admitted,xor
3104,UnaryNotInt,UnaryNotInt,True,impl_op,unary_not_int_fn_meta(),True,True,True,False,False,arithmetic:UnaryNot{},True,,True,not,,no_annotated_direct_loader,,engine_dispatch_adapter_gap_or_new_mapping_evidence,admitted,not
3105,UnaryNotDecimal,UnaryNotDecimal,True,impl_op,unary_not_decimal_fn_meta(),True,False,False,False,False,arithmetic:UnaryNot{},False,,False,not,,no_annotated_direct_loader,,engine_dispatch_adapter_gap_or_new_mapping_evidence,admitted,not
3106,UnaryNotReal,UnaryNotReal,True,impl_op,unary_not_real_fn_meta(),True,False,False,False,False,arithmetic:UnaryNot{},False,,False,not,,no_annotated_direct_loader,,engine_dispatch_adapter_gap_or_new_mapping_evidence,admitted,not
3107,UnaryNotJSON,UnaryNotJson,True,impl_op,unary_not_json_fn_meta(),True,False,False,False,False,arithmetic:UnaryNot{},False,,False,not,,no_annotated_direct_loader,,engine_dispatch_adapter_gap_or_new_mapping_evidence,admitted,not
3108,UnaryMinusInt,UnaryMinusInt,True,impl_op,"map_unary_minus_int_func(value, children)?",True,False,False,False,False,arithmetic:UnaryMinus{},True,,False,unaryminus,,mapper_requires_runtime_probe,,engine_dispatch_adapter_gap_or_new_mapping_evidence,admitted,unaryminus
3109,UnaryMinusReal,UnaryMinusReal,True,impl_op,unary_minus_real_fn_meta(),True,False,False,False,False,arithmetic:UnaryMinus{},True,,False,unaryminus,,no_annotated_direct_loader,,engine_dispatch_adapter_gap_or_new_mapping_evidence,admitted,unaryminus
3110,UnaryMinusDecimal,UnaryMinusDecimal,True,impl_op,unary_minus_decimal_fn_meta(),True,False,False,False,False,arithmetic:UnaryMinus{},True,,False,unaryminus,,no_annotated_direct_loader,,engine_dispatch_adapter_gap_or_new_mapping_evidence,admitted,unaryminus
3111,DecimalIsNull,DecimalIsNull,True,impl_op,is_null_fn_meta::<Decimal>(),True,True,True,False,False,comparison:{}{suffix},True,,False,isnull,,no_annotated_direct_loader,,engine_dispatch_adapter_gap_or_new_mapping_evidence,admitted,isnull
3112,DurationIsNull,DurationIsNull,True,impl_op,is_null_fn_meta::<Duration>(),True,True,True,False,False,comparison:{}{suffix},False,,False,isnull,,no_annotated_direct_loader,,engine_dispatch_adapter_gap_or_new_mapping_evidence,admitted,isnull
3113,RealIsNull,RealIsNull,True,impl_op,is_null_fn_meta::<Real>(),True,True,True,False,False,comparison:{}{suffix},True,,False,isnull,,no_annotated_direct_loader,,engine_dispatch_adapter_gap_or_new_mapping_evidence,admitted,isnull
3114,StringIsNull,StringIsNull,True,impl_op,is_null_bytes_fn_meta(),True,True,True,False,True,comparison:{}{suffix},True,,False,isnull,,no_annotated_direct_loader,,engine_dispatch_adapter_gap_or_new_mapping_evidence,admitted,isnull
3115,TimeIsNull,TimeIsNull,True,impl_op,is_null_fn_meta::<DateTime>(),True,True,True,False,False,comparison:{}{suffix},False,,False,isnull,,no_annotated_direct_loader,,engine_dispatch_adapter_gap_or_new_mapping_evidence,admitted,isnull
3116,IntIsNull,IntIsNull,True,impl_op,is_null_fn_meta::<Int>(),True,True,True,False,False,comparison:{}{suffix},True,,False,isnull,,no_annotated_direct_loader,,engine_dispatch_adapter_gap_or_new_mapping_evidence,admitted,isnull
3117,JsonIsNull,JsonIsNull,True,impl_op,is_null_json_fn_meta(),True,False,False,False,False,comparison:{}{suffix},False,,False,,,no_annotated_direct_loader,,engine_dispatch_adapter_gap_or_new_mapping_evidence,untested,
3118,BitAndSig,BitAndSig,True,impl_op,bit_and_fn_meta(),True,False,False,False,True,,False,,False,bitand,,no_annotated_direct_loader,,engine_dispatch_adapter_gap_or_new_mapping_evidence,admitted,bitand
3119,BitOrSig,BitOrSig,True,impl_op,bit_or_fn_meta(),True,False,False,False,True,,False,,False,bitor,,no_annotated_direct_loader,,engine_dispatch_adapter_gap_or_new_mapping_evidence,admitted,bitor
3120,BitXorSig,BitXorSig,True,impl_op,bit_xor_fn_meta(),True,False,False,False,True,,False,,False,bitxor,,no_annotated_direct_loader,,engine_dispatch_adapter_gap_or_new_mapping_evidence,admitted,bitxor
3121,BitNegSig,BitNegSig,True,impl_op,bit_neg_fn_meta(),True,False,False,False,True,,False,,False,bitneg,,no_annotated_direct_loader,,engine_dispatch_adapter_gap_or_new_mapping_evidence,admitted,bitneg
3122,IntIsTrue,IntIsTrue,True,impl_op,int_is_true_fn_meta::<KeepNullOff>(),True,True,True,False,False,comparison:{}{suffix},False,,False,isfalse;istrue;istrue_with_null,,no_annotated_direct_loader,,engine_dispatch_adapter_gap_or_new_mapping_evidence,admitted,isfalse;istrue;istrue_with_null
3123,RealIsTrue,RealIsTrue,True,impl_op,real_is_true_fn_meta::<KeepNullOff>(),True,False,False,False,False,comparison:{}{suffix},False,,False,isfalse;istrue;istrue_with_null,,no_annotated_direct_loader,,engine_dispatch_adapter_gap_or_new_mapping_evidence,admitted,isfalse;istrue;istrue_with_null
3124,DecimalIsTrue,DecimalIsTrue,True,impl_op,decimal_is_true_fn_meta::<KeepNullOff>(),True,False,False,False,False,comparison:{}{suffix},False,,False,isfalse;istrue;istrue_with_null,,no_annotated_direct_loader,,engine_dispatch_adapter_gap_or_new_mapping_evidence,admitted,isfalse;istrue;istrue_with_null
3125,IntIsFalse,IntIsFalse,True,impl_op,int_is_false_fn_meta::<KeepNullOff>(),True,False,False,False,False,comparison:{}{suffix},False,,False,isfalse;istrue;istrue_with_null,,no_annotated_direct_loader,,engine_dispatch_adapter_gap_or_new_mapping_evidence,admitted,isfalse;istrue;istrue_with_null
3126,RealIsFalse,RealIsFalse,True,impl_op,real_is_false_fn_meta::<KeepNullOff>(),True,False,False,False,False,comparison:{}{suffix},False,,False,isfalse;istrue;istrue_with_null,,no_annotated_direct_loader,,engine_dispatch_adapter_gap_or_new_mapping_evidence,admitted,isfalse;istrue;istrue_with_null
3127,DecimalIsFalse,DecimalIsFalse,True,impl_op,decimal_is_false_fn_meta::<KeepNullOff>(),True,False,False,False,False,comparison:{}{suffix},False,,False,isfalse;istrue;istrue_with_null,,no_annotated_direct_loader,,engine_dispatch_adapter_gap_or_new_mapping_evidence,admitted,isfalse;istrue;istrue_with_null
3128,BitCount,BitCount,True,impl_other,bit_count_fn_meta(),True,False,False,False,True,,False,,False,,,no_annotated_direct_loader,,engine_dispatch_adapter_gap_or_new_mapping_evidence,untested,
3129,LeftShift,LeftShift,True,impl_op,left_shift_fn_meta(),True,False,False,False,True,,False,,False,leftshift,,no_annotated_direct_loader,,engine_dispatch_adapter_gap_or_new_mapping_evidence,admitted,leftshift
3130,RightShift,RightShift,True,impl_op,right_shift_fn_meta(),True,False,False,False,True,,False,,False,rightshift,,no_annotated_direct_loader,,engine_dispatch_adapter_gap_or_new_mapping_evidence,admitted,rightshift
3131,GetParamString,,False,,,False,False,False,False,False,,False,,False,,,no_dispatch,,not_dispatched_by_engine,untested,
3132,GetVar,,False,,,False,False,False,False,False,,False,,False,,,no_dispatch,,not_dispatched_by_engine,untested,
3133,RowSig,,False,,,False,False,False,False,False,,False,,False,,,no_dispatch,,not_dispatched_by_engine,untested,
3134,SetVar,,False,,,False,False,False,False,False,,False,,False,,,no_dispatch,,not_dispatched_by_engine,untested,
3135,ValuesDecimal,,False,,,False,False,False,False,False,,False,,False,,,no_dispatch,,not_dispatched_by_engine,untested,
3136,ValuesDuration,,False,,,False,False,False,False,False,,False,,False,,,no_dispatch,,not_dispatched_by_engine,untested,
3137,ValuesInt,,False,,,False,False,False,False,False,,False,,False,,,no_dispatch,,not_dispatched_by_engine,untested,
3138,ValuesJSON,,False,,,False,False,False,False,False,,False,,False,,,no_dispatch,,not_dispatched_by_engine,untested,
3139,ValuesReal,,False,,,False,False,False,False,False,,False,,False,,,no_dispatch,,not_dispatched_by_engine,untested,
3140,ValuesString,,False,,,False,False,False,False,False,,False,,False,,,no_dispatch,,not_dispatched_by_engine,untested,
3141,ValuesTime,,False,,,False,False,False,False,False,,False,,False,,,no_dispatch,,not_dispatched_by_engine,untested,
3142,IntIsTrueWithNull,IntIsTrueWithNull,True,impl_op,int_is_true_fn_meta::<KeepNullOn>(),True,True,True,False,False,comparison:{}{suffix},False,,True,isfalse;istrue;istrue_with_null,,no_annotated_direct_loader,,engine_dispatch_adapter_gap_or_new_mapping_evidence,admitted,isfalse;istrue;istrue_with_null
3143,RealIsTrueWithNull,RealIsTrueWithNull,True,impl_op,real_is_true_fn_meta::<KeepNullOn>(),True,False,False,False,False,comparison:{}{suffix},False,,False,isfalse;istrue;istrue_with_null,,no_annotated_direct_loader,,engine_dispatch_adapter_gap_or_new_mapping_evidence,admitted,isfalse;istrue;istrue_with_null
3144,DecimalIsTrueWithNull,DecimalIsTrueWithNull,True,impl_op,decimal_is_true_fn_meta::<KeepNullOn>(),True,False,False,False,False,comparison:{}{suffix},False,,False,isfalse;istrue;istrue_with_null,,no_annotated_direct_loader,,engine_dispatch_adapter_gap_or_new_mapping_evidence,admitted,isfalse;istrue;istrue_with_null
3145,IntIsFalseWithNull,IntIsFalseWithNull,True,impl_op,int_is_false_fn_meta::<KeepNullOn>(),True,False,False,False,False,comparison:{}{suffix},False,,False,isfalse;istrue;istrue_with_null,,no_annotated_direct_loader,,engine_dispatch_adapter_gap_or_new_mapping_evidence,admitted,isfalse;istrue;istrue_with_null
3146,RealIsFalseWithNull,RealIsFalseWithNull,True,impl_op,real_is_false_fn_meta::<KeepNullOn>(),True,False,False,False,False,comparison:{}{suffix},False,,False,isfalse;istrue;istrue_with_null,,no_annotated_direct_loader,,engine_dispatch_adapter_gap_or_new_mapping_evidence,admitted,isfalse;istrue;istrue_with_null
3147,DecimalIsFalseWithNull,DecimalIsFalseWithNull,True,impl_op,decimal_is_false_fn_meta::<KeepNullOn>(),True,False,False,False,False,comparison:{}{suffix},False,,False,isfalse;istrue;istrue_with_null,,no_annotated_direct_loader,,engine_dispatch_adapter_gap_or_new_mapping_evidence,admitted,isfalse;istrue;istrue_with_null
4001,InInt,InInt,True,impl_compare_in,compare_in_int_type_by_hash_fn_meta(),True,True,True,False,False,comparison:{prefix}{},False,,False,in,,no_annotated_direct_loader,,engine_dispatch_adapter_gap_or_new_mapping_evidence,admitted,in
4002,InReal,InReal,True,impl_compare_in,compare_in_by_hash_fn_meta::<NormalInByHash::<Real>>(),True,False,False,False,False,comparison:{prefix}{},False,,False,in,,no_annotated_direct_loader,,engine_dispatch_adapter_gap_or_new_mapping_evidence,admitted,in
4003,InDecimal,InDecimal,True,impl_compare_in,compare_in_by_hash_fn_meta::<NormalInByHash::<Decimal>>(),True,False,False,False,False,comparison:{prefix}Decimal;comparison:{prefix}{},False,,False,in,,no_annotated_direct_loader,,engine_dispatch_adapter_gap_or_new_mapping_evidence,admitted,in
4004,InString,InString,True,impl_compare_in,map_compare_in_string_sig(ft)?,True,True,True,False,False,comparison:{prefix}{},False,,False,in,,mapper_requires_runtime_probe,,engine_dispatch_adapter_gap_or_new_mapping_evidence,admitted,in
4005,InTime,InTime,True,impl_compare_in,compare_in_by_compare_fn_meta::<DateTime>(),True,False,False,False,False,comparison:{prefix}{},False,,False,in,,no_annotated_direct_loader,,engine_dispatch_adapter_gap_or_new_mapping_evidence,admitted,in
4006,InDuration,InDuration,True,impl_compare_in,compare_in_by_hash_fn_meta::<NormalInByHash::<Duration>>(),True,False,False,False,False,comparison:{prefix}{},False,,False,in,,no_annotated_direct_loader,,engine_dispatch_adapter_gap_or_new_mapping_evidence,admitted,in
4007,InJson,InJson,True,impl_compare_in,compare_in_by_compare_json_fn_meta(),True,False,False,False,False,comparison:{prefix}{},False,,False,in,,no_annotated_direct_loader,,engine_dispatch_adapter_gap_or_new_mapping_evidence,admitted,in
4101,IfNullInt,IfNullInt,True,impl_control,if_null_fn_meta::<Int>().with_lazy(lazy_if_null::<Int>),True,False,False,False,False,control:IfNull{},False,,False,ifnull,,no_annotated_direct_loader,lazy_strategy_requires_runtime_probe,engine_dispatch_semantic_exclusion_or_review,admitted,ifnull
4102,IfNullReal,IfNullReal,True,impl_control,if_null_fn_meta::<Real>().with_lazy(lazy_if_null::<Real>),True,False,False,False,False,control:IfNull{},False,,False,ifnull,,no_annotated_direct_loader,lazy_strategy_requires_runtime_probe,engine_dispatch_semantic_exclusion_or_review,admitted,ifnull
4103,IfNullDecimal,IfNullDecimal,True,impl_control,{,True,False,False,False,False,control:IfNull{},False,,False,ifnull,,no_annotated_direct_loader,lazy_strategy_requires_runtime_probe,engine_dispatch_semantic_exclusion_or_review,admitted,ifnull
4104,IfNullString,IfNullString,True,impl_control,{,True,False,False,False,False,control:IfNull{},False,,False,ifnull,,no_annotated_direct_loader,lazy_strategy_requires_runtime_probe,engine_dispatch_semantic_exclusion_or_review,admitted,ifnull
4105,IfNullTime,IfNullTime,True,impl_control,{,True,False,False,False,False,control:IfNull{},False,,False,ifnull,,no_annotated_direct_loader,lazy_strategy_requires_runtime_probe,engine_dispatch_semantic_exclusion_or_review,admitted,ifnull
4106,IfNullDuration,IfNullDuration,True,impl_control,{,True,False,False,False,False,control:IfNull{},False,,False,ifnull,,no_annotated_direct_loader,lazy_strategy_requires_runtime_probe,engine_dispatch_semantic_exclusion_or_review,admitted,ifnull
4107,IfInt,IfInt,True,impl_control,if_condition_fn_meta::<Int>().with_lazy(lazy_if::<Int>),True,False,False,False,True,control:If{};nullif:If{},False,,False,if,,no_annotated_direct_loader,lazy_strategy_requires_runtime_probe,engine_dispatch_semantic_exclusion_or_review,admitted,if
4108,IfReal,IfReal,True,impl_control,if_condition_fn_meta::<Real>().with_lazy(lazy_if::<Real>),True,False,False,False,False,control:If{};nullif:If{},False,,False,if,,no_annotated_direct_loader,lazy_strategy_requires_runtime_probe,engine_dispatch_semantic_exclusion_or_review,admitted,if
4109,IfDecimal,IfDecimal,True,impl_control,{,True,False,False,False,False,control:If{};nullif:If{},False,,False,if,,no_annotated_direct_loader,lazy_strategy_requires_runtime_probe,engine_dispatch_semantic_exclusion_or_review,admitted,if
4110,IfString,IfString,True,impl_control,if_condition_bytes_fn_meta().with_lazy(lazy_if_bytes),True,False,False,False,False,control:If{};nullif:If{},False,,False,if,,no_annotated_direct_loader,lazy_strategy_requires_runtime_probe,engine_dispatch_semantic_exclusion_or_review,admitted,if
4111,IfTime,IfTime,True,impl_control,{,True,False,False,False,False,control:If{};nullif:If{},False,,False,if,,no_annotated_direct_loader,lazy_strategy_requires_runtime_probe,engine_dispatch_semantic_exclusion_or_review,admitted,if
4112,IfDuration,IfDuration,True,impl_control,{,True,False,False,False,False,control:If{};nullif:If{},False,,False,if,,no_annotated_direct_loader,lazy_strategy_requires_runtime_probe,engine_dispatch_semantic_exclusion_or_review,admitted,if
4113,IfNullJson,IfNullJson,True,impl_control,if_null_json_fn_meta().with_lazy(lazy_if_null_json),True,False,False,False,False,control:IfNull{},False,,False,ifnull,,no_annotated_direct_loader,lazy_strategy_requires_runtime_probe,engine_dispatch_semantic_exclusion_or_review,admitted,ifnull
4114,IfJson,IfJson,True,impl_control,if_condition_json_fn_meta().with_lazy(lazy_if_json),True,False,False,False,False,control:If{};nullif:If{},False,,False,if,,no_annotated_direct_loader,lazy_strategy_requires_runtime_probe,engine_dispatch_semantic_exclusion_or_review,admitted,if
4201,CoalesceInt,CoalesceInt,True,impl_compare,coalesce_fn_meta::<Int>().with_lazy(lazy_coalesce::<Int>),True,False,False,False,False,control:Coalesce{},False,,False,coalesce,,no_annotated_direct_loader,lazy_strategy_requires_runtime_probe,engine_dispatch_semantic_exclusion_or_review,admitted,coalesce
4202,CoalesceReal,CoalesceReal,True,impl_compare,coalesce_fn_meta::<Real>().with_lazy(lazy_coalesce::<Real>),True,False,False,False,False,control:Coalesce{},False,,False,coalesce,,no_annotated_direct_loader,lazy_strategy_requires_runtime_probe,engine_dispatch_semantic_exclusion_or_review,admitted,coalesce
4203,CoalesceDecimal,CoalesceDecimal,True,impl_compare,{,True,False,False,False,False,control:Coalesce{},False,,False,coalesce,,no_annotated_direct_loader,lazy_strategy_requires_runtime_probe,engine_dispatch_semantic_exclusion_or_review,admitted,coalesce
4204,CoalesceString,CoalesceString,True,impl_compare,{,True,False,False,False,False,control:Coalesce{},False,,False,coalesce,,no_annotated_direct_loader,lazy_strategy_requires_runtime_probe,engine_dispatch_semantic_exclusion_or_review,admitted,coalesce
4205,CoalesceTime,CoalesceTime,True,impl_compare,{,True,False,False,False,False,control:Coalesce{},False,,False,coalesce,,no_annotated_direct_loader,lazy_strategy_requires_runtime_probe,engine_dispatch_semantic_exclusion_or_review,admitted,coalesce
4206,CoalesceDuration,CoalesceDuration,True,impl_compare,{,True,False,False,False,False,control:Coalesce{},False,,False,coalesce,,no_annotated_direct_loader,lazy_strategy_requires_runtime_probe,engine_dispatch_semantic_exclusion_or_review,admitted,coalesce
4207,CoalesceJson,CoalesceJson,True,impl_compare,coalesce_json_fn_meta().with_lazy(lazy_coalesce_json),True,False,False,False,False,control:Coalesce{},False,,False,coalesce,,no_annotated_direct_loader,lazy_strategy_requires_runtime_probe,engine_dispatch_semantic_exclusion_or_review,admitted,coalesce
4208,CaseWhenInt,CaseWhenInt,True,impl_control,case_when_fn_meta::<Int>().with_lazy(lazy_case_when::<Int>),True,False,False,False,False,control:CaseWhen{},False,,False,case,,no_annotated_direct_loader,lazy_strategy_requires_runtime_probe,engine_dispatch_semantic_exclusion_or_review,admitted,case
4209,CaseWhenReal,CaseWhenReal,True,impl_control,{,True,False,False,False,False,control:CaseWhen{},False,,False,case,,no_annotated_direct_loader,lazy_strategy_requires_runtime_probe,engine_dispatch_semantic_exclusion_or_review,admitted,case
4210,CaseWhenDecimal,CaseWhenDecimal,True,impl_control,{,True,False,False,False,False,control:CaseWhen{},False,,False,case,,no_annotated_direct_loader,lazy_strategy_requires_runtime_probe,engine_dispatch_semantic_exclusion_or_review,admitted,case
4211,CaseWhenString,CaseWhenString,True,impl_control,{,True,False,False,False,False,control:CaseWhen{},False,,False,case,,no_annotated_direct_loader,lazy_strategy_requires_runtime_probe,engine_dispatch_semantic_exclusion_or_review,admitted,case
4212,CaseWhenTime,CaseWhenTime,True,impl_control,{,True,False,False,False,False,control:CaseWhen{},False,,False,case,,no_annotated_direct_loader,lazy_strategy_requires_runtime_probe,engine_dispatch_semantic_exclusion_or_review,admitted,case
4213,CaseWhenDuration,CaseWhenDuration,True,impl_control,{,True,False,False,False,False,control:CaseWhen{},False,,False,case,,no_annotated_direct_loader,lazy_strategy_requires_runtime_probe,engine_dispatch_semantic_exclusion_or_review,admitted,case
4214,CaseWhenJson,CaseWhenJson,True,impl_control,case_when_json_fn_meta().with_lazy(lazy_case_when_json),True,False,False,False,False,control:CaseWhen{},False,,False,case,,no_annotated_direct_loader,lazy_strategy_requires_runtime_probe,engine_dispatch_semantic_exclusion_or_review,admitted,case
4215,GreatestInt,GreatestInt,True,impl_compare,greatest_int_fn_meta().with_lazy(lazy_greatest::<Int>),True,False,False,False,False,comparison:{prefix}{},False,,False,greatest,,no_annotated_direct_loader,,engine_dispatch_adapter_gap_or_new_mapping_evidence,admitted,greatest
4216,GreatestReal,GreatestReal,True,impl_compare,greatest_real_fn_meta().with_lazy(lazy_greatest::<Real>),True,False,False,False,False,comparison:{prefix}{},False,,False,greatest,,no_annotated_direct_loader,,engine_dispatch_adapter_gap_or_new_mapping_evidence,admitted,greatest
4217,GreatestDecimal,GreatestDecimal,True,impl_compare,{,True,False,False,False,False,comparison:{prefix}Decimal;comparison:{prefix}{},False,,False,greatest,,no_annotated_direct_loader,,engine_dispatch_adapter_gap_or_new_mapping_evidence,admitted,greatest
4218,GreatestString,GreatestString,True,impl_compare,greatest_string_fn_meta().with_lazy(lazy_greatest_bytes),True,False,False,False,False,comparison:{prefix}{},False,,False,greatest,,no_annotated_direct_loader,,engine_dispatch_adapter_gap_or_new_mapping_evidence,admitted,greatest
4219,GreatestTime,GreatestTime,True,impl_compare,greatest_datetime_fn_meta().with_lazy(lazy_greatest::<DateTime>),True,False,False,False,False,comparison:{prefix}{},False,,False,greatest,,no_annotated_direct_loader,,engine_dispatch_adapter_gap_or_new_mapping_evidence,admitted,greatest
4220,LeastInt,LeastInt,True,impl_compare,least_int_fn_meta().with_lazy(lazy_least::<Int>),True,False,False,False,False,comparison:{prefix}{},False,,False,least,,no_annotated_direct_loader,,engine_dispatch_adapter_gap_or_new_mapping_evidence,admitted,least
4221,LeastReal,LeastReal,True,impl_compare,least_real_fn_meta().with_lazy(lazy_least::<Real>),True,False,False,False,False,comparison:{prefix}{},False,,False,least,,no_annotated_direct_loader,,engine_dispatch_adapter_gap_or_new_mapping_evidence,admitted,least
4222,LeastDecimal,LeastDecimal,True,impl_compare,least_decimal_fn_meta().with_lazy(lazy_least::<Decimal>),True,False,False,False,False,comparison:{prefix}Decimal;comparison:{prefix}{},False,,False,least,,no_annotated_direct_loader,,engine_dispatch_adapter_gap_or_new_mapping_evidence,admitted,least
4223,LeastString,LeastString,True,impl_compare,least_string_fn_meta().with_lazy(lazy_least_bytes),True,False,False,False,False,comparison:{prefix}{},False,,False,least,,no_annotated_direct_loader,,engine_dispatch_adapter_gap_or_new_mapping_evidence,admitted,least
4224,LeastTime,LeastTime,True,impl_compare,least_datetime_fn_meta().with_lazy(lazy_least::<DateTime>),True,False,False,False,False,comparison:{prefix}{},False,,False,least,,no_annotated_direct_loader,,engine_dispatch_adapter_gap_or_new_mapping_evidence,admitted,least
4225,IntervalInt,IntervalInt,True,impl_compare,interval_int_fn_meta().with_lazy(lazy_interval_int),True,False,False,False,False,comparison:{prefix}{},False,,False,interval,,no_annotated_direct_loader,,engine_dispatch_adapter_gap_or_new_mapping_evidence,admitted,interval
4226,IntervalReal,IntervalReal,True,impl_compare,interval_real_fn_meta().with_lazy(lazy_interval_real),True,False,False,False,False,comparison:{prefix}{},False,,False,interval,,no_annotated_direct_loader,,engine_dispatch_adapter_gap_or_new_mapping_evidence,admitted,interval
4309,IlikeSig,,False,,,False,False,False,False,False,,False,,False,ilike,,no_dispatch,,not_dispatched_by_engine,excluded,ilike
4310,LikeSig,LikeSig,True,impl_like,"map_like_sig(ft, children)?",True,True,True,False,True,,False,,False,like,,mapper_requires_runtime_probe,,engine_dispatch_adapter_gap_or_new_mapping_evidence,admitted,like
4311,RegexpSig,RegexpSig,True,impl_regexp,map_regexp_like_sig(ft)?,True,False,False,False,True,,False,,False,,,mapper_requires_runtime_probe,,engine_dispatch_adapter_gap_or_new_mapping_evidence,untested,
4312,RegexpUTF8Sig,RegexpUtf8Sig,True,impl_regexp,map_regexp_like_sig(ft)?,True,False,False,False,False,,False,,False,,,mapper_requires_runtime_probe,,engine_dispatch_adapter_gap_or_new_mapping_evidence,untested,
4313,RegexpLikeSig,RegexpLikeSig,True,impl_regexp,map_regexp_like_sig(ft)?,True,False,False,False,True,,False,,False,regexp;regexp_like,,mapper_requires_runtime_probe,,engine_dispatch_adapter_gap_or_new_mapping_evidence,admitted,regexp;regexp_like
4314,RegexpLikeUTF8Sig,,False,,,False,False,False,False,False,,False,,False,,,no_dispatch,,not_dispatched_by_engine,untested,
4315,RegexpInStrSig,RegexpInStrSig,True,impl_regexp,map_regexp_instr_sig(ft)?,True,False,False,False,True,,False,,False,regexp_instr,,mapper_requires_runtime_probe,,engine_dispatch_adapter_gap_or_new_mapping_evidence,admitted,regexp_instr
4316,RegexpInStrUTF8Sig,,False,,,False,False,False,False,False,,False,,False,,,no_dispatch,,not_dispatched_by_engine,untested,
4317,RegexpReplaceSig,RegexpReplaceSig,True,impl_regexp,map_regexp_replace_sig(ft)?,True,False,False,False,True,,False,,False,regexp_replace,,mapper_requires_runtime_probe,,engine_dispatch_adapter_gap_or_new_mapping_evidence,admitted,regexp_replace
4318,RegexpReplaceUTF8Sig,,False,,,False,False,False,False,False,,False,,False,,,no_dispatch,,not_dispatched_by_engine,untested,
4319,RegexpSubstrSig,RegexpSubstrSig,True,impl_regexp,map_regexp_substr_sig(ft)?,True,False,False,False,True,,False,,False,regexp_substr,,mapper_requires_runtime_probe,,engine_dispatch_adapter_gap_or_new_mapping_evidence,admitted,regexp_substr
4320,RegexpSubstrUTF8Sig,,False,,,False,False,False,False,False,,False,,False,,,no_dispatch,,not_dispatched_by_engine,untested,
4501,AesDecrypt,,False,,,False,False,False,False,False,,False,,False,aes_decrypt,,no_dispatch,,not_dispatched_by_engine,excluded,aes_decrypt
4502,AesEncrypt,,False,,,False,False,False,False,False,,False,,False,aes_encrypt,,no_dispatch,,not_dispatched_by_engine,excluded,aes_encrypt
4503,Compress,Compress,True,impl_encryption,compress_fn_meta(),True,False,False,False,True,,False,,False,compress,,no_annotated_direct_loader,,engine_dispatch_adapter_gap_or_new_mapping_evidence,admitted,compress
4504,MD5,Md5,True,impl_encryption,md5_fn_meta(),True,False,False,False,True,,False,,False,md5,,no_annotated_direct_loader,,engine_dispatch_adapter_gap_or_new_mapping_evidence,admitted,md5
4505,Password,Password,True,impl_encryption,password_fn_meta(),True,False,False,False,False,,False,,False,password,,no_annotated_direct_loader,,engine_dispatch_adapter_gap_or_new_mapping_evidence,excluded,password
4506,RandomBytes,RandomBytes,True,impl_encryption,random_bytes_fn_meta(),True,False,False,False,False,,False,,False,,,no_annotated_direct_loader,volatile_clock_rng_or_uuid,engine_dispatch_semantic_exclusion_or_review,untested,
4507,SHA1,Sha1,True,impl_encryption,sha1_fn_meta(),True,False,False,False,True,,False,,False,sha;sha1,,no_annotated_direct_loader,,engine_dispatch_adapter_gap_or_new_mapping_evidence,admitted,sha;sha1
4508,SHA2,Sha2,True,impl_encryption,sha2_fn_meta(),True,False,False,False,True,,False,,False,sha2,,no_annotated_direct_loader,,engine_dispatch_adapter_gap_or_new_mapping_evidence,admitted,sha2
4509,Uncompress,Uncompress,True,impl_encryption,uncompress_fn_meta(),True,False,False,False,True,,False,,False,uncompress,,no_annotated_direct_loader,,engine_dispatch_adapter_gap_or_new_mapping_evidence,admitted,uncompress
4510,UncompressedLength,UncompressedLength,True,impl_encryption,uncompressed_length_fn_meta(),True,False,False,False,True,,False,,False,uncompressed_length,,no_annotated_direct_loader,,engine_dispatch_adapter_gap_or_new_mapping_evidence,admitted,uncompressed_length
4511,AesDecryptIV,,False,,,False,False,False,False,False,,False,,False,aes_decrypt,,no_dispatch,,not_dispatched_by_engine,excluded,aes_decrypt
4512,AesEncryptIV,,False,,,False,False,False,False,False,,False,,False,aes_encrypt,,no_dispatch,,not_dispatched_by_engine,excluded,aes_encrypt
4513,Encode,,False,,,False,False,False,False,False,,False,,False,encode,,no_dispatch,,not_dispatched_by_engine,excluded,encode
4514,Decode,,False,,,False,False,False,False,False,,False,,False,decode,,no_dispatch,,not_dispatched_by_engine,excluded,decode
4515,SM3,,False,,,False,False,False,False,False,,False,,False,,,no_dispatch,,not_dispatched_by_engine,untested,
4521,Database,,False,,,False,False,False,False,False,,False,,False,,,no_dispatch,,not_dispatched_by_engine,untested,
4522,FoundRows,,False,,,False,False,False,False,False,,False,,False,,,no_dispatch,,not_dispatched_by_engine,untested,
4523,CurrentUser,,False,,,False,False,False,False,False,,False,,False,,,no_dispatch,,not_dispatched_by_engine,untested,
4524,User,,False,,,False,False,False,False,False,,False,,False,,,no_dispatch,,not_dispatched_by_engine,untested,
4525,ConnectionID,,False,,,False,False,False,False,False,,False,,False,,,no_dispatch,,not_dispatched_by_engine,untested,
4526,LastInsertID,,False,,,False,False,False,False,False,,False,,False,last_insert_id,,no_dispatch,,not_dispatched_by_engine,excluded,last_insert_id
4527,LastInsertIDWithID,,False,,,False,False,False,False,False,,False,,False,last_insert_id,,no_dispatch,,not_dispatched_by_engine,excluded,last_insert_id
4528,Version,,False,,,False,False,False,False,False,,False,,False,,,no_dispatch,,not_dispatched_by_engine,untested,
4529,TiDBVersion,,False,,,False,False,False,False,False,,False,,False,,,no_dispatch,,not_dispatched_by_engine,untested,
4530,RowCount,,False,,,False,False,False,False,False,,False,,False,row_count,,no_dispatch,,not_dispatched_by_engine,excluded,row_count
4551,Sleep,,False,,,False,False,False,False,False,,False,,False,,,no_dispatch,,not_dispatched_by_engine,untested,
4552,Lock,,False,,,False,False,False,False,False,,False,,False,,,no_dispatch,,not_dispatched_by_engine,untested,
4553,ReleaseLock,,False,,,False,False,False,False,False,,False,,False,,,no_dispatch,,not_dispatched_by_engine,untested,
4554,DecimalAnyValue,DecimalAnyValue,True,impl_miscellaneous,any_value_fn_meta::<Decimal>(),True,False,False,False,False,miscellaneous:{}AnyValue,False,,False,any_value,,no_annotated_direct_loader,,engine_dispatch_adapter_gap_or_new_mapping_evidence,admitted,any_value
4555,DurationAnyValue,DurationAnyValue,True,impl_miscellaneous,any_value_fn_meta::<Duration>(),True,False,False,False,False,miscellaneous:{}AnyValue,False,,False,any_value,,no_annotated_direct_loader,,engine_dispatch_adapter_gap_or_new_mapping_evidence,admitted,any_value
4556,IntAnyValue,IntAnyValue,True,impl_miscellaneous,any_value_fn_meta::<Int>(),True,False,False,False,False,miscellaneous:{}AnyValue,False,,False,any_value,,no_annotated_direct_loader,,engine_dispatch_adapter_gap_or_new_mapping_evidence,admitted,any_value
4557,JSONAnyValue,JsonAnyValue,True,impl_miscellaneous,any_value_json_fn_meta(),True,False,False,False,False,miscellaneous:{}AnyValue,False,,False,any_value,,no_annotated_direct_loader,,engine_dispatch_adapter_gap_or_new_mapping_evidence,admitted,any_value
4558,RealAnyValue,RealAnyValue,True,impl_miscellaneous,any_value_fn_meta::<Real>(),True,False,False,False,False,miscellaneous:{}AnyValue,False,,False,any_value,,no_annotated_direct_loader,,engine_dispatch_adapter_gap_or_new_mapping_evidence,admitted,any_value
4559,StringAnyValue,StringAnyValue,True,impl_miscellaneous,any_value_bytes_fn_meta(),True,False,False,False,False,miscellaneous:{}AnyValue,False,,False,any_value,,no_annotated_direct_loader,,engine_dispatch_adapter_gap_or_new_mapping_evidence,admitted,any_value
4560,TimeAnyValue,TimeAnyValue,True,impl_miscellaneous,any_value_fn_meta::<DateTime>(),True,False,False,False,False,miscellaneous:{}AnyValue,False,,False,any_value,,no_annotated_direct_loader,,engine_dispatch_adapter_gap_or_new_mapping_evidence,admitted,any_value
4561,InetAton,InetAton,True,impl_miscellaneous,inet_aton_fn_meta(),True,False,False,False,True,,False,,False,inet_aton,,no_annotated_direct_loader,,engine_dispatch_adapter_gap_or_new_mapping_evidence,admitted,inet_aton
4562,InetNtoa,InetNtoa,True,impl_miscellaneous,inet_ntoa_fn_meta(),True,False,False,False,True,,False,,False,inet_ntoa,,no_annotated_direct_loader,,engine_dispatch_adapter_gap_or_new_mapping_evidence,admitted,inet_ntoa
4563,Inet6Aton,Inet6Aton,True,impl_miscellaneous,inet6_aton_fn_meta(),True,False,False,False,True,,False,,False,inet6_aton,,no_annotated_direct_loader,,engine_dispatch_adapter_gap_or_new_mapping_evidence,admitted,inet6_aton
4564,Inet6Ntoa,Inet6Ntoa,True,impl_miscellaneous,inet6_ntoa_fn_meta(),True,False,False,False,True,,False,,False,inet6_ntoa,,no_annotated_direct_loader,,engine_dispatch_adapter_gap_or_new_mapping_evidence,admitted,inet6_ntoa
4565,IsIPv4,IsIPv4,True,impl_miscellaneous,is_ipv4_fn_meta(),True,False,False,False,True,,False,,False,is_ipv4,,no_annotated_direct_loader,,engine_dispatch_adapter_gap_or_new_mapping_evidence,admitted,is_ipv4
4566,IsIPv4Compat,IsIPv4Compat,True,impl_miscellaneous,is_ipv4_compat_fn_meta(),True,False,False,False,True,,False,,False,is_ipv4_compat,,no_annotated_direct_loader,,engine_dispatch_adapter_gap_or_new_mapping_evidence,admitted,is_ipv4_compat
4567,IsIPv4Mapped,IsIPv4Mapped,True,impl_miscellaneous,is_ipv4_mapped_fn_meta(),True,False,False,False,True,,False,,False,is_ipv4_mapped,,no_annotated_direct_loader,,engine_dispatch_adapter_gap_or_new_mapping_evidence,admitted,is_ipv4_mapped
4568,IsIPv6,IsIPv6,True,impl_miscellaneous,is_ipv6_fn_meta(),True,False,False,False,True,,False,,False,is_ipv6,,no_annotated_direct_loader,,engine_dispatch_adapter_gap_or_new_mapping_evidence,admitted,is_ipv6
4569,UUID,Uuid,True,impl_miscellaneous,uuid_fn_meta(),True,False,False,False,False,,False,,False,uuid,,no_annotated_direct_loader,volatile_clock_rng_or_uuid,engine_dispatch_semantic_exclusion_or_review,excluded,uuid
4570,VitessHash,,False,,,False,False,False,False,False,,False,,False,vitess_hash,,no_dispatch,,not_dispatched_by_engine,excluded,vitess_hash
4571,IsUUID,,False,,,False,False,False,False,False,,False,,False,is_uuid,,no_dispatch,,not_dispatched_by_engine,excluded,is_uuid
4572,TiDBShard,,False,,,False,False,False,False,False,,False,,False,tidb_shard,,no_dispatch,,not_dispatched_by_engine,excluded,tidb_shard
4573,GroupingSig,,False,,,False,False,False,False,False,,False,,False,grouping,,no_dispatch,,not_dispatched_by_engine,excluded,grouping
4574,UUIDv4,,False,,,False,False,False,False,False,,False,,False,uuid_v4,,no_dispatch,,not_dispatched_by_engine,excluded,uuid_v4
4575,UUIDv7,,False,,,False,False,False,False,False,,False,,False,uuid_v7,,no_dispatch,,not_dispatched_by_engine,excluded,uuid_v7
4576,UUIDVersion,UuidVersion,True,impl_miscellaneous,uuid_version_fn_meta(),True,False,False,False,True,,False,,False,uuid_version,,no_annotated_direct_loader,,engine_dispatch_adapter_gap_or_new_mapping_evidence,excluded,uuid_version
4577,UUIDTimestamp,UuidTimestamp,True,impl_miscellaneous,uuid_timestamp_fn_meta(),True,False,False,False,True,,False,,False,uuid_timestamp,,no_annotated_direct_loader,,engine_dispatch_adapter_gap_or_new_mapping_evidence,excluded,uuid_timestamp
5001,JsonExtractSig,JsonExtractSig,True,impl_json,json_extract_fn_meta(),True,False,False,False,True,,False,,False,json_extract,,no_annotated_direct_loader,,engine_dispatch_adapter_gap_or_new_mapping_evidence,admitted,json_extract
5002,JsonUnquoteSig,JsonUnquoteSig,True,impl_json,json_unquote_fn_meta(),True,False,False,False,True,,False,,False,json_unquote,,no_annotated_direct_loader,,engine_dispatch_adapter_gap_or_new_mapping_evidence,admitted,json_unquote
5003,JsonTypeSig,JsonTypeSig,True,impl_json,json_type_fn_meta(),True,False,False,False,True,,False,,False,json_type,,no_annotated_direct_loader,,engine_dispatch_adapter_gap_or_new_mapping_evidence,admitted,json_type
5004,JsonSetSig,JsonSetSig,True,impl_json,json_set_fn_meta(),True,False,False,False,True,,False,,False,json_set,,no_annotated_direct_loader,sql_null_document_differs_from_json_null,engine_dispatch_semantic_exclusion_or_review,admitted,json_set
5005,JsonInsertSig,JsonInsertSig,True,impl_json,json_insert_fn_meta(),True,False,False,False,True,,False,,False,json_insert,,no_annotated_direct_loader,sql_null_document_differs_from_json_null,engine_dispatch_semantic_exclusion_or_review,admitted,json_insert
5006,JsonReplaceSig,JsonReplaceSig,True,impl_json,json_replace_fn_meta(),True,True,True,False,True,,False,,True,json_replace,,no_annotated_direct_loader,sql_null_document_differs_from_json_null,engine_dispatch_semantic_exclusion_or_review,admitted,json_replace
5007,JsonRemoveSig,JsonRemoveSig,True,impl_json,json_remove_fn_meta(),True,False,False,False,True,,False,,False,json_remove,,no_annotated_direct_loader,,engine_dispatch_adapter_gap_or_new_mapping_evidence,admitted,json_remove
5008,JsonMergeSig,JsonMergeSig,True,impl_json,json_merge_fn_meta(),True,False,False,False,True,,False,,False,json_merge,,no_annotated_direct_loader,later_sql_null_documents_need_nonnull_gate;deprecated_json_merge_warning_absent_use_preserve_alias_only,engine_dispatch_semantic_exclusion_or_review,excluded,json_merge
5009,JsonObjectSig,JsonObjectSig,True,impl_json,json_object_fn_meta(),True,False,False,False,True,,False,,False,json_object,,no_annotated_direct_loader,,engine_dispatch_adapter_gap_or_new_mapping_evidence,admitted,json_object
5010,JsonArraySig,JsonArraySig,True,impl_json,json_array_fn_meta(),True,False,False,False,True,,False,,False,json_array,,no_annotated_direct_loader,,engine_dispatch_adapter_gap_or_new_mapping_evidence,admitted,json_array
5011,JsonValidJsonSig,JsonValidJsonSig,True,impl_json,json_valid_fn_meta(),True,False,False,False,True,,False,,False,json_valid,,no_annotated_direct_loader,,engine_dispatch_adapter_gap_or_new_mapping_evidence,admitted,json_valid
5012,JsonContainsSig,JsonContainsSig,True,impl_json,json_contains_fn_meta(),True,False,False,False,True,,False,,False,json_contains,,no_annotated_direct_loader,,engine_dispatch_adapter_gap_or_new_mapping_evidence,admitted,json_contains
5013,JsonArrayAppendSig,JsonArrayAppendSig,True,impl_json,json_array_append_fn_meta(),True,True,True,False,True,,False,,True,json_array_append,,no_annotated_direct_loader,,engine_dispatch_adapter_gap_or_new_mapping_evidence,excluded,json_array_append
5014,JsonArrayInsertSig,,False,,,False,False,False,False,False,,False,,False,json_array_insert,,no_dispatch,,not_dispatched_by_engine,excluded,json_array_insert
5015,JsonMergePatchSig,JsonMergePatchSig,True,impl_json,json_merge_patch_fn_meta(),True,True,True,False,True,,False,,True,json_merge_patch,,no_annotated_direct_loader,,engine_dispatch_adapter_gap_or_new_mapping_evidence,admitted,json_merge_patch
5016,JsonMergePreserveSig,,False,,,False,False,False,False,False,,False,,False,json_merge_preserve,,no_dispatch,,not_dispatched_by_engine,admitted,json_merge_preserve
5017,JsonContainsPathSig,,False,,,False,False,False,False,False,,False,,False,json_contains_path,,no_dispatch,,not_dispatched_by_engine,excluded,json_contains_path
5018,JsonPrettySig,,False,,,False,False,False,False,False,,False,,False,json_pretty,,no_dispatch,,not_dispatched_by_engine,excluded,json_pretty
5019,JsonQuoteSig,JsonQuoteSig,True,impl_json,json_quote_fn_meta(),True,False,False,False,True,,False,,False,json_quote,,no_annotated_direct_loader,control_byte_escaping_requires_safe_literal_gate,engine_dispatch_semantic_exclusion_or_review,admitted,json_quote
5020,JsonSearchSig,,False,,,False,False,False,False,False,,False,,False,json_search,,no_dispatch,,not_dispatched_by_engine,excluded,json_search
5021,JsonStorageSizeSig,,False,,,False,False,False,False,False,,False,,False,json_storage_size,,no_dispatch,,not_dispatched_by_engine,excluded,json_storage_size
5022,JsonDepthSig,JsonDepthSig,True,impl_json,json_depth_fn_meta(),True,False,False,False,True,,False,,False,json_depth,,no_annotated_direct_loader,,engine_dispatch_adapter_gap_or_new_mapping_evidence,admitted,json_depth
5023,JsonKeysSig,JsonKeysSig,True,impl_json,json_keys_fn_meta(),True,False,False,False,True,,False,,False,json_keys,,no_annotated_direct_loader,,engine_dispatch_adapter_gap_or_new_mapping_evidence,admitted,json_keys
5024,JsonLengthSig,JsonLengthSig,True,impl_json,json_length_fn_meta(),True,False,False,False,True,,False,,False,json_length,,no_annotated_direct_loader,,engine_dispatch_adapter_gap_or_new_mapping_evidence,admitted,json_length
5025,JsonKeys2ArgsSig,JsonKeys2ArgsSig,True,impl_json,json_keys_fn_meta(),True,False,False,False,True,,False,,False,json_keys,,no_annotated_direct_loader,,engine_dispatch_adapter_gap_or_new_mapping_evidence,admitted,json_keys
5026,JsonValidStringSig,JsonValidStringSig,True,impl_json,json_valid_fn_meta(),True,False,False,False,True,,False,,False,json_valid,,no_annotated_direct_loader,,engine_dispatch_adapter_gap_or_new_mapping_evidence,admitted,json_valid
5027,JsonValidOthersSig,JsonValidOthersSig,True,impl_json,json_valid_fn_meta(),True,False,False,False,True,,False,,False,json_valid,,no_annotated_direct_loader,,engine_dispatch_adapter_gap_or_new_mapping_evidence,admitted,json_valid
5028,JsonStorageFreeSig,,False,,,False,False,False,False,False,,False,,False,json_storage_free,,no_dispatch,,not_dispatched_by_engine,excluded,json_storage_free
5029,JsonMemberOfSig,JsonMemberOfSig,True,impl_json,member_of_fn_meta(),True,True,True,False,True,,False,,True,json_memberof,,no_annotated_direct_loader,,engine_dispatch_adapter_gap_or_new_mapping_evidence,admitted,json_memberof
5110,VecAsTextSig,VecAsTextSig,True,impl_vec,vec_as_text_fn_meta(),True,False,False,False,True,,False,,False,vec_as_text,,no_annotated_direct_loader,,engine_dispatch_adapter_gap_or_new_mapping_evidence,admitted,vec_as_text
5111,VecFromTextSig,,False,,,False,False,False,False,False,,False,,False,,,no_dispatch,,not_dispatched_by_engine,untested,
5112,VecDimsSig,VecDimsSig,True,impl_vec,vec_dims_fn_meta(),True,False,False,False,True,,False,,False,vec_dims,,no_annotated_direct_loader,,engine_dispatch_adapter_gap_or_new_mapping_evidence,admitted,vec_dims
5113,VecL1DistanceSig,VecL1DistanceSig,True,impl_vec,vec_l1_distance_fn_meta(),True,False,False,False,True,,False,,False,vec_l1_distance,,no_annotated_direct_loader,,engine_dispatch_adapter_gap_or_new_mapping_evidence,admitted,vec_l1_distance
5114,VecL2DistanceSig,VecL2DistanceSig,True,impl_vec,vec_l2_distance_fn_meta(),True,False,False,False,True,,False,,False,vec_l2_distance,,no_annotated_direct_loader,,engine_dispatch_adapter_gap_or_new_mapping_evidence,admitted,vec_l2_distance
5115,VecNegativeInnerProductSig,VecNegativeInnerProductSig,True,impl_vec,vec_negative_inner_product_fn_meta(),True,False,False,False,True,,False,,False,vec_negative_inner_product,,no_annotated_direct_loader,,engine_dispatch_adapter_gap_or_new_mapping_evidence,admitted,vec_negative_inner_product
5116,VecCosineDistanceSig,VecCosineDistanceSig,True,impl_vec,vec_cosine_distance_fn_meta(),True,False,False,False,True,,False,,False,vec_cosine_distance,,no_annotated_direct_loader,,engine_dispatch_adapter_gap_or_new_mapping_evidence,admitted,vec_cosine_distance
5117,VecL2NormSig,VecL2NormSig,True,impl_vec,vec_l2_norm_fn_meta(),True,False,False,False,True,,False,,False,vec_l2_norm,,no_annotated_direct_loader,,engine_dispatch_adapter_gap_or_new_mapping_evidence,admitted,vec_l2_norm
5141,PlusVectorFloat32,,False,,,False,False,False,False,False,arithmetic:{prefix}{},False,,False,,,no_dispatch,,not_dispatched_by_engine,untested,
5142,MinusVectorFloat32,,False,,,False,False,False,False,False,arithmetic:{prefix}{},False,,False,,,no_dispatch,,not_dispatched_by_engine,untested,
5143,MultiplyVectorFloat32,,False,,,False,False,False,False,False,arithmetic:{prefix}{},False,,False,,,no_dispatch,,not_dispatched_by_engine,untested,
5144,VectorFloat32AnyValue,VectorFloat32AnyValue,True,impl_miscellaneous,any_value_vector_float32_fn_meta(),True,False,False,False,False,miscellaneous:{}AnyValue,False,,False,any_value,,no_annotated_direct_loader,,engine_dispatch_adapter_gap_or_new_mapping_evidence,admitted,any_value
5145,CoalesceVectorFloat32,,False,,,False,False,False,False,False,control:Coalesce{},False,,False,,,no_dispatch,,not_dispatched_by_engine,untested,
5146,LTVectorFloat32,LtVectorFloat32,True,impl_compare,compare_vector_float32_fn_meta::<CmpOpLt>(),True,False,False,False,False,comparison:{prefix}{},False,,False,eq;ge;gt;le;lt;ne;nulleq,,no_annotated_direct_loader,,engine_dispatch_adapter_gap_or_new_mapping_evidence,admitted,eq;ge;gt;le;lt;ne;nulleq
5147,LEVectorFloat32,LeVectorFloat32,True,impl_compare,compare_vector_float32_fn_meta::<CmpOpLe>(),True,False,False,False,False,comparison:{prefix}{},False,,False,eq;ge;gt;le;lt;ne;nulleq,,no_annotated_direct_loader,,engine_dispatch_adapter_gap_or_new_mapping_evidence,admitted,eq;ge;gt;le;lt;ne;nulleq
5148,GTVectorFloat32,GtVectorFloat32,True,impl_compare,compare_vector_float32_fn_meta::<CmpOpGt>(),True,False,False,False,False,comparison:{prefix}{},False,,False,eq;ge;gt;le;lt;ne;nulleq,,no_annotated_direct_loader,,engine_dispatch_adapter_gap_or_new_mapping_evidence,admitted,eq;ge;gt;le;lt;ne;nulleq
5149,GreatestVectorFloat32,,False,,,False,False,False,False,False,comparison:{prefix}{},False,,False,,,no_dispatch,,not_dispatched_by_engine,untested,
5150,LeastVectorFloat32,,False,,,False,False,False,False,False,comparison:{prefix}{},False,,False,,,no_dispatch,,not_dispatched_by_engine,untested,
5151,GEVectorFloat32,GeVectorFloat32,True,impl_compare,compare_vector_float32_fn_meta::<CmpOpGe>(),True,False,False,False,False,comparison:{prefix}{},False,,False,eq;ge;gt;le;lt;ne;nulleq,,no_annotated_direct_loader,,engine_dispatch_adapter_gap_or_new_mapping_evidence,admitted,eq;ge;gt;le;lt;ne;nulleq
5152,EQVectorFloat32,EqVectorFloat32,True,impl_compare,compare_vector_float32_fn_meta::<CmpOpEq>(),True,False,False,False,False,comparison:{prefix}{},False,,False,eq;ge;gt;le;lt;ne;nulleq,,no_annotated_direct_loader,,engine_dispatch_adapter_gap_or_new_mapping_evidence,admitted,eq;ge;gt;le;lt;ne;nulleq
5153,NEVectorFloat32,NeVectorFloat32,True,impl_compare,compare_vector_float32_fn_meta::<CmpOpNe>(),True,False,False,False,False,comparison:{prefix}{},False,,False,eq;ge;gt;le;lt;ne;nulleq,,no_annotated_direct_loader,,engine_dispatch_adapter_gap_or_new_mapping_evidence,admitted,eq;ge;gt;le;lt;ne;nulleq
5154,NullEQVectorFloat32,NullEqVectorFloat32,True,impl_compare,compare_vector_float32_fn_meta::<CmpOpNullEq>(),True,False,False,False,False,comparison:{prefix}{};nullif:NullEq{},False,,False,eq;ge;gt;le;lt;ne;nulleq,,no_annotated_direct_loader,,engine_dispatch_adapter_gap_or_new_mapping_evidence,admitted,eq;ge;gt;le;lt;ne;nulleq
5155,VectorFloat32IsNull,VectorFloat32IsNull,True,impl_op,is_null_vector_float32_fn_meta(),True,True,True,False,False,comparison:{}{suffix},False,,False,isnull,,no_annotated_direct_loader,,engine_dispatch_adapter_gap_or_new_mapping_evidence,admitted,isnull
5156,VectorFloat32IsTrue,,False,,,False,False,False,False,False,comparison:{}{suffix},False,,False,,,no_dispatch,,not_dispatched_by_engine,untested,
5157,VectorFloat32IsFalse,,False,,,False,False,False,False,False,comparison:{}{suffix},False,,False,,,no_dispatch,,not_dispatched_by_engine,untested,
5158,VectorFloat32IsTrueWithNull,,False,,,False,False,False,False,False,comparison:{}{suffix},False,,False,,,no_dispatch,,not_dispatched_by_engine,untested,
5159,VectorFloat32IsFalseWithNull,,False,,,False,False,False,False,False,comparison:{}{suffix},False,,False,,,no_dispatch,,not_dispatched_by_engine,untested,
5160,IfNullVectorFloat32,,False,,,False,False,False,False,False,control:IfNull{},False,,False,,,no_dispatch,,not_dispatched_by_engine,untested,
5161,IfVectorFloat32,,False,,,False,False,False,False,False,control:If{};nullif:If{},False,,False,,,no_dispatch,,not_dispatched_by_engine,untested,
5162,CaseWhenVectorFloat32,,False,,,False,False,False,False,False,control:CaseWhen{},False,,False,,,no_dispatch,,not_dispatched_by_engine,untested,
5180,CastStringAsVectorFloat32,,False,,,False,False,False,False,False,arithmetic:Cast{}As{};coerce:Cast{}As{},False,,False,,,no_dispatch,,not_dispatched_by_engine,untested,
5181,CastVectorFloat32AsInt,,False,,,False,False,False,False,False,arithmetic:Cast{}As{};coerce:Cast{}As{},False,,False,,,no_dispatch,,not_dispatched_by_engine,untested,
5182,CastVectorFloat32AsReal,,False,,,False,False,False,False,False,arithmetic:Cast{}As{};coerce:Cast{}As{},False,,False,,,no_dispatch,,not_dispatched_by_engine,untested,
5183,CastVectorFloat32AsString,CastVectorFloat32AsString,True,impl_cast,map_cast_func(expr)?,True,False,False,False,False,arithmetic:Cast{}As{};coerce:Cast{}As{},False,,False,,castAsStringFunctionClass.getFunction,mapper_requires_runtime_probe,cast_field_metadata_selects_kernel,engine_dispatch_adapter_gap_or_new_mapping_evidence,untested,
5184,CastVectorFloat32AsDecimal,,False,,,False,False,False,False,False,arithmetic:Cast{}As{};coerce:Cast{}As{},False,,False,,,no_dispatch,,not_dispatched_by_engine,untested,
5185,CastVectorFloat32AsTime,,False,,,False,False,False,False,False,arithmetic:Cast{}As{};coerce:Cast{}As{},False,,False,,,no_dispatch,,not_dispatched_by_engine,untested,
5186,CastVectorFloat32AsDuration,,False,,,False,False,False,False,False,arithmetic:Cast{}As{};coerce:Cast{}As{},False,,False,,,no_dispatch,,not_dispatched_by_engine,untested,
5187,CastVectorFloat32AsJson,,False,,,False,False,False,False,False,arithmetic:Cast{}As{};coerce:Cast{}As{},False,,False,,,no_dispatch,,not_dispatched_by_engine,untested,
5188,CastVectorFloat32AsVectorFloat32,CastVectorFloat32AsVectorFloat32,True,impl_cast,map_cast_func(expr)?,True,False,False,False,False,arithmetic:Cast{}As{};coerce:Cast{}As{},False,,False,,castAsVectorFloat32FunctionClass.getFunction,mapper_requires_runtime_probe,cast_field_metadata_selects_kernel,engine_dispatch_adapter_gap_or_new_mapping_evidence,untested,
5201,FTSMatchWord,,False,,,False,False,False,False,False,,False,,False,fts_match_word,,no_dispatch,,not_dispatched_by_engine,excluded,fts_match_word
5202,FTSMatchExpression,,False,,,False,False,False,False,False,,False,,False,match_against,,no_dispatch,,not_dispatched_by_engine,excluded,match_against
5203,FTSMatchPrefix,,False,,,False,False,False,False,False,,False,,False,,,no_dispatch,,not_dispatched_by_engine,untested,
5204,FTSMatchRegexp,,False,,,False,False,False,False,False,,False,,False,,,no_dispatch,,not_dispatched_by_engine,untested,
5205,FTSMatchPhrase,,False,,,False,False,False,False,False,,False,,False,,,no_dispatch,,not_dispatched_by_engine,untested,
6001,DateFormatSig,DateFormatSig,True,impl_time,date_format_fn_meta(),True,True,True,False,True,,False,,True,date_format,,no_annotated_direct_loader,,engine_dispatch_adapter_gap_or_new_mapping_evidence,admitted,date_format
6002,DateLiteral,,False,,,False,False,False,False,False,,False,,False,,,no_dispatch,,not_dispatched_by_engine,untested,
6003,DateDiff,DateDiff,True,impl_time,date_diff_fn_meta(),True,True,True,False,True,,False,,True,datediff,,no_annotated_direct_loader,,engine_dispatch_adapter_gap_or_new_mapping_evidence,admitted,datediff
6004,NullTimeDiff,NullTimeDiff,True,impl_time,null_time_diff_fn_meta(),True,False,False,False,False,,False,,False,timediff,,no_annotated_direct_loader,lazy_strategy_requires_runtime_probe,engine_dispatch_semantic_exclusion_or_review,admitted,timediff
6005,TimeStringTimeDiff,,False,,,False,False,False,False,False,,False,,False,timediff,,no_dispatch,,not_dispatched_by_engine,admitted,timediff
6006,DurationStringTimeDiff,DurationStringTimeDiff,True,impl_time,duration_string_time_diff_fn_meta(),True,False,False,False,True,,False,,False,timediff,,no_annotated_direct_loader,,engine_dispatch_adapter_gap_or_new_mapping_evidence,admitted,timediff
6007,DurationDurationTimeDiff,DurationDurationTimeDiff,True,impl_time,duration_duration_time_diff_fn_meta(),True,False,False,False,True,,False,,False,timediff,,no_annotated_direct_loader,,engine_dispatch_adapter_gap_or_new_mapping_evidence,admitted,timediff
6008,StringTimeTimeDiff,,False,,,False,False,False,False,False,,False,,False,timediff,,no_dispatch,,not_dispatched_by_engine,admitted,timediff
6009,StringDurationTimeDiff,StringDurationTimeDiff,True,impl_time,string_duration_time_diff_fn_meta(),True,False,False,False,True,,False,,False,timediff,,no_annotated_direct_loader,,engine_dispatch_adapter_gap_or_new_mapping_evidence,admitted,timediff
6010,StringStringTimeDiff,StringStringTimeDiff,True,impl_time,string_string_time_diff_fn_meta(),True,False,False,False,True,,False,,False,timediff,,no_annotated_direct_loader,,engine_dispatch_adapter_gap_or_new_mapping_evidence,admitted,timediff
6011,TimeTimeTimeDiff,,False,,,False,False,False,False,False,,False,,False,timediff,,no_dispatch,,not_dispatched_by_engine,admitted,timediff
6012,Date,Date,True,impl_time,date_fn_meta(),True,True,True,False,True,,False,,True,date,,no_annotated_direct_loader,,engine_dispatch_adapter_gap_or_new_mapping_evidence,admitted,date
6013,Hour,Hour,True,impl_time,hour_fn_meta(),True,True,True,False,True,,False,,True,hour,,no_annotated_direct_loader,,engine_dispatch_adapter_gap_or_new_mapping_evidence,admitted,hour
6014,Minute,Minute,True,impl_time,minute_fn_meta(),True,True,True,False,True,,False,,True,minute,,no_annotated_direct_loader,,engine_dispatch_adapter_gap_or_new_mapping_evidence,admitted,minute
6015,Second,Second,True,impl_time,second_fn_meta(),True,True,True,False,True,,False,,True,second,,no_annotated_direct_loader,,engine_dispatch_adapter_gap_or_new_mapping_evidence,admitted,second
6016,MicroSecond,MicroSecond,True,impl_time,micro_second_fn_meta(),True,True,True,False,True,,False,,True,microsecond,,no_annotated_direct_loader,,engine_dispatch_adapter_gap_or_new_mapping_evidence,admitted,microsecond
6017,Month,Month,True,impl_time,month_fn_meta(),True,True,True,False,True,,False,,True,month,,no_annotated_direct_loader,,engine_dispatch_adapter_gap_or_new_mapping_evidence,admitted,month
6018,MonthName,MonthName,True,impl_time,month_name_fn_meta(),True,False,False,False,True,,False,,False,monthname,,no_annotated_direct_loader,,engine_dispatch_adapter_gap_or_new_mapping_evidence,admitted,monthname
6019,NowWithArg,,False,,,False,False,False,False,False,,False,,False,current_timestamp;localtime;localtimestamp;now,,no_dispatch,,not_dispatched_by_engine,excluded,current_timestamp;localtime;localtimestamp;now
6020,NowWithoutArg,,False,,,False,False,False,False,False,,False,,False,current_timestamp;localtime;localtimestamp;now,,no_dispatch,,not_dispatched_by_engine,excluded,current_timestamp;localtime;localtimestamp;now
6021,DayName,DayName,True,impl_time,day_name_fn_meta(),True,False,False,False,True,,False,,False,dayname,,no_annotated_direct_loader,,engine_dispatch_adapter_gap_or_new_mapping_evidence,admitted,dayname
6022,DayOfMonth,DayOfMonth,True,impl_time,day_of_month_fn_meta(),True,False,False,False,True,,False,,False,day;dayofmonth,,no_annotated_direct_loader,,engine_dispatch_adapter_gap_or_new_mapping_evidence,admitted,day;dayofmonth
6023,DayOfWeek,DayOfWeek,True,impl_time,day_of_week_fn_meta(),True,False,False,False,True,,False,,False,dayofweek,,no_annotated_direct_loader,,engine_dispatch_adapter_gap_or_new_mapping_evidence,admitted,dayofweek
6024,DayOfYear,DayOfYear,True,impl_time,day_of_year_fn_meta(),True,False,False,False,True,,False,,False,dayofyear,,no_annotated_direct_loader,,engine_dispatch_adapter_gap_or_new_mapping_evidence,admitted,dayofyear
6025,WeekWithMode,WeekWithMode,True,impl_time,week_with_mode_fn_meta(),True,False,False,False,True,,False,,False,week,,no_annotated_direct_loader,,engine_dispatch_adapter_gap_or_new_mapping_evidence,admitted,week
6026,WeekWithoutMode,WeekWithoutMode,True,impl_time,week_without_mode_fn_meta(),True,True,True,False,False,,False,,True,week,,no_annotated_direct_loader,default_week_format_hardcoded_zero,engine_dispatch_semantic_exclusion_or_review,admitted,week
6027,WeekDay,WeekDay,True,impl_time,week_day_fn_meta(),True,False,False,False,True,,False,,False,weekday,,no_annotated_direct_loader,,engine_dispatch_adapter_gap_or_new_mapping_evidence,admitted,weekday
6028,WeekOfYear,WeekOfYear,True,impl_time,week_of_year_fn_meta(),True,False,False,False,True,,False,,False,weekofyear,,no_annotated_direct_loader,,engine_dispatch_adapter_gap_or_new_mapping_evidence,admitted,weekofyear
6029,Year,Year,True,impl_time,year_fn_meta(),True,False,False,False,True,,False,,False,year,,no_annotated_direct_loader,,engine_dispatch_adapter_gap_or_new_mapping_evidence,admitted,year
6030,YearWeekWithMode,YearWeekWithMode,True,impl_time,year_week_with_mode_fn_meta(),True,False,False,False,True,,False,,False,yearweek,,no_annotated_direct_loader,,engine_dispatch_adapter_gap_or_new_mapping_evidence,admitted,yearweek
6031,YearWeekWithoutMode,YearWeekWithoutMode,True,impl_time,year_week_without_mode_fn_meta(),True,False,False,False,True,,False,,False,yearweek,,no_annotated_direct_loader,,engine_dispatch_adapter_gap_or_new_mapping_evidence,admitted,yearweek
6032,GetFormat,,False,,,False,False,False,False,False,,False,,False,get_format,,no_dispatch,,not_dispatched_by_engine,excluded,get_format
6033,SysDateWithFsp,SysDateWithFsp,True,impl_time,sysdate_with_fsp_fn_meta(),True,False,False,False,False,,False,,False,sysdate,,no_annotated_direct_loader,volatile_clock_rng_or_uuid,engine_dispatch_semantic_exclusion_or_review,excluded,sysdate
6034,SysDateWithoutFsp,SysDateWithoutFsp,True,impl_time,sysdate_without_fsp_fn_meta(),True,False,False,False,False,,False,,False,sysdate,,no_annotated_direct_loader,volatile_clock_rng_or_uuid,engine_dispatch_semantic_exclusion_or_review,excluded,sysdate
6035,CurrentDate,,False,,,False,False,False,False,False,,False,,False,,,no_dispatch,,not_dispatched_by_engine,untested,
6036,CurrentTime0Arg,,False,,,False,False,False,False,False,,False,,False,current_time;curtime,,no_dispatch,,not_dispatched_by_engine,excluded,current_time;curtime
6037,CurrentTime1Arg,,False,,,False,False,False,False,False,,False,,False,current_time;curtime,,no_dispatch,,not_dispatched_by_engine,excluded,current_time;curtime
6038,Time,,False,,,False,False,False,False,True,,False,,False,time,,no_dispatch,,not_dispatched_by_engine,admitted,time
6039,TimeLiteral,,False,,,False,False,False,False,False,,False,,False,,,no_dispatch,,not_dispatched_by_engine,untested,
6040,UTCDate,,False,,,False,False,False,False,False,,False,,False,,,no_dispatch,,not_dispatched_by_engine,untested,
6041,UTCTimestampWithArg,,False,,,False,False,False,False,False,,False,,False,utc_timestamp,,no_dispatch,,not_dispatched_by_engine,excluded,utc_timestamp
6042,UTCTimestampWithoutArg,,False,,,False,False,False,False,False,,False,,False,utc_timestamp,,no_dispatch,,not_dispatched_by_engine,excluded,utc_timestamp
6043,AddDatetimeAndDuration,AddDatetimeAndDuration,True,impl_time,add_datetime_and_duration_fn_meta(),True,False,False,False,True,,False,,False,addtime,,no_annotated_direct_loader,,engine_dispatch_adapter_gap_or_new_mapping_evidence,admitted,addtime
6044,AddDatetimeAndString,AddDatetimeAndString,True,impl_time,add_datetime_and_string_fn_meta(),True,False,False,False,True,,False,,False,addtime,,no_annotated_direct_loader,,engine_dispatch_adapter_gap_or_new_mapping_evidence,admitted,addtime
6045,AddTimeDateTimeNull,AddTimeDateTimeNull,True,impl_time,add_time_datetime_null_fn_meta(),True,False,False,False,False,,False,,False,addtime,,no_annotated_direct_loader,lazy_strategy_requires_runtime_probe,engine_dispatch_semantic_exclusion_or_review,admitted,addtime
6046,AddStringAndDuration,AddStringAndDuration,True,impl_string,add_string_and_duration_fn_meta(),True,False,False,False,True,,False,,False,addtime,,no_annotated_direct_loader,,engine_dispatch_adapter_gap_or_new_mapping_evidence,admitted,addtime
6047,AddStringAndString,,False,,,False,False,False,False,False,,False,,False,addtime,,no_dispatch,,not_dispatched_by_engine,admitted,addtime
6048,AddTimeStringNull,AddTimeStringNull,True,impl_time,add_time_string_null_fn_meta(),True,False,False,False,False,,False,,False,addtime,,no_annotated_direct_loader,lazy_strategy_requires_runtime_probe,engine_dispatch_semantic_exclusion_or_review,admitted,addtime
6049,AddDurationAndDuration,AddDurationAndDuration,True,impl_time,add_duration_and_duration_fn_meta(),True,False,False,False,True,,False,,False,addtime,,no_annotated_direct_loader,,engine_dispatch_adapter_gap_or_new_mapping_evidence,admitted,addtime
6050,AddDurationAndString,AddDurationAndString,True,impl_time,add_duration_and_string_fn_meta(),True,False,False,False,True,,False,,False,addtime,,no_annotated_direct_loader,,engine_dispatch_adapter_gap_or_new_mapping_evidence,admitted,addtime
6051,AddTimeDurationNull,AddTimeDurationNull,True,impl_time,add_time_duration_null_fn_meta(),True,False,False,False,False,,False,,False,addtime,,no_annotated_direct_loader,lazy_strategy_requires_runtime_probe,engine_dispatch_semantic_exclusion_or_review,admitted,addtime
6052,AddDateAndDuration,,False,,,False,False,False,False,False,,False,,False,addtime,,no_dispatch,,not_dispatched_by_engine,admitted,addtime
6053,AddDateAndString,AddDateAndString,True,impl_time,add_date_and_string_fn_meta(),True,False,False,False,True,,False,,False,addtime,,no_annotated_direct_loader,,engine_dispatch_adapter_gap_or_new_mapping_evidence,admitted,addtime
6054,SubDatetimeAndDuration,SubDatetimeAndDuration,True,impl_time,sub_datetime_and_duration_fn_meta(),True,False,False,False,True,,False,,False,subtime,,no_annotated_direct_loader,,engine_dispatch_adapter_gap_or_new_mapping_evidence,admitted,subtime
6055,SubDatetimeAndString,SubDatetimeAndString,True,impl_time,sub_datetime_and_string_fn_meta(),True,False,False,False,True,,False,,False,subtime,,no_annotated_direct_loader,,engine_dispatch_adapter_gap_or_new_mapping_evidence,admitted,subtime
6056,SubTimeDateTimeNull,,False,,,False,False,False,False,False,,False,,False,subtime,,no_dispatch,,not_dispatched_by_engine,admitted,subtime
6057,SubStringAndDuration,SubStringAndDuration,True,impl_string,sub_string_and_duration_fn_meta(),True,False,False,False,True,,False,,False,subtime,,no_annotated_direct_loader,,engine_dispatch_adapter_gap_or_new_mapping_evidence,admitted,subtime
6058,SubStringAndString,,False,,,False,False,False,False,False,,False,,False,subtime,,no_dispatch,,not_dispatched_by_engine,admitted,subtime
6059,SubTimeStringNull,,False,,,False,False,False,False,False,,False,,False,subtime,,no_dispatch,,not_dispatched_by_engine,admitted,subtime
6060,SubDurationAndDuration,SubDurationAndDuration,True,impl_time,sub_duration_and_duration_fn_meta(),True,False,False,False,True,,False,,False,subtime,,no_annotated_direct_loader,,engine_dispatch_adapter_gap_or_new_mapping_evidence,admitted,subtime
6061,SubDurationAndString,SubDurationAndString,True,impl_time,sub_duration_and_string_fn_meta(),True,False,False,False,True,,False,,False,subtime,,no_annotated_direct_loader,,engine_dispatch_adapter_gap_or_new_mapping_evidence,admitted,subtime
6062,SubTimeDurationNull,,False,,,False,False,False,False,False,,False,,False,subtime,,no_dispatch,,not_dispatched_by_engine,admitted,subtime
6063,SubDateAndDuration,,False,,,False,False,False,False,False,,False,,False,subtime,,no_dispatch,,not_dispatched_by_engine,admitted,subtime
6064,SubDateAndString,,False,,,False,False,False,False,False,,False,,False,subtime,,no_dispatch,,not_dispatched_by_engine,admitted,subtime
6065,UnixTimestampCurrent,,False,,,False,True,True,False,False,,False,,False,unix_timestamp,,no_dispatch,,not_dispatched_by_engine,admitted,unix_timestamp
6066,UnixTimestampInt,UnixTimestampInt,True,impl_time,unix_timestamp_int_fn_meta(),True,True,True,False,True,,False,,True,unix_timestamp,,no_annotated_direct_loader,,engine_dispatch_adapter_gap_or_new_mapping_evidence,admitted,unix_timestamp
6067,UnixTimestampDec,UnixTimestampDec,True,impl_time,unix_timestamp_decimal_fn_meta(),True,True,True,False,True,,False,,True,unix_timestamp,,no_annotated_direct_loader,,engine_dispatch_adapter_gap_or_new_mapping_evidence,admitted,unix_timestamp
6068,ConvertTz,,False,,,False,False,False,False,False,,False,,False,convert_tz,,no_dispatch,,not_dispatched_by_engine,excluded,convert_tz
6069,MakeDate,MakeDate,True,impl_time,make_date_fn_meta(),True,False,False,False,True,,False,,False,makedate,,no_annotated_direct_loader,,engine_dispatch_adapter_gap_or_new_mapping_evidence,admitted,makedate
6070,MakeTime,MakeTime,True,impl_time,make_time_fn_meta(),True,False,False,False,True,,False,,False,maketime,,no_annotated_direct_loader,,engine_dispatch_adapter_gap_or_new_mapping_evidence,admitted,maketime
6071,PeriodAdd,PeriodAdd,True,impl_time,period_add_fn_meta(),True,False,False,False,True,,False,,False,,,no_annotated_direct_loader,,engine_dispatch_adapter_gap_or_new_mapping_evidence,untested,
6072,PeriodDiff,PeriodDiff,True,impl_time,period_diff_fn_meta(),True,False,False,False,True,,False,,False,,,no_annotated_direct_loader,,engine_dispatch_adapter_gap_or_new_mapping_evidence,untested,
6073,Quarter,Quarter,True,impl_time,quarter_fn_meta(),True,False,False,False,True,,False,,False,quarter,,no_annotated_direct_loader,,engine_dispatch_adapter_gap_or_new_mapping_evidence,admitted,quarter
6074,SecToTime,,False,,,False,False,False,False,False,,False,,False,sec_to_time,,no_dispatch,,not_dispatched_by_engine,excluded,sec_to_time
6075,TimeToSec,TimeToSec,True,impl_time,time_to_sec_fn_meta(),True,False,False,False,True,,False,,False,time_to_sec,,no_annotated_direct_loader,,engine_dispatch_adapter_gap_or_new_mapping_evidence,admitted,time_to_sec
6076,TimestampAdd,,False,,,False,False,False,False,False,,False,,False,timestampadd,,no_dispatch,,not_dispatched_by_engine,excluded,timestampadd
6077,ToDays,ToDays,True,impl_time,to_days_fn_meta(),True,False,False,False,True,,False,,False,to_days,,no_annotated_direct_loader,,engine_dispatch_adapter_gap_or_new_mapping_evidence,admitted,to_days
6078,ToSeconds,ToSeconds,True,impl_time,to_seconds_fn_meta(),True,False,False,False,True,,False,,False,to_seconds,,no_annotated_direct_loader,,engine_dispatch_adapter_gap_or_new_mapping_evidence,admitted,to_seconds
6079,UTCTimeWithArg,,False,,,False,False,False,False,False,,False,,False,utc_time,,no_dispatch,,not_dispatched_by_engine,excluded,utc_time
6080,UTCTimeWithoutArg,,False,,,False,False,False,False,False,,False,,False,utc_time,,no_dispatch,,not_dispatched_by_engine,excluded,utc_time
6081,Timestamp1Arg,,False,,,False,False,False,False,False,,False,,False,timestamp,,no_dispatch,,not_dispatched_by_engine,admitted,timestamp
6082,Timestamp2Args,,False,,,False,False,False,False,False,,False,,False,timestamp,,no_dispatch,,not_dispatched_by_engine,admitted,timestamp
6083,TimestampLiteral,,False,,,False,False,False,False,False,,False,,False,,,no_dispatch,,not_dispatched_by_engine,untested,
6084,LastDay,LastDay,True,impl_time,last_day_fn_meta(),True,False,False,False,True,,False,,False,last_day,,no_annotated_direct_loader,,engine_dispatch_adapter_gap_or_new_mapping_evidence,admitted,last_day
6085,StrToDateDate,StrToDateDate,True,impl_time,str_to_date_date_fn_meta(),True,False,False,False,True,,False,,False,str_to_date,,no_annotated_direct_loader,,engine_dispatch_adapter_gap_or_new_mapping_evidence,admitted,str_to_date
6086,StrToDateDatetime,StrToDateDatetime,True,impl_time,str_to_date_datetime_fn_meta(),True,False,False,False,True,,False,,False,str_to_date,,no_annotated_direct_loader,,engine_dispatch_adapter_gap_or_new_mapping_evidence,admitted,str_to_date
6087,StrToDateDuration,StrToDateDuration,True,impl_time,str_to_date_duration_fn_meta(),True,False,False,False,True,,False,,False,str_to_date,,no_annotated_direct_loader,,engine_dispatch_adapter_gap_or_new_mapping_evidence,admitted,str_to_date
6088,FromUnixTime1Arg,FromUnixTime1Arg,True,impl_time,from_unixtime_1_arg_fn_meta(),True,True,True,False,True,,False,,True,from_unixtime,,no_annotated_direct_loader,,engine_dispatch_adapter_gap_or_new_mapping_evidence,admitted,from_unixtime
6089,FromUnixTime2Arg,FromUnixTime2Arg,True,impl_time,from_unixtime_2_arg_fn_meta(),True,True,True,False,True,,False,,True,from_unixtime,,no_annotated_direct_loader,,engine_dispatch_adapter_gap_or_new_mapping_evidence,admitted,from_unixtime
6090,ExtractDatetime,,False,,,False,False,False,False,False,,False,,False,extract,,no_dispatch,,not_dispatched_by_engine,admitted,extract
6091,ExtractDuration,,False,,,False,False,False,False,False,,False,,False,extract,,no_dispatch,,not_dispatched_by_engine,admitted,extract
6092,AddDateStringString,AddDateStringString,True,impl_time,add_date_time_string_interval_string_as_string_fn_meta(),True,True,True,False,True,,False,,True,adddate;date_add;date_sub;subdate,,no_annotated_direct_loader,,engine_dispatch_adapter_gap_or_new_mapping_evidence,excluded,adddate;date_add;date_sub;subdate
6093,AddDateStringInt,AddDateStringInt,True,impl_time,add_date_time_string_interval_any_as_string_fn_meta::<i64>(),True,True,True,False,True,,False,,True,adddate;date_add;date_sub;subdate,,no_annotated_direct_loader,,engine_dispatch_adapter_gap_or_new_mapping_evidence,excluded,adddate;date_add;date_sub;subdate
6094,AddDateStringDecimal,AddDateStringDecimal,True,impl_time,add_date_time_string_interval_any_as_string_fn_meta::<Decimal>(),True,True,True,False,True,,False,,True,adddate;date_add;date_sub;subdate,,no_annotated_direct_loader,,engine_dispatch_adapter_gap_or_new_mapping_evidence,excluded,adddate;date_add;date_sub;subdate
6095,AddDateIntString,AddDateIntString,True,impl_time,add_date_time_any_interval_string_as_string_fn_meta::<i64>(),True,True,True,False,True,,False,,True,adddate;date_add;date_sub;subdate,,no_annotated_direct_loader,,engine_dispatch_adapter_gap_or_new_mapping_evidence,excluded,adddate;date_add;date_sub;subdate
6096,AddDateIntInt,AddDateIntInt,True,impl_time,"add_date_time_any_interval_any_as_string_fn_meta::<i64, i64>()",True,True,True,False,True,,False,,True,adddate;date_add;date_sub;subdate,,no_annotated_direct_loader,,engine_dispatch_adapter_gap_or_new_mapping_evidence,excluded,adddate;date_add;date_sub;subdate
6097,AddDateDatetimeString,AddDateDatetimeString,True,impl_time,add_date_time_datetime_interval_string_as_datetime_fn_meta(),True,True,True,False,True,,False,,True,adddate;date_add;date_sub;subdate,,no_annotated_direct_loader,,engine_dispatch_adapter_gap_or_new_mapping_evidence,excluded,adddate;date_add;date_sub;subdate
6098,AddDateDatetimeInt,AddDateDatetimeInt,True,impl_time,add_date_time_datetime_interval_any_as_datetime_fn_meta::<i64>(),True,True,True,False,True,,False,,True,adddate;date_add;date_sub;subdate,,no_annotated_direct_loader,,engine_dispatch_adapter_gap_or_new_mapping_evidence,excluded,adddate;date_add;date_sub;subdate
6099,SubDateStringString,SubDateStringString,True,impl_time,sub_date_time_string_interval_string_as_string_fn_meta(),True,True,True,False,True,,False,,True,adddate;date_add;date_sub;subdate,,no_annotated_direct_loader,,engine_dispatch_adapter_gap_or_new_mapping_evidence,excluded,adddate;date_add;date_sub;subdate
6100,SubDateStringInt,SubDateStringInt,True,impl_time,sub_date_time_string_interval_any_as_string_fn_meta::<i64>(),True,True,True,False,True,,False,,True,adddate;date_add;date_sub;subdate,,no_annotated_direct_loader,,engine_dispatch_adapter_gap_or_new_mapping_evidence,excluded,adddate;date_add;date_sub;subdate
6101,SubDateStringDecimal,SubDateStringDecimal,True,impl_time,sub_date_time_string_interval_any_as_string_fn_meta::<Decimal>(),True,True,True,False,True,,False,,True,adddate;date_add;date_sub;subdate,,no_annotated_direct_loader,,engine_dispatch_adapter_gap_or_new_mapping_evidence,excluded,adddate;date_add;date_sub;subdate
6102,SubDateIntString,SubDateIntString,True,impl_time,sub_date_time_any_interval_string_as_string_fn_meta::<i64>(),True,True,True,False,True,,False,,True,adddate;date_add;date_sub;subdate,,no_annotated_direct_loader,,engine_dispatch_adapter_gap_or_new_mapping_evidence,excluded,adddate;date_add;date_sub;subdate
6103,SubDateIntInt,SubDateIntInt,True,impl_time,"sub_date_time_any_interval_any_as_string_fn_meta::<i64, i64>()",True,True,True,False,True,,False,,True,adddate;date_add;date_sub;subdate,,no_annotated_direct_loader,,engine_dispatch_adapter_gap_or_new_mapping_evidence,excluded,adddate;date_add;date_sub;subdate
6104,SubDateDatetimeString,SubDateDatetimeString,True,impl_time,sub_date_time_datetime_interval_string_as_datetime_fn_meta(),True,True,True,False,True,,False,,True,adddate;date_add;date_sub;subdate,,no_annotated_direct_loader,,engine_dispatch_adapter_gap_or_new_mapping_evidence,excluded,adddate;date_add;date_sub;subdate
6105,SubDateDatetimeInt,SubDateDatetimeInt,True,impl_time,sub_date_time_datetime_interval_any_as_datetime_fn_meta::<i64>(),True,True,True,False,True,,False,,True,adddate;date_add;date_sub;subdate,,no_annotated_direct_loader,,engine_dispatch_adapter_gap_or_new_mapping_evidence,excluded,adddate;date_add;date_sub;subdate
6106,FromDays,FromDays,True,impl_time,from_days_fn_meta(),True,False,False,False,True,,False,,False,from_days,,no_annotated_direct_loader,,engine_dispatch_adapter_gap_or_new_mapping_evidence,excluded,from_days
6107,TimeFormat,,False,,,False,False,False,False,False,,False,,False,time_format,,no_dispatch,,not_dispatched_by_engine,excluded,time_format
6108,TimestampDiff,TimestampDiff,True,impl_time,timestamp_diff_fn_meta(),True,True,True,False,True,,False,,True,timestampdiff,,no_annotated_direct_loader,,engine_dispatch_adapter_gap_or_new_mapping_evidence,admitted,timestampdiff
6109,SubDateStringReal,SubDateStringReal,True,impl_time,sub_date_time_string_interval_any_as_string_fn_meta::<Real>(),True,True,True,False,True,,False,,True,adddate;date_add;date_sub;subdate,,no_annotated_direct_loader,,engine_dispatch_adapter_gap_or_new_mapping_evidence,excluded,adddate;date_add;date_sub;subdate
6110,SubDateIntReal,SubDateIntReal,True,impl_time,"sub_date_time_any_interval_any_as_string_fn_meta::<i64, Real>()",True,True,True,False,True,,False,,True,adddate;date_add;date_sub;subdate,,no_annotated_direct_loader,,engine_dispatch_adapter_gap_or_new_mapping_evidence,excluded,adddate;date_add;date_sub;subdate
6111,SubDateIntDecimal,SubDateIntDecimal,True,impl_time,"sub_date_time_any_interval_any_as_string_fn_meta::<i64, Decimal>()",True,True,True,False,True,,False,,True,adddate;date_add;date_sub;subdate,,no_annotated_direct_loader,,engine_dispatch_adapter_gap_or_new_mapping_evidence,excluded,adddate;date_add;date_sub;subdate
6112,SubDateDatetimeReal,SubDateDatetimeReal,True,impl_time,sub_date_time_datetime_interval_any_as_datetime_fn_meta::<Real>(),True,True,True,False,True,,False,,True,adddate;date_add;date_sub;subdate,,no_annotated_direct_loader,,engine_dispatch_adapter_gap_or_new_mapping_evidence,excluded,adddate;date_add;date_sub;subdate
6113,SubDateDatetimeDecimal,SubDateDatetimeDecimal,True,impl_time,sub_date_time_datetime_interval_any_as_datetime_fn_meta::<Decimal>(),True,True,True,False,True,,False,,True,adddate;date_add;date_sub;subdate,,no_annotated_direct_loader,,engine_dispatch_adapter_gap_or_new_mapping_evidence,excluded,adddate;date_add;date_sub;subdate
6114,SubDateDurationString,SubDateDurationString,True,impl_time,sub_date_time_duration_interval_string_as_duration_fn_meta(),True,True,True,False,True,,False,,True,adddate;date_add;date_sub;subdate,,no_annotated_direct_loader,,engine_dispatch_adapter_gap_or_new_mapping_evidence,excluded,adddate;date_add;date_sub;subdate
6115,SubDateDurationInt,SubDateDurationInt,True,impl_time,sub_date_time_duration_interval_any_as_duration_fn_meta::<i64>(),True,True,True,False,True,,False,,True,adddate;date_add;date_sub;subdate,,no_annotated_direct_loader,,engine_dispatch_adapter_gap_or_new_mapping_evidence,excluded,adddate;date_add;date_sub;subdate
6116,SubDateDurationReal,SubDateDurationReal,True,impl_time,sub_date_time_duration_interval_any_as_duration_fn_meta::<Real>(),True,True,True,False,True,,False,,True,adddate;date_add;date_sub;subdate,,no_annotated_direct_loader,,engine_dispatch_adapter_gap_or_new_mapping_evidence,excluded,adddate;date_add;date_sub;subdate
6117,SubDateDurationDecimal,SubDateDurationDecimal,True,impl_time,sub_date_time_duration_interval_any_as_duration_fn_meta::<Decimal>(),True,True,True,False,True,,False,,True,adddate;date_add;date_sub;subdate,,no_annotated_direct_loader,,engine_dispatch_adapter_gap_or_new_mapping_evidence,excluded,adddate;date_add;date_sub;subdate
6118,AddDateStringReal,AddDateStringReal,True,impl_time,add_date_time_string_interval_any_as_string_fn_meta::<Real>(),True,True,True,False,True,,False,,True,adddate;date_add;date_sub;subdate,,no_annotated_direct_loader,,engine_dispatch_adapter_gap_or_new_mapping_evidence,excluded,adddate;date_add;date_sub;subdate
6119,AddDateIntReal,AddDateIntReal,True,impl_time,"add_date_time_any_interval_any_as_string_fn_meta::<i64, Real>()",True,True,True,False,True,,False,,True,adddate;date_add;date_sub;subdate,,no_annotated_direct_loader,,engine_dispatch_adapter_gap_or_new_mapping_evidence,excluded,adddate;date_add;date_sub;subdate
6120,AddDateIntDecimal,AddDateIntDecimal,True,impl_time,"add_date_time_any_interval_any_as_string_fn_meta::<i64, Decimal>()",True,True,True,False,True,,False,,True,adddate;date_add;date_sub;subdate,,no_annotated_direct_loader,,engine_dispatch_adapter_gap_or_new_mapping_evidence,excluded,adddate;date_add;date_sub;subdate
6121,AddDateDatetimeReal,AddDateDatetimeReal,True,impl_time,add_date_time_datetime_interval_any_as_datetime_fn_meta::<Real>(),True,True,True,False,True,,False,,True,adddate;date_add;date_sub;subdate,,no_annotated_direct_loader,,engine_dispatch_adapter_gap_or_new_mapping_evidence,excluded,adddate;date_add;date_sub;subdate
6122,AddDateDatetimeDecimal,AddDateDatetimeDecimal,True,impl_time,add_date_time_datetime_interval_any_as_datetime_fn_meta::<Decimal>(),True,True,True,False,True,,False,,True,adddate;date_add;date_sub;subdate,,no_annotated_direct_loader,,engine_dispatch_adapter_gap_or_new_mapping_evidence,excluded,adddate;date_add;date_sub;subdate
6123,AddDateDurationString,AddDateDurationString,True,impl_time,add_date_time_duration_interval_string_as_duration_fn_meta(),True,True,True,False,True,,False,,True,adddate;date_add;date_sub;subdate,,no_annotated_direct_loader,,engine_dispatch_adapter_gap_or_new_mapping_evidence,excluded,adddate;date_add;date_sub;subdate
6124,AddDateDurationInt,AddDateDurationInt,True,impl_time,add_date_time_duration_interval_any_as_duration_fn_meta::<i64>(),True,True,True,False,True,,False,,True,adddate;date_add;date_sub;subdate,,no_annotated_direct_loader,,engine_dispatch_adapter_gap_or_new_mapping_evidence,excluded,adddate;date_add;date_sub;subdate
6125,AddDateDurationReal,AddDateDurationReal,True,impl_time,add_date_time_duration_interval_any_as_duration_fn_meta::<Real>(),True,True,True,False,True,,False,,True,adddate;date_add;date_sub;subdate,,no_annotated_direct_loader,,engine_dispatch_adapter_gap_or_new_mapping_evidence,excluded,adddate;date_add;date_sub;subdate
6126,AddDateDurationDecimal,AddDateDurationDecimal,True,impl_time,add_date_time_duration_interval_any_as_duration_fn_meta::<Decimal>(),True,True,True,False,True,,False,,True,adddate;date_add;date_sub;subdate,,no_annotated_direct_loader,,engine_dispatch_adapter_gap_or_new_mapping_evidence,excluded,adddate;date_add;date_sub;subdate
6127,ExtractDatetimeFromString,,False,,,False,False,False,False,False,,False,,False,extract,,no_dispatch,,not_dispatched_by_engine,admitted,extract
6128,AddDateRealString,AddDateRealString,True,impl_time,add_date_time_any_interval_string_as_string_fn_meta::<Real>(),True,True,True,False,True,,False,,True,adddate;date_add;date_sub;subdate,,no_annotated_direct_loader,,engine_dispatch_adapter_gap_or_new_mapping_evidence,excluded,adddate;date_add;date_sub;subdate
6129,AddDateRealInt,AddDateRealInt,True,impl_time,"add_date_time_any_interval_any_as_string_fn_meta::<Real, i64>()",True,True,True,False,True,,False,,True,adddate;date_add;date_sub;subdate,,no_annotated_direct_loader,,engine_dispatch_adapter_gap_or_new_mapping_evidence,excluded,adddate;date_add;date_sub;subdate
6130,AddDateRealReal,AddDateRealReal,True,impl_time,"add_date_time_any_interval_any_as_string_fn_meta::<Real, Real>()",True,True,True,False,True,,False,,True,adddate;date_add;date_sub;subdate,,no_annotated_direct_loader,,engine_dispatch_adapter_gap_or_new_mapping_evidence,excluded,adddate;date_add;date_sub;subdate
6131,AddDateRealDecimal,AddDateRealDecimal,True,impl_time,"add_date_time_any_interval_any_as_string_fn_meta::<Real, Decimal>()",True,True,True,False,True,,False,,True,adddate;date_add;date_sub;subdate,,no_annotated_direct_loader,,engine_dispatch_adapter_gap_or_new_mapping_evidence,excluded,adddate;date_add;date_sub;subdate
6132,AddDateDecimalString,AddDateDecimalString,True,impl_time,add_date_time_any_interval_string_as_string_fn_meta::<Decimal>(),True,True,True,False,True,,False,,True,adddate;date_add;date_sub;subdate,,no_annotated_direct_loader,,engine_dispatch_adapter_gap_or_new_mapping_evidence,excluded,adddate;date_add;date_sub;subdate
6133,AddDateDecimalInt,AddDateDecimalInt,True,impl_time,"add_date_time_any_interval_any_as_string_fn_meta::<Decimal, i64>()",True,True,True,False,True,,False,,True,adddate;date_add;date_sub;subdate,,no_annotated_direct_loader,,engine_dispatch_adapter_gap_or_new_mapping_evidence,excluded,adddate;date_add;date_sub;subdate
6134,AddDateDecimalReal,AddDateDecimalReal,True,impl_time,"add_date_time_any_interval_any_as_string_fn_meta::<Decimal, Real>()",True,True,True,False,True,,False,,True,adddate;date_add;date_sub;subdate,,no_annotated_direct_loader,,engine_dispatch_adapter_gap_or_new_mapping_evidence,excluded,adddate;date_add;date_sub;subdate
6135,AddDateDecimalDecimal,AddDateDecimalDecimal,True,impl_time,"add_date_time_any_interval_any_as_string_fn_meta::<Decimal, Decimal>()",True,True,True,False,True,,False,,True,adddate;date_add;date_sub;subdate,,no_annotated_direct_loader,,engine_dispatch_adapter_gap_or_new_mapping_evidence,excluded,adddate;date_add;date_sub;subdate
6136,SubDateRealString,SubDateRealString,True,impl_time,sub_date_time_any_interval_string_as_string_fn_meta::<Real>(),True,True,True,False,True,,False,,True,adddate;date_add;date_sub;subdate,,no_annotated_direct_loader,,engine_dispatch_adapter_gap_or_new_mapping_evidence,excluded,adddate;date_add;date_sub;subdate
6137,SubDateRealInt,SubDateRealInt,True,impl_time,"sub_date_time_any_interval_any_as_string_fn_meta::<Real, i64>()",True,True,True,False,True,,False,,True,adddate;date_add;date_sub;subdate,,no_annotated_direct_loader,,engine_dispatch_adapter_gap_or_new_mapping_evidence,excluded,adddate;date_add;date_sub;subdate
6138,SubDateRealReal,SubDateRealReal,True,impl_time,"sub_date_time_any_interval_any_as_string_fn_meta::<Real, Real>()",True,True,True,False,True,,False,,True,adddate;date_add;date_sub;subdate,,no_annotated_direct_loader,,engine_dispatch_adapter_gap_or_new_mapping_evidence,excluded,adddate;date_add;date_sub;subdate
6139,SubDateRealDecimal,SubDateRealDecimal,True,impl_time,"sub_date_time_any_interval_any_as_string_fn_meta::<Real, Decimal>()",True,True,True,False,True,,False,,True,adddate;date_add;date_sub;subdate,,no_annotated_direct_loader,,engine_dispatch_adapter_gap_or_new_mapping_evidence,excluded,adddate;date_add;date_sub;subdate
6140,SubDateDecimalString,SubDateDecimalString,True,impl_time,sub_date_time_any_interval_string_as_string_fn_meta::<Decimal>(),True,True,True,False,True,,False,,True,adddate;date_add;date_sub;subdate,,no_annotated_direct_loader,,engine_dispatch_adapter_gap_or_new_mapping_evidence,excluded,adddate;date_add;date_sub;subdate
6141,SubDateDecimalInt,SubDateDecimalInt,True,impl_time,"sub_date_time_any_interval_any_as_string_fn_meta::<Decimal, i64>()",True,True,True,False,True,,False,,True,adddate;date_add;date_sub;subdate,,no_annotated_direct_loader,,engine_dispatch_adapter_gap_or_new_mapping_evidence,excluded,adddate;date_add;date_sub;subdate
6142,SubDateDecimalReal,SubDateDecimalReal,True,impl_time,"sub_date_time_any_interval_any_as_string_fn_meta::<Decimal, Real>()",True,True,True,False,True,,False,,True,adddate;date_add;date_sub;subdate,,no_annotated_direct_loader,,engine_dispatch_adapter_gap_or_new_mapping_evidence,excluded,adddate;date_add;date_sub;subdate
6143,SubDateDecimalDecimal,SubDateDecimalDecimal,True,impl_time,"sub_date_time_any_interval_any_as_string_fn_meta::<Decimal, Decimal>()",True,True,True,False,True,,False,,True,adddate;date_add;date_sub;subdate,,no_annotated_direct_loader,,engine_dispatch_adapter_gap_or_new_mapping_evidence,excluded,adddate;date_add;date_sub;subdate
6144,AddDateDurationStringDatetime,AddDateDurationStringDatetime,True,impl_time,add_date_time_duration_interval_string_as_datetime_fn_meta(),True,True,True,False,False,,False,,True,adddate;date_add;date_sub;subdate,,no_annotated_direct_loader,current_date_clock_context,engine_dispatch_semantic_exclusion_or_review,excluded,adddate;date_add;date_sub;subdate
6145,AddDateDurationIntDatetime,AddDateDurationIntDatetime,True,impl_time,add_date_time_duration_interval_any_as_datetime_fn_meta::<i64>(),True,True,True,False,False,,False,,True,adddate;date_add;date_sub;subdate,,no_annotated_direct_loader,current_date_clock_context,engine_dispatch_semantic_exclusion_or_review,excluded,adddate;date_add;date_sub;subdate
6146,AddDateDurationRealDatetime,AddDateDurationRealDatetime,True,impl_time,add_date_time_duration_interval_any_as_datetime_fn_meta::<Real>(),True,True,True,False,False,,False,,True,adddate;date_add;date_sub;subdate,,no_annotated_direct_loader,current_date_clock_context,engine_dispatch_semantic_exclusion_or_review,excluded,adddate;date_add;date_sub;subdate
6147,AddDateDurationDecimalDatetime,AddDateDurationDecimalDatetime,True,impl_time,add_date_time_duration_interval_any_as_datetime_fn_meta::<Decimal>(),True,True,True,False,False,,False,,True,adddate;date_add;date_sub;subdate,,no_annotated_direct_loader,current_date_clock_context,engine_dispatch_semantic_exclusion_or_review,excluded,adddate;date_add;date_sub;subdate
6148,SubDateDurationStringDatetime,SubDateDurationStringDatetime,True,impl_time,sub_date_time_duration_interval_string_as_datetime_fn_meta(),True,True,True,False,False,,False,,True,adddate;date_add;date_sub;subdate,,no_annotated_direct_loader,current_date_clock_context,engine_dispatch_semantic_exclusion_or_review,excluded,adddate;date_add;date_sub;subdate
6149,SubDateDurationIntDatetime,SubDateDurationIntDatetime,True,impl_time,sub_date_time_duration_interval_any_as_datetime_fn_meta::<i64>(),True,True,True,False,False,,False,,True,adddate;date_add;date_sub;subdate,,no_annotated_direct_loader,current_date_clock_context,engine_dispatch_semantic_exclusion_or_review,excluded,adddate;date_add;date_sub;subdate
6150,SubDateDurationRealDatetime,SubDateDurationRealDatetime,True,impl_time,sub_date_time_duration_interval_any_as_datetime_fn_meta::<Real>(),True,True,True,False,False,,False,,True,adddate;date_add;date_sub;subdate,,no_annotated_direct_loader,current_date_clock_context,engine_dispatch_semantic_exclusion_or_review,excluded,adddate;date_add;date_sub;subdate
6151,SubDateDurationDecimalDatetime,SubDateDurationDecimalDatetime,True,impl_time,sub_date_time_duration_interval_any_as_datetime_fn_meta::<Decimal>(),True,True,True,False,False,,False,,True,adddate;date_add;date_sub;subdate,,no_annotated_direct_loader,current_date_clock_context,engine_dispatch_semantic_exclusion_or_review,excluded,adddate;date_add;date_sub;subdate
7001,BitLength,BitLength,True,impl_string,bit_length_fn_meta(),True,False,False,False,True,,True,,False,bit_length,,no_annotated_direct_loader,,engine_dispatch_adapter_gap_or_new_mapping_evidence,admitted,bit_length
7002,Bin,Bin,True,impl_string,bin_fn_meta(),True,False,False,False,True,,False,,False,bin,,no_annotated_direct_loader,,engine_dispatch_adapter_gap_or_new_mapping_evidence,admitted,bin
7003,ASCII,Ascii,True,impl_string,ascii_fn_meta(),True,False,False,False,True,,True,,False,ascii,,no_annotated_direct_loader,,engine_dispatch_adapter_gap_or_new_mapping_evidence,admitted,ascii
7004,Char,,False,,,False,False,False,False,False,,False,,False,char_func,,no_dispatch,,not_dispatched_by_engine,excluded,char_func
7005,CharLengthUTF8,CharLengthUtf8,True,impl_string,char_length_utf8_fn_meta(),True,True,True,False,True,,False,,True,char_length;character_length,,no_annotated_direct_loader,,engine_dispatch_adapter_gap_or_new_mapping_evidence,admitted,char_length;character_length
7006,Concat,Concat,True,impl_string,concat_fn_meta(),True,False,False,False,False,,True,,False,concat,,no_annotated_direct_loader,max_allowed_packet_not_in_facade_context,engine_dispatch_semantic_exclusion_or_review,excluded,concat
7007,ConcatWS,ConcatWs,True,impl_string,concat_ws_fn_meta(),True,False,False,False,False,,False,,False,concat_ws,,no_annotated_direct_loader,max_allowed_packet_not_in_facade_context,engine_dispatch_semantic_exclusion_or_review,excluded,concat_ws
7008,Convert,,False,,,False,False,False,False,False,,False,,False,convert,,no_dispatch,,not_dispatched_by_engine,excluded,convert
7009,Elt,Elt,True,impl_string,elt_fn_meta().with_lazy(lazy_elt),True,False,False,False,True,,False,,False,elt,,no_annotated_direct_loader,,engine_dispatch_adapter_gap_or_new_mapping_evidence,admitted,elt
7010,ExportSet3Arg,,False,,,False,False,False,False,False,,False,,False,export_set,,no_dispatch,,not_dispatched_by_engine,excluded,export_set
7011,ExportSet4Arg,,False,,,False,False,False,False,False,,False,,False,export_set,,no_dispatch,,not_dispatched_by_engine,excluded,export_set
7012,ExportSet5Arg,,False,,,False,False,False,False,False,,False,,False,export_set,,no_dispatch,,not_dispatched_by_engine,excluded,export_set
7013,FieldInt,FieldInt,True,impl_string,field_fn_meta::<Int>().with_lazy(lazy_field::<Int>),True,False,False,False,False,comparison:{prefix}{},False,,False,field,,no_annotated_direct_loader,,engine_dispatch_adapter_gap_or_new_mapping_evidence,admitted,field
7014,FieldReal,FieldReal,True,impl_string,field_fn_meta::<Real>().with_lazy(lazy_field::<Real>),True,False,False,False,False,comparison:{prefix}{},False,,False,field,,no_annotated_direct_loader,,engine_dispatch_adapter_gap_or_new_mapping_evidence,admitted,field
7015,FieldString,FieldString,True,impl_string,map_field_string_sig(ft)?,True,False,False,False,False,comparison:{prefix}{},False,,False,field,,mapper_requires_runtime_probe,,engine_dispatch_adapter_gap_or_new_mapping_evidence,admitted,field
7016,FindInSet,FindInSet,True,impl_string,map_find_in_set_sig(ft)?,True,False,False,False,True,,False,,False,find_in_set,,mapper_requires_runtime_probe,,engine_dispatch_adapter_gap_or_new_mapping_evidence,admitted,find_in_set
7017,Format,,False,,,False,False,False,False,False,,False,,False,format,,no_dispatch,,not_dispatched_by_engine,excluded,format
7018,FormatWithLocale,,False,,,False,False,False,False,False,,False,,False,format,,no_dispatch,,not_dispatched_by_engine,excluded,format
7019,FromBase64,FromBase64,True,impl_string,from_base64_fn_meta(),True,False,False,False,False,,False,,False,from_base64,,no_annotated_direct_loader,max_allowed_packet_not_in_facade_context,engine_dispatch_semantic_exclusion_or_review,excluded,from_base64
7020,HexIntArg,HexIntArg,True,impl_string,hex_int_arg_fn_meta(),True,False,False,False,True,,False,,False,hex,,no_annotated_direct_loader,,engine_dispatch_adapter_gap_or_new_mapping_evidence,admitted,hex
7021,HexStrArg,HexStrArg,True,impl_string,hex_str_arg_fn_meta(),True,False,False,False,True,,False,,False,hex,,no_annotated_direct_loader,,engine_dispatch_adapter_gap_or_new_mapping_evidence,admitted,hex
7022,InsertUTF8,InsertUtf8,True,impl_string,insert_utf8_fn_meta(),True,False,False,False,False,,False,,False,insert_func,,no_annotated_direct_loader,max_allowed_packet_not_in_facade_context,engine_dispatch_semantic_exclusion_or_review,excluded,insert_func
7023,Insert,Insert,True,impl_string,insert_fn_meta(),True,False,False,False,False,,False,,False,insert_func,,no_annotated_direct_loader,max_allowed_packet_not_in_facade_context,engine_dispatch_semantic_exclusion_or_review,excluded,insert_func
7024,InstrUTF8,InstrUtf8,True,impl_string,instr_utf8_fn_meta(),True,False,False,False,True,,False,,False,instr,,no_annotated_direct_loader,,engine_dispatch_adapter_gap_or_new_mapping_evidence,admitted,instr
7025,Instr,Instr,True,impl_string,instr_fn_meta(),True,False,False,False,True,,False,,False,instr,,no_annotated_direct_loader,,engine_dispatch_adapter_gap_or_new_mapping_evidence,admitted,instr
7026,LTrim,LTrim,True,impl_string,ltrim_fn_meta(),True,False,False,False,True,,False,,False,ltrim,,no_annotated_direct_loader,,engine_dispatch_adapter_gap_or_new_mapping_evidence,admitted,ltrim
7027,LeftUTF8,LeftUtf8,True,impl_string,left_utf8_fn_meta(),True,False,False,False,True,,False,,False,left,,no_annotated_direct_loader,,engine_dispatch_adapter_gap_or_new_mapping_evidence,admitted,left
7028,Left,Left,True,impl_string,left_fn_meta(),True,False,False,False,True,,False,,False,left,,no_annotated_direct_loader,,engine_dispatch_adapter_gap_or_new_mapping_evidence,admitted,left
7029,Length,Length,True,impl_string,length_fn_meta(),True,True,True,True,True,,True,,False,length;octet_length,,annotated_kernel_type_and_tree_dependent,,baseline_adapter_signature_with_shape_restrictions,admitted,length;octet_length
7030,Locate2ArgsUTF8,Locate2ArgsUtf8,True,impl_string,map_locate_2_args_utf8_sig(ft)?,True,False,False,False,True,,False,,False,locate;position,,mapper_requires_runtime_probe,,engine_dispatch_adapter_gap_or_new_mapping_evidence,admitted,locate;position
7031,Locate3ArgsUTF8,Locate3ArgsUtf8,True,impl_string,map_locate_3_args_utf8_sig(ft)?,True,False,False,False,True,,False,,False,locate;position,,mapper_requires_runtime_probe,,engine_dispatch_adapter_gap_or_new_mapping_evidence,admitted,locate;position
7032,Locate2Args,Locate2Args,True,impl_string,locate_2_args_fn_meta(),True,False,False,False,True,,False,,False,locate;position,,no_annotated_direct_loader,,engine_dispatch_adapter_gap_or_new_mapping_evidence,admitted,locate;position
7033,Locate3Args,Locate3Args,True,impl_string,locate_3_args_fn_meta(),True,False,False,False,True,,False,,False,locate;position,,no_annotated_direct_loader,,engine_dispatch_adapter_gap_or_new_mapping_evidence,admitted,locate;position
7034,Lower,Lower,True,impl_string,lower_fn_meta(),True,True,True,False,True,,False,,True,lcase;lower,,no_annotated_direct_loader,,engine_dispatch_adapter_gap_or_new_mapping_evidence,admitted,lcase;lower
7035,LpadUTF8,LpadUtf8,True,impl_string,lpad_utf8_fn_meta(),True,False,False,False,False,,False,,False,lpad,,no_annotated_direct_loader,max_allowed_packet_not_in_facade_context,engine_dispatch_semantic_exclusion_or_review,excluded,lpad
7036,Lpad,Lpad,True,impl_string,lpad_fn_meta(),True,False,False,False,False,,False,,False,lpad,,no_annotated_direct_loader,max_allowed_packet_not_in_facade_context,engine_dispatch_semantic_exclusion_or_review,excluded,lpad
7037,MakeSet,MakeSet,True,impl_string,make_set_fn_meta(),True,False,False,False,False,,False,,False,make_set,,no_annotated_direct_loader,,engine_dispatch_adapter_gap_or_new_mapping_evidence,excluded,make_set
7038,OctInt,OctInt,True,impl_string,oct_int_fn_meta(),True,False,False,False,True,,False,,False,oct,,no_annotated_direct_loader,,engine_dispatch_adapter_gap_or_new_mapping_evidence,admitted,oct
7039,OctString,OctString,True,impl_string,oct_string_fn_meta(),True,False,False,False,True,,False,,False,oct,,no_annotated_direct_loader,,engine_dispatch_adapter_gap_or_new_mapping_evidence,admitted,oct
7040,Ord,Ord,True,impl_string,map_ord_sig(ft)?,True,False,False,False,True,,False,,False,ord,,mapper_requires_runtime_probe,,engine_dispatch_adapter_gap_or_new_mapping_evidence,admitted,ord
7041,Quote,Quote,True,impl_string,quote_fn_meta(),True,False,False,False,True,,False,,False,quote,,no_annotated_direct_loader,,engine_dispatch_adapter_gap_or_new_mapping_evidence,admitted,quote
7042,RTrim,RTrim,True,impl_string,rtrim_fn_meta(),True,False,False,False,True,,False,,False,rtrim,,no_annotated_direct_loader,,engine_dispatch_adapter_gap_or_new_mapping_evidence,admitted,rtrim
7043,Repeat,Repeat,True,impl_string,repeat_fn_meta(),True,False,False,False,False,,False,,False,repeat,,no_annotated_direct_loader,max_allowed_packet_not_in_facade_context,engine_dispatch_semantic_exclusion_or_review,excluded,repeat
7044,Replace,Replace,True,impl_string,replace_fn_meta(),True,False,False,False,True,,False,,False,replace,,no_annotated_direct_loader,,engine_dispatch_adapter_gap_or_new_mapping_evidence,admitted,replace
7045,ReverseUTF8,ReverseUtf8,True,impl_string,reverse_utf8_fn_meta(),True,False,False,False,True,,False,,False,reverse,,no_annotated_direct_loader,,engine_dispatch_adapter_gap_or_new_mapping_evidence,admitted,reverse
7046,Reverse,Reverse,True,impl_string,reverse_fn_meta(),True,False,False,False,True,,False,,False,reverse,,no_annotated_direct_loader,,engine_dispatch_adapter_gap_or_new_mapping_evidence,admitted,reverse
7047,RightUTF8,RightUtf8,True,impl_string,right_utf8_fn_meta(),True,False,False,False,True,,False,,False,right,,no_annotated_direct_loader,,engine_dispatch_adapter_gap_or_new_mapping_evidence,admitted,right
7048,Right,Right,True,impl_string,right_fn_meta(),True,False,False,False,True,,False,,False,right,,no_annotated_direct_loader,,engine_dispatch_adapter_gap_or_new_mapping_evidence,admitted,right
7049,RpadUTF8,RpadUtf8,True,impl_string,rpad_utf8_fn_meta(),True,False,False,False,False,,False,,False,rpad,,no_annotated_direct_loader,max_allowed_packet_not_in_facade_context,engine_dispatch_semantic_exclusion_or_review,excluded,rpad
7050,Rpad,Rpad,True,impl_string,rpad_fn_meta(),True,False,False,False,False,,False,,False,rpad,,no_annotated_direct_loader,max_allowed_packet_not_in_facade_context,engine_dispatch_semantic_exclusion_or_review,excluded,rpad
7051,Space,Space,True,impl_string,space_fn_meta(),True,False,False,False,False,,False,,False,space,,no_annotated_direct_loader,max_allowed_packet_not_in_facade_context,engine_dispatch_semantic_exclusion_or_review,excluded,space
7052,Strcmp,Strcmp,True,impl_string,map_strcmp_sig(ft)?,True,False,False,False,True,,False,,False,strcmp,,mapper_requires_runtime_probe,,engine_dispatch_adapter_gap_or_new_mapping_evidence,admitted,strcmp
7053,Substring2ArgsUTF8,Substring2ArgsUtf8,True,impl_string,substring_2_args_utf8_fn_meta(),True,True,True,False,True,,False,,True,mid;substr;substring,,no_annotated_direct_loader,,engine_dispatch_adapter_gap_or_new_mapping_evidence,admitted,mid;substr;substring
7054,Substring3ArgsUTF8,Substring3ArgsUtf8,True,impl_string,substring_3_args_utf8_fn_meta(),True,True,True,False,True,,False,,True,mid;substr;substring,,no_annotated_direct_loader,,engine_dispatch_adapter_gap_or_new_mapping_evidence,admitted,mid;substr;substring
7055,Substring2Args,Substring2Args,True,impl_string,substring_2_args_fn_meta(),True,True,True,False,True,,False,,True,mid;substr;substring,,no_annotated_direct_loader,,engine_dispatch_adapter_gap_or_new_mapping_evidence,admitted,mid;substr;substring
7056,Substring3Args,Substring3Args,True,impl_string,substring_3_args_fn_meta(),True,True,True,False,True,,False,,True,mid;substr;substring,,no_annotated_direct_loader,,engine_dispatch_adapter_gap_or_new_mapping_evidence,admitted,mid;substr;substring
7057,SubstringIndex,SubstringIndex,True,impl_string,substring_index_fn_meta(),True,False,False,False,True,,False,,False,substring_index,,no_annotated_direct_loader,,engine_dispatch_adapter_gap_or_new_mapping_evidence,admitted,substring_index
7058,ToBase64,ToBase64,True,impl_string,to_base64_fn_meta(),True,False,False,False,False,,False,,False,to_base64,,no_annotated_direct_loader,max_allowed_packet_not_in_facade_context,engine_dispatch_semantic_exclusion_or_review,excluded,to_base64
7059,Trim1Arg,Trim1Arg,True,impl_string,trim_1_arg_fn_meta(),True,False,False,False,True,,False,,False,trim,,no_annotated_direct_loader,,engine_dispatch_adapter_gap_or_new_mapping_evidence,admitted,trim
7060,Trim2Args,Trim2Args,True,impl_string,trim_2_args_fn_meta(),True,False,False,False,True,,False,,False,trim,,no_annotated_direct_loader,,engine_dispatch_adapter_gap_or_new_mapping_evidence,admitted,trim
7061,Trim3Args,Trim3Args,True,impl_string,trim_3_args_fn_meta(),True,False,False,False,True,,False,,False,trim,,no_annotated_direct_loader,,engine_dispatch_adapter_gap_or_new_mapping_evidence,admitted,trim
7062,UnHex,UnHex,True,impl_string,unhex_fn_meta(),True,False,False,False,True,,False,,False,unhex,,no_annotated_direct_loader,,engine_dispatch_adapter_gap_or_new_mapping_evidence,admitted,unhex
7063,UpperUTF8,UpperUtf8,True,impl_string,"map_upper_utf8_sig(value, children)?",True,True,True,False,True,,False,,True,ucase;upper,,mapper_requires_runtime_probe,,engine_dispatch_adapter_gap_or_new_mapping_evidence,admitted,ucase;upper
7064,Upper,Upper,True,impl_string,upper_fn_meta(),True,True,True,False,True,,False,,True,ucase;upper,,no_annotated_direct_loader,,engine_dispatch_adapter_gap_or_new_mapping_evidence,admitted,ucase;upper
7065,CharLength,CharLength,True,impl_string,char_length_fn_meta(),True,True,True,False,True,,False,,True,char_length;character_length,,no_annotated_direct_loader,,engine_dispatch_adapter_gap_or_new_mapping_evidence,admitted,char_length;character_length
7066,LowerUTF8,LowerUtf8,True,impl_string,"map_lower_utf8_sig(value, children)?",True,True,True,False,True,,False,,True,lcase;lower,,mapper_requires_runtime_probe,,engine_dispatch_adapter_gap_or_new_mapping_evidence,admitted,lcase;lower
7067,GreatestDuration,GreatestDuration,True,impl_compare,greatest_duration_fn_meta().with_lazy(lazy_greatest::<Duration>),True,False,False,False,False,comparison:{prefix}{},False,,False,greatest,,no_annotated_direct_loader,,engine_dispatch_adapter_gap_or_new_mapping_evidence,admitted,greatest
7068,GreatestCmpStringAsTime,GreatestCmpStringAsTime,True,impl_compare,{,True,False,False,False,False,,False,,False,greatest,,no_annotated_direct_loader,,engine_dispatch_adapter_gap_or_new_mapping_evidence,admitted,greatest
7069,LeastDuration,LeastDuration,True,impl_compare,least_duration_fn_meta().with_lazy(lazy_least::<Duration>),True,False,False,False,False,comparison:{prefix}{},False,,False,least,,no_annotated_direct_loader,,engine_dispatch_adapter_gap_or_new_mapping_evidence,admitted,least
7070,LeastCmpStringAsTime,LeastCmpStringAsTime,True,impl_compare,{,True,False,False,False,False,,False,,False,least,,no_annotated_direct_loader,,engine_dispatch_adapter_gap_or_new_mapping_evidence,admitted,least
7071,ToBinary,ToBinary,True,impl_cast,map_to_binary_fn_sig(expr)?,True,False,False,False,True,,False,,False,,,mapper_requires_runtime_probe,,engine_dispatch_adapter_gap_or_new_mapping_evidence,untested,
7072,FromBinary,FromBinary,True,impl_cast,map_from_binary_fn_sig(expr)?,True,False,False,False,True,,False,,False,,,mapper_requires_runtime_probe,,engine_dispatch_adapter_gap_or_new_mapping_evidence,untested,
7073,GreatestCmpStringAsDate,GreatestCmpStringAsDate,True,impl_compare,{,True,False,False,False,False,,False,,False,greatest,,no_annotated_direct_loader,,engine_dispatch_adapter_gap_or_new_mapping_evidence,admitted,greatest
7074,LeastCmpStringAsDate,LeastCmpStringAsDate,True,impl_compare,{,True,False,False,False,False,,False,,False,least,,no_annotated_direct_loader,,engine_dispatch_adapter_gap_or_new_mapping_evidence,admitted,least
7075,GreatestDate,GreatestDate,True,impl_compare,greatest_datetime_fn_meta().with_lazy(lazy_greatest::<DateTime>),True,False,False,False,False,,False,,False,greatest,,no_annotated_direct_loader,,engine_dispatch_adapter_gap_or_new_mapping_evidence,admitted,greatest
7076,LeastDate,LeastDate,True,impl_compare,least_datetime_fn_meta().with_lazy(lazy_least::<DateTime>),True,False,False,False,False,,False,,False,least,,no_annotated_direct_loader,,engine_dispatch_adapter_gap_or_new_mapping_evidence,admitted,least
